,925hPa,850hPa,700hPa,500hPa,400hPa,300hPa,250hPa,200hPa,150hPa,100hPa,50hPa,30hPa,20hPa,10hPa
1969-01-01,2.805,2.9010000000000002,3.245,2.628,2.208,1.7280000000000002,3.036,8.019,7.542999999999999,11.469000000000001,17.987000000000002,18.256,14.489,6.317
1969-02-01,2.307,1.9969999999999999,1.893,1.7280000000000002,2.1830000000000003,4.111000000000001,6.64,10.122,13.097000000000001,18.342,21.779,16.094,12.592,6.893
1969-03-01,1.6340000000000001,2.1,3.08,2.5180000000000002,1.891,1.926,4.746,10.481,12.630999999999998,11.97,17.826,15.114,10.907,6.204
1969-04-01,2.3209999999999997,2.826,3.65,2.6069999999999998,1.97,1.4969999999999999,3.299,9.976,11.442,11.224,17.434,14.324000000000002,10.724,6.893
1969-05-01,1.382,2.552,3.556,3.202,2.574,4.135,7.252999999999999,9.007,11.205,8.589,15.681,13.557,11.190999999999999,7.682
1969-06-01,1.8090000000000002,2.0869999999999997,3.72,3.323,2.517,2.638,3.378,8.259,9.62,10.992,14.395999999999999,12.939,12.304,8.048
1969-07-01,2.164,3.556,4.041,2.878,2.7230000000000003,3.7910000000000004,4.276,3.819,4.012,6.405,13.525,13.552,12.112,7.114
1969-08-01,2.585,3.387,3.355,2.903,2.234,2.206,2.802,4.76,5.274,7.941,12.694,13.460999999999999,12.308,7.638
1969-09-01,3.322,3.344,3.9419999999999997,3.0589999999999997,2.401,1.7519999999999998,1.527,2.195,2.891,5.9879999999999995,12.970999999999998,12.84,11.812999999999999,6.725
1969-10-01,2.6430000000000002,2.938,2.7769999999999997,2.312,1.79,1.396,1.6440000000000001,1.841,2.496,4.963,12.42,12.845999999999998,10.764000000000001,6.46
1969-11-01,3.6039999999999996,5.0969999999999995,3.76,2.366,1.94,2.517,3.2089999999999996,4.613,6.104,9.916,14.142000000000001,13.927,10.52,5.12
1969-12-01,1.5530000000000002,2.353,2.379,2.18,1.805,1.39,1.774,3.84,5.6370000000000005,10.206,14.922,15.824000000000002,12.307,6.087999999999999
1970-01-01,1.094,1.777,2.169,1.7480000000000002,1.6030000000000002,1.4680000000000002,2.7289999999999996,5.172999999999999,8.22,9.196,15.383,14.118,9.905,6.336
1970-02-01,1.171,1.858,2.173,2.026,2.343,2.7310000000000003,6.2989999999999995,10.289000000000001,12.625,13.169,19.273,15.597999999999999,11.383,6.101
1970-03-01,2.048,2.133,2.665,2.557,2.634,5.043,7.584,12.895,13.789000000000001,10.895,18.526,15.467,11.478,6.744
1970-04-01,2.543,3.322,3.13,2.8789999999999996,3.576,4.402,7.894,10.245,10.974,13.362,18.309,14.53,10.878,7.376
1970-05-01,2.8280000000000003,3.7489999999999997,4.2219999999999995,3.298,2.755,2.218,2.498,8.008,10.932,9.891,17.592,15.056,10.889000000000001,7.034
1970-06-01,3.593,5.282,4.258,3.657,2.977,3.645,4.413,6.957999999999999,7.492000000000001,8.43,15.065,13.767000000000001,12.48,7.867999999999999
1970-07-01,2.992,3.495,3.589,3.082,2.9219999999999997,3.306,3.717,4.806,6.527,7.249,13.887,13.395,11.882,7.435
1970-08-01,3.792,4.422,4.047,3.1489999999999996,2.813,2.044,2.329,3.7289999999999996,4.481,6.571000000000001,12.88,12.398,12.209000000000001,7.763
1970-09-01,2.783,3.155,3.2689999999999997,2.676,1.933,1.959,1.641,1.815,2.116,5.71,12.626,12.627,11.415999999999999,7.291
1970-10-01,2.988,3.457,2.9560000000000004,2.271,1.703,1.0759999999999998,1.361,2.388,3.2739999999999996,6.332999999999999,13.294,13.2,10.687999999999999,6.246
1970-11-01,2.3,2.591,2.943,2.093,1.558,1.324,1.8359999999999999,1.9869999999999999,2.508,5.68,12.669,14.287,11.629000000000001,6.026
1970-12-01,2.136,3.1,2.523,1.883,1.4269999999999998,1.472,2.153,3.542,6.098,8.267000000000001,12.866,13.932,11.905999999999999,6.54
1971-01-01,2.344,1.6869999999999998,1.5290000000000001,1.53,1.052,2.377,4.024,5.757999999999999,7.684,13.222000000000001,15.958,16.637999999999998,13.276,6.596
1971-02-01,2.551,3.7910000000000004,3.12,2.2359999999999998,1.65,1.589,3.3280000000000003,5.393,9.488,6.815,16.212,15.565999999999999,12.953,5.972
1971-03-01,2.485,3.286,3.7889999999999997,2.653,2.096,2.905,4.686,8.103,11.380999999999998,12.645,17.551,15.623,11.872,6.146
1971-04-01,2.46,3.5660000000000003,4.002,2.87,2.443,2.289,3.884,8.769,11.713,10.505999999999998,16.625999999999998,15.11,11.876,6.9479999999999995
1971-05-01,3.465,4.459,4.044,3.283,2.6510000000000002,2.603,4.221,8.508,9.736,10.077,14.429,13.332,10.568,7.297999999999999
1971-06-01,2.059,3.3,3.6060000000000003,3.275,2.889,2.7260000000000004,4.002,7.785,8.419,9.142999999999999,14.065999999999999,13.884,11.91,7.037999999999999
1971-07-01,4.783,2.722,3.592,4.098,2.742,2.33,1.929,4.463,2.449,11.48,18.075,17.525,15.197000000000001,15.34
1971-08-01,2.508,2.6439999999999997,2.658,2.7089999999999996,2.0469999999999997,2.109,2.169,4.011,3.7539999999999996,6.867999999999999,13.082,13.777999999999999,12.751,7.824
1971-09-01,2.759,3.367,2.9930000000000003,2.291,1.8090000000000002,1.2570000000000001,1.358,2.113,2.9189999999999996,6.483,12.798,13.4,11.159,6.845
1971-10-01,2.8760000000000003,2.8930000000000002,3.09,2.181,1.597,0.9790000000000001,0.922,1.682,1.9069999999999998,5.051,11.732000000000001,12.142000000000001,10.572000000000001,6.404
1971-11-01,2.249,2.576,2.8539999999999996,2.476,1.4280000000000002,1.4569999999999999,2.748,3.6210000000000004,4.377,8.235,12.562999999999999,13.379000000000001,11.022,5.871
1971-12-01,1.643,2.428,2.741,1.815,1.4769999999999999,1.565,2.057,2.8569999999999998,2.654,7.335,13.477,14.584000000000001,12.5,6.846
1972-01-01,1.617,2.3080000000000003,2.432,1.815,1.715,1.546,1.915,5.544,6.047999999999999,8.487,15.470999999999998,16.167,12.663,6.662000000000001
1972-02-01,1.87,2.1390000000000002,2.997,2.145,1.665,1.765,3.364,6.724,7.643,9.429,16.673,15.850999999999999,11.165999999999999,7.18
1972-03-01,2.506,3.676,3.28,2.6719999999999997,2.241,2.112,3.435,5.718999999999999,7.18,10.620999999999999,18.465999999999998,14.940999999999999,11.140999999999998,6.556
1972-04-01,2.5639999999999996,3.4730000000000003,3.988,3.025,2.844,3.6910000000000003,5.707000000000001,7.978,6.57,8.376,16.397000000000002,13.772,10.84,7.024
1972-05-01,3.3569999999999998,3.68,4.236000000000001,3.377,2.889,2.8169999999999997,5.2589999999999995,7.305,7.086,10.144,15.068,12.936,11.286,7.852
1972-06-01,5.585,5.7860000000000005,5.876,4.7589999999999995,3.966,3.699,4.586,6.59,8.42,11.229000000000001,15.444,13.437999999999999,12.440999999999999,8.22
1972-07-01,3.205,3.625,3.783,3.234,2.8280000000000003,2.4459999999999997,3.2030000000000003,5.474,5.257000000000001,6.05,13.484000000000002,13.251,12.352,8.163
1972-08-01,3.074,3.4219999999999997,3.497,3.015,2.346,2.503,2.647,3.55,4.128,6.9910000000000005,12.42,11.743,11.042,7.167000000000001
1972-09-01,2.693,2.806,3.218,2.628,1.966,1.7819999999999998,2.9539999999999997,3.326,4.656000000000001,8.099,12.68,11.658,10.238999999999999,7.07
1972-10-01,3.2310000000000003,3.7230000000000003,3.427,2.6860000000000004,2.184,1.8019999999999998,1.534,1.855,2.6260000000000003,6.577999999999999,12.687000000000001,12.245999999999999,10.604000000000001,6.111000000000001
1972-11-01,2.964,3.364,3.457,2.6489999999999996,2.02,2.186,2.282,3.056,3.681,8.346,12.415,12.482000000000001,10.31,6.495
1972-12-01,3.6660000000000004,4.083,3.3280000000000003,2.491,1.963,1.5590000000000002,1.329,2.62,4.194,6.111000000000001,13.687999999999999,14.377,11.633,6.2379999999999995
1973-01-01,2.094,3.2569999999999997,3.1439999999999997,1.999,1.6769999999999998,1.621,2.093,4.13,6.146,8.699,13.867,14.05,11.074000000000002,6.0120000000000005
1973-02-01,3.7260000000000004,3.9139999999999997,3.839,2.915,2.338,3.205,4.591,9.496,8.267999999999999,10.744000000000002,17.679000000000002,13.87,10.785,5.752999999999999
1973-03-01,2.767,4.312,4.934,3.122,2.481,2.421,2.9530000000000003,8.174,10.821,11.392000000000001,15.321,13.876,10.267999999999999,5.122999999999999
1973-04-01,2.905,3.9739999999999998,4.04,3.409,2.82,3.275,3.9610000000000003,10.667,12.322000000000001,14.181,17.491,13.927999999999999,10.136000000000001,6.372000000000001
1973-05-01,3.745,4.638,4.599,4.021,3.2230000000000003,5.0889999999999995,8.931000000000001,12.394,13.123,11.062999999999999,13.545,13.548,10.687000000000001,6.327000000000001
1973-06-01,4.324,4.987,4.428,3.755,3.275,2.359,2.307,6.986000000000001,6.654,9.767000000000001,13.398,14.374,12.052,7.062
1973-07-01,2.813,4.3180000000000005,4.062,3.699,3.2880000000000003,2.97,4.083,7.562,6.7379999999999995,7.718,12.449000000000002,13.46,12.994000000000002,6.965
1973-08-01,5.995,6.3229999999999995,4.728,3.7769999999999997,2.549,1.601,1.807,2.986,4.035,7.604,11.927,11.225,11.610999999999999,6.829
1973-09-01,3.055,3.8560000000000003,3.759,3.284,2.508,2.224,2.6210000000000004,2.9219999999999997,3.215,6.1,12.017999999999999,11.773,9.238999999999999,5.723
1973-10-01,3.38,4.013999999999999,4.151,3.2039999999999997,2.4930000000000003,1.8019999999999998,1.899,3.3480000000000003,3.799,8.39,11.995999999999999,12.467,10.29,5.3020000000000005
1973-11-01,3.344,4.367,3.89,2.252,2.516,2.068,2.414,4.175,5.075,6.247999999999999,13.547,13.604000000000001,10.342,4.92
1973-12-01,1.6219999999999999,2.544,3.325,2.7430000000000003,2.2230000000000003,1.787,1.95,3.361,5.374,6.317,14.289000000000001,14.915999999999999,11.843,5.667000000000001
1974-01-01,3.284,3.602,3.467,2.489,1.993,1.472,1.311,2.7939999999999996,5.48,8.331,16.265,16.114,12.335999999999999,5.9639999999999995
1974-02-01,3.73,4.441,4.03,2.9539999999999997,2.2680000000000002,2.4219999999999997,2.784,6.428999999999999,9.16,9.787,16.535999999999998,16.207,10.2,5.112
1974-03-01,2.924,3.813,3.878,2.781,2.073,2.736,4.814,9.013,8.856,12.125,14.668,13.059000000000001,9.447000000000001,5.439
1974-04-01,3.158,3.83,3.8760000000000003,3.014,2.54,2.923,4.138,6.002999999999999,9.04,11.977,15.835999999999999,12.485999999999999,12.232999999999999,7.085
1974-05-01,2.061,2.611,3.279,2.283,1.932,1.766,4.052,7.058,8.44,10.669,15.674000000000001,13.668,12.323,11.033
1974-06-01,3.946,4.2,4.096,2.951,3.0189999999999997,3.0260000000000002,3.823,7.329,7.682,9.112,14.661,13.193,11.465,7.127000000000001
1974-07-01,3.5210000000000004,3.775,3.486,3.385,2.992,2.539,3.511,4.08,4.7860000000000005,6.284,12.962,13.104000000000001,11.693,8.656
1974-08-01,4.585,4.675,4.404,3.4210000000000003,2.971,2.33,2.057,3.219,3.5260000000000002,6.775,12.222999999999999,12.9,10.690999999999999,6.851
1974-09-01,3.1510000000000002,3.509,3.6910000000000003,2.747,2.443,2.335,2.574,3.159,3.95,6.707999999999999,11.707,12.094000000000001,10.571,6.109
1974-10-01,2.367,2.8930000000000002,3.025,2.476,2.222,3.51,4.931,5.053,5.404,9.521,12.527000000000001,11.543,11.53,7.362
1974-11-01,3.4589999999999996,3.9610000000000003,3.63,2.528,2.214,3.341,4.003,4.527,6.899,12.569,14.765999999999998,14.595999999999998,10.936,5.64
1974-12-01,2.273,3.273,2.812,2.399,2.11,2.242,2.522,3.4619999999999997,4.435,7.6339999999999995,11.505999999999998,14.279000000000002,11.552999999999999,6.981
1975-01-01,1.895,2.0540000000000003,2.476,1.932,1.402,0.934,1.203,3.4619999999999997,5.63,8.353,14.917,15.205,12.097999999999999,6.305
1975-02-01,3.446,3.679,3.665,3.011,2.9810000000000003,2.371,4.123,5.952999999999999,4.8839999999999995,9.78,15.071,14.581,11.794,6.18
1975-03-01,3.134,3.202,3.342,2.6439999999999997,2.266,3.449,5.147,9.007,11.094000000000001,10.186,18.245,15.229000000000001,11.370999999999999,6.274
1975-04-01,3.0189999999999997,3.656,4.184,3.427,2.5610000000000004,3.111,5.472,9.229,9.552999999999999,10.300999999999998,17.000999999999998,14.597999999999999,10.679,6.542999999999999
1975-05-01,3.0010000000000003,4.287,4.687,3.6239999999999997,3.194,2.904,3.9810000000000003,6.65,10.253,10.522,12.888,13.009,10.68,7.432
1975-06-01,4.468,5.529,4.558,3.736,3.41,3.174,2.927,4.8260000000000005,7.456,8.669,13.587,13.072000000000001,12.263,6.894
1975-07-01,3.313,3.846,3.7960000000000003,3.405,2.968,2.536,3.503,5.129,5.149,6.461,12.554,13.515,11.97,7.251
1975-08-01,4.4510000000000005,4.308,3.742,3.275,2.859,2.633,2.795,3.545,4.15,6.335,11.597000000000001,12.027000000000001,11.709000000000001,7.438
1975-09-01,3.06,3.7110000000000003,3.361,2.608,2.319,2.279,2.885,2.82,2.985,6.192,10.934000000000001,12.464,11.44,8.25
1975-10-01,2.8169999999999997,3.52,3.042,2.445,2.0780000000000003,1.68,1.949,2.124,2.778,5.71,11.272,12.185,11.122,6.957999999999999
1975-11-01,3.1689999999999996,3.623,2.952,2.114,1.8030000000000002,1.808,1.821,2.176,4.279,6.567,11.152000000000001,12.584000000000001,11.62,6.561
1975-12-01,2.747,3.378,3.077,2.157,1.7619999999999998,1.4980000000000002,1.564,2.61,3.013,5.063,10.722999999999999,13.24,12.044,6.672000000000001
1976-01-01,3.213,3.513,3.236,2.441,1.8219999999999998,1.3119999999999998,1.23,3.093,3.25,7.7139999999999995,15.087,18.533,12.987,6.312
1976-02-01,2.8339999999999996,4.684,3.803,2.783,2.354,2.516,3.236,5.935,5.2170000000000005,6.8870000000000005,14.037,14.468,11.549000000000001,6.657
1976-03-01,2.84,4.066,3.233,2.4730000000000003,1.929,1.867,2.474,6.252000000000001,7.455,8.965,17.909000000000002,16.79,10.869000000000002,6.615
1976-04-01,2.407,3.534,3.702,2.8480000000000003,2.944,2.802,3.767,7.457000000000001,9.027999999999999,10.06,17.782,14.809000000000001,12.075,6.932
1976-05-01,3.3810000000000002,4.26,4.195,2.971,2.275,2.924,3.721,5.254,6.9879999999999995,8.628,14.940999999999999,13.868,10.806,7.352
1976-06-01,3.8289999999999997,4.717,3.802,2.782,2.487,2.1430000000000002,2.556,3.554,5.507999999999999,6.435,13.449000000000002,13.452,11.943,8.863
1976-07-01,3.318,4.919,4.686,3.477,2.733,1.919,2.021,2.718,4.202,6.119,12.599,12.514000000000001,11.112,7.617000000000001
1976-08-01,3.179,4.181,3.833,3.341,2.8989999999999996,2.3409999999999997,2.8480000000000003,4.552,5.332999999999999,6.989,12.333,12.998,11.715,7.939
1976-09-01,2.6519999999999997,3.5439999999999996,3.714,2.815,2.339,1.864,2.2,3.373,3.8339999999999996,7.917999999999999,12.237,12.599,11.323,5.919
1976-10-01,2.6189999999999998,3.4760000000000004,3.17,2.4130000000000003,1.7590000000000001,1.5090000000000001,1.867,2.502,2.806,5.972,12.717,12.162,10.015,5.176
1976-11-01,2.7880000000000003,3.147,3.177,2.28,1.9340000000000002,1.847,2.349,3.013,4.38,6.907,11.753,11.905999999999999,9.946,4.555
1976-12-01,2.588,2.966,2.638,2.035,1.601,1.9480000000000002,2.799,4.17,5.542000000000001,9.686,16.204,14.67,10.927,4.636
1977-01-01,3.023,3.8,3.4360000000000004,2.63,2.303,2.8539999999999996,4.166,5.265,6.199,10.333,14.078,12.96,10.484000000000002,5.797000000000001
1977-02-01,2.761,3.5,3.142,2.266,1.818,1.715,4.253,7.5489999999999995,10.493,11.142000000000001,16.917,15.107999999999999,12.603,7.0489999999999995
1977-03-01,3.142,3.63,3.4560000000000004,2.406,1.88,1.8969999999999998,3.3739999999999997,6.832000000000001,8.702,9.74,14.882,15.203,12.056,6.55
1977-04-01,2.57,3.159,3.37,2.765,2.596,3.838,5.696000000000001,8.235,8.64,7.566,17.525,14.267999999999999,10.931,6.92
1977-05-01,3.467,4.273,4.322,3.3169999999999997,2.656,2.7880000000000003,4.285,8.129,8.112,10.589,15.535,13.665999999999999,11.325,8.982000000000001
1977-06-01,2.667,3.287,4.0089999999999995,3.242,2.665,2.245,2.394,7.3629999999999995,7.695,8.388,14.55,12.507,11.748,8.697000000000001
1977-07-01,3.3760000000000003,4.292,3.9789999999999996,3.045,2.734,2.353,3.364,4.498,5.742000000000001,7.932,12.789000000000001,12.780999999999999,11.876,7.651
1977-08-01,3.56,3.773,4.066,3.2710000000000004,2.6519999999999997,2.371,2.6710000000000003,4.245,5.0280000000000005,6.877000000000001,11.69,11.885,11.735,7.688
1977-09-01,3.4410000000000003,3.8560000000000003,3.734,2.931,2.346,2.137,2.182,2.4130000000000003,2.645,4.956,11.447000000000001,11.54,10.307,6.8420000000000005
1977-10-01,3.8139999999999996,3.682,3.688,2.745,2.125,1.901,1.633,1.683,2.8280000000000003,4.341,10.913,11.225,10.234,6.638999999999999
1977-11-01,3.285,3.2239999999999998,2.9619999999999997,2.333,1.9369999999999998,2.312,2.654,3.365,4.163,7.747000000000001,11.934000000000001,12.937000000000001,10.360999999999999,5.886
1977-12-01,2.39,3.245,3.116,2.272,1.736,1.5290000000000001,1.972,3.287,6.452000000000001,7.305,12.265,14.161,12.81,6.665
1978-01-01,3.1460000000000004,3.1319999999999997,3.4610000000000003,2.707,2.14,2.6510000000000002,4.965,7.587000000000001,8.13,9.104,16.535999999999998,15.199000000000002,11.989,6.335
1978-02-01,2.915,3.67,3.872,3.043,2.494,3.1039999999999996,3.5239999999999996,6.625,9.8,15.907,15.717,14.585999999999999,10.379000000000001,5.196000000000001
1978-03-01,2.377,3.2939999999999996,3.4419999999999997,3.0469999999999997,2.588,3.298,4.071000000000001,7.406000000000001,9.658999999999999,9.781,15.48,14.849,10.720999999999998,5.681
1978-04-01,1.5190000000000001,2.88,3.9410000000000003,3.3960000000000004,2.6910000000000003,3.017,4.942,8.631,11.62,12.376,16.805,13.772,10.356,6.067
1978-05-01,3.0589999999999997,5.059,4.763,4.029,3.2310000000000003,2.7889999999999997,3.656,7.653,8.014,10.032,14.86,13.628,11.690999999999999,7.468999999999999
1978-06-01,2.186,3.813,3.889,3.056,2.9789999999999996,2.654,4.39,6.544,8.133,8.693,12.818,13.686,11.79,7.897
1978-07-01,2.98,3.8710000000000004,4.016,3.8160000000000003,3.437,3.016,4.238,6.382000000000001,7.165,7.846,13.095,13.565,12.894,8.442
1978-08-01,2.932,3.491,3.63,3.312,2.763,2.41,3.3080000000000003,4.566,4.739,6.196000000000001,11.779000000000002,11.427999999999999,11.132,6.7860000000000005
1978-09-01,2.6319999999999997,3.2739999999999996,3.4930000000000003,2.9389999999999996,2.512,2.127,2.457,2.472,3.263,5.636,11.945,11.155999999999999,12.059000000000001,7.064
1978-10-01,2.2840000000000003,3.3710000000000004,3.6889999999999996,2.553,2.128,1.57,1.4,1.392,2.5540000000000003,4.511,11.209000000000001,11.350999999999999,10.46,6.35
1978-11-01,2.273,3.221,3.637,2.662,2.273,2.083,2.055,2.991,4.23,5.862,12.549000000000001,12.669,10.981,5.608
1978-12-01,2.46,2.477,2.847,2.155,1.709,1.7890000000000001,2.316,3.27,5.03,8.852,12.213,12.53,10.536,5.605
1979-01-01,2.1519999999999997,2.7710000000000004,2.884,2.31,2.063,2.2880000000000003,4.111000000000001,6.185,8.921,11.289000000000001,15.58,14.523,11.924000000000001,5.341
1979-02-01,2.71,3.165,3.45,2.84,2.345,2.8169999999999997,3.102,6.477,9.597000000000001,11.386,16.947,15.487,11.999,8.84
1979-03-01,2.1180000000000003,2.802,3.522,2.906,2.539,3.255,5.582999999999999,9.615,9.766,9.615,18.834,16.070999999999998,12.689,6.33
1979-04-01,2.717,3.903,4.277,3.0469999999999997,2.423,2.8810000000000002,4.745,8.524,11.749,13.277999999999999,18.043,15.19,12.093,6.2589999999999995
1979-05-01,2.886,4.007,3.48,2.8760000000000003,2.299,3.887,5.312,7.096,8.312000000000001,9.45,16.008,14.88,12.533,7.4670000000000005
1979-06-01,2.241,3.302,3.7030000000000003,3.0060000000000002,2.516,2.8680000000000003,3.716,6.085,5.968,9.258,13.776,13.234000000000002,12.302999999999999,7.766
1979-07-01,2.885,3.713,4.025,3.5389999999999997,2.568,1.91,1.729,3.3560000000000003,5.853,7.316,13.449000000000002,13.751,12.959000000000001,6.547999999999999
1979-08-01,2.613,3.533,3.196,2.8760000000000003,2.221,2.41,3.511,4.239,4.808,6.574,12.328,10.950999999999999,11.267999999999999,7.705
1979-09-01,3.389,4.082,4.113,3.145,2.662,2.128,2.784,2.792,2.8339999999999996,5.617000000000001,12.026,11.98,10.207,7.039
1979-10-01,3.01,3.662,3.25,2.6430000000000002,2.322,1.466,1.643,2.425,2.892,5.65,11.355,11.7,12.095999999999998,6.65
1979-11-01,2.136,3.193,3.366,2.662,2.189,2.137,2.998,2.8560000000000003,3.7439999999999998,7.187,11.718,12.545,10.808,5.232
1979-12-01,2.436,2.8339999999999996,2.719,2.5660000000000003,2.452,3.073,3.9410000000000003,4.54,5.727,11.024000000000001,13.780999999999999,15.104000000000001,12.159,6.457000000000001
1980-01-01,2.392,2.8789999999999996,3.4210000000000003,2.49,2.126,2.4419999999999997,3.037,5.721,6.55,9.717,14.642999999999999,14.610999999999999,12.12,6.041
1980-02-01,3.3710000000000004,4.0889999999999995,4.107,2.7239999999999998,2.335,2.2030000000000003,2.5869999999999997,4.1930000000000005,7.403,7.236000000000001,14.408,13.982000000000001,11.63,6.079
1980-03-01,2.9760000000000004,3.4010000000000002,3.967,3.105,2.7939999999999996,2.59,3.6180000000000003,7.097,8.835,10.947000000000001,15.614,14.758,11.557,7.028
1980-04-01,3.321,4.088,4.287,3.304,2.637,2.759,4.338,7.521,10.277000000000001,12.173,16.247,14.089,11.129000000000001,6.541
1980-05-01,3.359,4.805,5.0360000000000005,3.943,3.37,3.674,5.787000000000001,11.349,9.644,12.294,14.927999999999999,13.552,11.055,7.425
1980-06-01,3.264,3.8939999999999997,4.197,4.072,3.346,3.5610000000000004,5.278,7.8839999999999995,7.356,8.896,13.265999999999998,14.622,12.699000000000002,7.872000000000001
1980-07-01,-9999.0,-9999.0,-9999.0,-9999.0,-9999.0,-9999.0,-9999.0,-9999.0,-9999.0,-9999.0,-9999.0,-9999.0,-9999.0,-9999.0
1980-08-01,3.4339999999999997,4.129,3.935,3.6180000000000003,3.145,2.293,2.593,3.14,3.7319999999999998,6.284,11.548,12.074000000000002,11.530999999999999,7.367999999999999
1980-09-01,-9999.0,-9999.0,-9999.0,-9999.0,-9999.0,-9999.0,-9999.0,-9999.0,-9999.0,-9999.0,-9999.0,-9999.0,-9999.0,-9999.0
1980-10-01,-9999.0,-9999.0,-9999.0,-9999.0,-9999.0,-9999.0,-9999.0,-9999.0,-9999.0,-9999.0,-9999.0,-9999.0,-9999.0,-9999.0
1980-11-01,2.109,3.775,4.236000000000001,3.557,3.262,3.5860000000000003,3.818,4.292,5.334,10.843,14.092,13.610999999999999,11.25,4.77
1980-12-01,-9999.0,-9999.0,-9999.0,-9999.0,-9999.0,-9999.0,-9999.0,-9999.0,-9999.0,-9999.0,-9999.0,-9999.0,-9999.0,-9999.0
1981-01-01,-9999.0,-9999.0,-9999.0,-9999.0,-9999.0,-9999.0,-9999.0,-9999.0,-9999.0,-9999.0,-9999.0,-9999.0,-9999.0,-9999.0
1981-02-01,5.455,4.467,4.89,3.824,4.5489999999999995,5.726,8.09,11.709000000000001,19.594,16.230999999999998,25.729,21.6,-9999.0,-9999.0
1981-03-01,2.741,3.4789999999999996,3.677,2.702,2.424,1.79,3.073,5.495,9.305,9.52,15.991,15.071,11.444,6.3870000000000005
1981-04-01,2.64,4.256,4.507,3.2969999999999997,3.319,2.945,2.947,5.932,8.152999999999999,10.321,16.183,15.089,12.574000000000002,7.904
1981-05-01,2.957,4.3180000000000005,4.055,3.46,2.97,3.0210000000000004,4.791,8.73,8.325,8.748,13.652000000000001,13.449000000000002,11.818,8.093
1981-06-01,2.736,3.717,3.946,3.805,3.063,2.662,4.115,6.553999999999999,7.636,7.9510000000000005,13.849,12.411,11.862,7.484
1981-07-01,-9999.0,-9999.0,-9999.0,-9999.0,-9999.0,-9999.0,-9999.0,-9999.0,-9999.0,-9999.0,-9999.0,-9999.0,-9999.0,-9999.0
1981-08-01,-9999.0,-9999.0,-9999.0,-9999.0,-9999.0,-9999.0,-9999.0,-9999.0,-9999.0,-9999.0,-9999.0,-9999.0,-9999.0,-9999.0
1981-09-01,-9999.0,-9999.0,-9999.0,-9999.0,-9999.0,-9999.0,-9999.0,-9999.0,-9999.0,-9999.0,-9999.0,-9999.0,-9999.0,-9999.0
1981-10-01,3.616,4.022,3.8080000000000003,3.013,2.699,2.87,2.65,3.1039999999999996,4.003,7.126,11.312000000000001,12.557,11.519,6.307
1981-11-01,2.9760000000000004,3.238,3.247,2.55,2.194,1.9169999999999998,1.68,2.64,3.73,5.832000000000001,11.765,12.884,11.295,5.65
1981-12-01,2.745,3.2030000000000003,3.125,2.717,2.3369999999999997,2.885,3.825,4.821000000000001,7.1770000000000005,9.781,15.203,14.040999999999999,13.967,5.226
1982-01-01,2.472,2.998,3.218,2.416,2.13,2.2569999999999997,2.67,4.192,7.067,12.58,16.867,15.18,13.456,7.171
1982-02-01,3.259,4.185,3.701,2.693,2.31,1.9040000000000001,3.359,5.575,7.37,9.738999999999999,17.207,16.897000000000002,12.674000000000001,7.126
1982-03-01,2.909,4.601,4.195,3.29,2.8080000000000003,3.3939999999999997,4.1339999999999995,7.489,9.164,11.709000000000001,17.582,15.65,12.558,7.0729999999999995
1982-04-01,3.4219999999999997,4.412,4.38,2.9189999999999996,2.447,1.89,2.21,2.861,8.139,9.429,15.38,14.561,11.784,7.276
1982-05-01,4.518,4.578,4.178999999999999,3.7260000000000004,3.015,3.202,3.721,7.018,8.697000000000001,10.157,15.139000000000001,13.665999999999999,11.679,8.334
1982-06-01,3.8710000000000004,4.611000000000001,4.303999999999999,3.852,3.0469999999999997,2.715,3.056,5.2589999999999995,7.49,8.378,14.251,14.350999999999999,12.524000000000001,9.187999999999999
1982-07-01,2.859,3.787,3.772,3.3110000000000004,3.0269999999999997,2.764,2.7710000000000004,4.754,4.917,6.611000000000001,13.123,13.797,12.279000000000002,7.38
1982-08-01,3.205,3.719,3.615,3.205,3.03,2.846,2.991,3.16,4.8389999999999995,6.495,12.616,13.795,12.001,8.482000000000001
1982-09-01,2.8360000000000003,3.7769999999999997,3.3789999999999996,2.707,2.061,1.6230000000000002,1.671,1.982,3.0860000000000003,5.115,11.51,12.895999999999999,10.925,7.569
1982-10-01,3.055,3.532,3.5239999999999996,2.81,2.252,2.0909999999999997,2.258,3.139,4.0889999999999995,5.683,11.574000000000002,12.106,10.677,6.5089999999999995
1982-11-01,3.05,3.855,3.674,2.481,2.02,2.187,2.024,3.592,4.587,4.934,11.06,11.876,10.67,5.872999999999999
1982-12-01,2.059,2.7110000000000003,2.7769999999999997,2.129,1.83,1.939,2.443,3.2880000000000003,4.216,7.651,11.341,12.911,10.632,5.976
1983-01-01,2.454,2.89,2.7239999999999998,1.9269999999999998,1.725,1.5290000000000001,2.148,2.597,4.61,6.332999999999999,11.815,13.690999999999999,12.792,7.0920000000000005
1983-02-01,-9999.0,-9999.0,-9999.0,-9999.0,-9999.0,-9999.0,-9999.0,-9999.0,-9999.0,-9999.0,-9999.0,-9999.0,-9999.0,-9999.0
1983-03-01,-9999.0,-9999.0,-9999.0,-9999.0,-9999.0,-9999.0,-9999.0,-9999.0,-9999.0,-9999.0,-9999.0,-9999.0,-9999.0,-9999.0
1983-04-01,-9999.0,-9999.0,-9999.0,-9999.0,-9999.0,-9999.0,-9999.0,-9999.0,-9999.0,-9999.0,-9999.0,-9999.0,-9999.0,-9999.0
1983-05-01,-9999.0,-9999.0,-9999.0,-9999.0,-9999.0,-9999.0,-9999.0,-9999.0,-9999.0,-9999.0,-9999.0,-9999.0,-9999.0,-9999.0
1983-06-01,-9999.0,-9999.0,-9999.0,-9999.0,-9999.0,-9999.0,-9999.0,-9999.0,-9999.0,-9999.0,-9999.0,-9999.0,-9999.0,-9999.0
1983-07-01,-9999.0,-9999.0,-9999.0,-9999.0,-9999.0,-9999.0,-9999.0,-9999.0,-9999.0,-9999.0,-9999.0,-9999.0,-9999.0,-9999.0
1983-08-01,7.497000000000001,7.3839999999999995,4.504,4.133,2.461,2.263,2.2,3.065,5.394,6.115,10.76,12.77,-9999.0,-9999.0
1983-09-01,3.265,3.6889999999999996,3.333,2.895,2.342,2.043,2.1590000000000003,2.335,3.01,5.276,10.494000000000002,11.969000000000001,10.732000000000001,7.242000000000001
1983-10-01,-9999.0,-9999.0,-9999.0,-9999.0,-9999.0,-9999.0,-9999.0,-9999.0,-9999.0,-9999.0,-9999.0,-9999.0,-9999.0,-9999.0
1983-11-01,-9999.0,-9999.0,-9999.0,-9999.0,-9999.0,-9999.0,-9999.0,-9999.0,-9999.0,-9999.0,-9999.0,-9999.0,-9999.0,-9999.0
1983-12-01,-9999.0,-9999.0,-9999.0,-9999.0,-9999.0,-9999.0,-9999.0,-9999.0,-9999.0,-9999.0,-9999.0,-9999.0,-9999.0,-9999.0
1984-01-01,-9999.0,-9999.0,-9999.0,-9999.0,-9999.0,-9999.0,-9999.0,-9999.0,-9999.0,-9999.0,-9999.0,-9999.0,-9999.0,-9999.0
1984-02-01,-9999.0,-9999.0,-9999.0,-9999.0,-9999.0,-9999.0,-9999.0,-9999.0,-9999.0,-9999.0,-9999.0,-9999.0,-9999.0,-9999.0
1984-03-01,-9999.0,-9999.0,-9999.0,-9999.0,-9999.0,-9999.0,-9999.0,-9999.0,-9999.0,-9999.0,-9999.0,-9999.0,-9999.0,-9999.0
1984-04-01,-9999.0,-9999.0,-9999.0,-9999.0,-9999.0,-9999.0,-9999.0,-9999.0,-9999.0,-9999.0,-9999.0,-9999.0,-9999.0,-9999.0
1984-05-01,-9999.0,-9999.0,-9999.0,-9999.0,-9999.0,-9999.0,-9999.0,-9999.0,-9999.0,-9999.0,-9999.0,-9999.0,-9999.0,-9999.0
1984-06-01,-9999.0,-9999.0,-9999.0,-9999.0,-9999.0,-9999.0,-9999.0,-9999.0,-9999.0,-9999.0,-9999.0,-9999.0,-9999.0,-9999.0
1984-07-01,-9999.0,-9999.0,-9999.0,-9999.0,-9999.0,-9999.0,-9999.0,-9999.0,-9999.0,-9999.0,-9999.0,-9999.0,-9999.0,-9999.0
1984-08-01,-9999.0,-9999.0,-9999.0,-9999.0,-9999.0,-9999.0,-9999.0,-9999.0,-9999.0,-9999.0,-9999.0,-9999.0,-9999.0,-9999.0
1984-09-01,-9999.0,-9999.0,-9999.0,-9999.0,-9999.0,-9999.0,-9999.0,-9999.0,-9999.0,-9999.0,-9999.0,-9999.0,-9999.0,-9999.0
1984-10-01,3.491,3.7089999999999996,3.234,2.365,2.252,1.482,1.2990000000000002,1.5230000000000001,2.45,4.457,9.312000000000001,12.644,11.732999999999999,8.12
1984-11-01,2.8689999999999998,3.5780000000000003,3.1060000000000003,2.144,1.652,1.35,1.291,1.913,2.256,5.117,11.43,13.527999999999999,12.13,6.254
1984-12-01,-9999.0,-9999.0,-9999.0,-9999.0,-9999.0,-9999.0,-9999.0,-9999.0,-9999.0,-9999.0,-9999.0,-9999.0,-9999.0,-9999.0
1985-01-01,-9999.0,-9999.0,-9999.0,-9999.0,-9999.0,-9999.0,-9999.0,-9999.0,-9999.0,-9999.0,-9999.0,-9999.0,-9999.0,-9999.0
1985-02-01,2.151,3.721,3.4619999999999997,2.6439999999999997,2.177,1.7919999999999998,2.56,6.0,10.977,11.048,16.245,15.314,11.981,6.296
1985-03-01,3.333,4.135,3.885,3.497,3.4739999999999998,3.4560000000000004,4.856,6.077000000000001,10.062999999999999,11.822000000000001,14.135,13.565,10.411,6.138
1985-04-01,3.158,3.76,3.472,2.6180000000000003,2.299,3.55,4.712,8.051,8.648,9.458,13.716,13.249,10.539000000000001,7.187
1985-05-01,3.675,4.893,4.414,3.759,3.1,3.7260000000000004,5.939,8.469,5.572,10.148,12.219000000000001,12.290999999999999,10.687000000000001,8.062000000000001
1985-06-01,4.069,4.242,3.773,3.458,3.2489999999999997,3.8689999999999998,4.945,9.09,7.444,8.605,12.530999999999999,12.610999999999999,11.283,6.939
1985-07-01,4.533,4.54,4.413,3.926,3.435,3.127,3.543,4.705,5.528,6.638,11.151,12.036,11.26,7.2
1985-08-01,4.916,4.572,3.716,3.32,3.048,2.859,3.089,3.926,5.142,7.05,11.133,11.328,10.818,6.761
1985-09-01,4.352,4.4430000000000005,3.681,2.9130000000000003,2.408,1.7890000000000001,1.985,2.727,3.266,6.358,10.821,12.743,9.825,5.982
1985-10-01,2.8110000000000004,3.627,3.665,2.892,2.319,2.023,1.845,1.994,3.9139999999999997,5.955,11.57,12.387,10.537,5.242999999999999
1985-11-01,1.754,2.627,3.15,3.139,2.867,3.747,4.56,5.595,5.21,7.917000000000001,12.359000000000002,12.84,11.317,5.183
1985-12-01,2.553,3.29,3.218,2.588,2.1319999999999997,1.8119999999999998,2.705,5.735,8.326,13.422,15.798,15.354000000000001,12.4,6.45
1986-01-01,2.761,3.657,3.4960000000000004,2.737,2.634,3.135,4.388,7.325,9.017999999999999,11.092,16.026,14.977,11.577,6.117999999999999
1986-02-01,3.241,3.627,4.707,3.76,3.326,3.44,4.563,8.706,10.236,13.45,18.271,13.684000000000001,10.375,5.761
1986-03-01,2.748,3.397,3.2510000000000003,2.715,2.385,3.543,5.676,9.29,9.424,8.266,17.137999999999998,14.208,10.783,6.814
1986-04-01,3.1189999999999998,3.853,3.685,2.952,2.559,3.662,6.895,9.879,10.939,12.654000000000002,15.485999999999999,14.213,11.468,7.862
1986-05-01,3.877,4.341,4.109,3.522,3.3139999999999996,3.427,4.463,6.825,8.491,10.207,14.65,13.241,10.972000000000001,6.64
1986-06-01,3.341,3.983,4.106,3.343,3.1060000000000003,4.396,6.117000000000001,6.1770000000000005,7.347,8.433,12.658,12.513,11.177,7.601
1986-07-01,-9999.0,-9999.0,-9999.0,-9999.0,-9999.0,-9999.0,-9999.0,-9999.0,-9999.0,-9999.0,-9999.0,-9999.0,-9999.0,-9999.0
1986-08-01,-9999.0,-9999.0,-9999.0,-9999.0,-9999.0,-9999.0,-9999.0,-9999.0,-9999.0,-9999.0,-9999.0,-9999.0,-9999.0,-9999.0
1986-09-01,-9999.0,-9999.0,-9999.0,-9999.0,-9999.0,-9999.0,-9999.0,-9999.0,-9999.0,-9999.0,-9999.0,-9999.0,-9999.0,-9999.0
1986-10-01,-9999.0,-9999.0,-9999.0,-9999.0,-9999.0,-9999.0,-9999.0,-9999.0,-9999.0,-9999.0,-9999.0,-9999.0,-9999.0,-9999.0
1986-11-01,-9999.0,-9999.0,-9999.0,-9999.0,-9999.0,-9999.0,-9999.0,-9999.0,-9999.0,-9999.0,-9999.0,-9999.0,-9999.0,-9999.0
1986-12-01,-9999.0,-9999.0,-9999.0,-9999.0,-9999.0,-9999.0,-9999.0,-9999.0,-9999.0,-9999.0,-9999.0,-9999.0,-9999.0,-9999.0
1987-01-01,-9999.0,-9999.0,-9999.0,-9999.0,-9999.0,-9999.0,-9999.0,-9999.0,-9999.0,-9999.0,-9999.0,-9999.0,-9999.0,-9999.0
1987-02-01,1.844,2.865,3.062,2.56,2.079,2.449,4.232,5.468,8.613999999999999,10.051,17.567999999999998,14.722999999999999,11.448,6.642
1987-03-01,2.499,3.247,3.3710000000000004,2.819,2.818,3.161,4.79,8.356,9.502,11.390999999999998,17.698,14.597000000000001,11.714,6.671
1987-04-01,3.48,4.434,3.877,3.1460000000000004,2.608,2.544,3.398,5.5729999999999995,8.594,12.025,16.397000000000002,13.732999999999999,10.607999999999999,6.8389999999999995
1987-05-01,3.283,3.645,4.077,3.23,3.701,5.027,6.797000000000001,9.683,10.421,14.362,13.978,12.684000000000001,11.282,7.395
1987-06-01,3.2439999999999998,3.9130000000000003,3.8110000000000004,3.2030000000000003,2.93,3.3939999999999997,6.034,8.353,8.045,9.167,13.034,12.687999999999999,11.501,7.1579999999999995
1987-07-01,2.884,3.571,3.48,3.155,2.787,2.639,4.3069999999999995,6.315,7.273,8.145,13.159,12.206,11.913,6.291
1987-08-01,3.362,3.708,3.366,3.02,2.8489999999999998,3.1860000000000004,3.565,4.272,5.172000000000001,7.127000000000001,12.215,13.300999999999998,11.527000000000001,6.391
1987-09-01,2.63,3.32,3.247,2.6460000000000004,2.296,2.048,1.962,2.1180000000000003,3.2960000000000003,6.195,11.714,12.459000000000001,10.559000000000001,6.511
1987-10-01,2.7110000000000003,3.6260000000000003,3.447,2.758,2.096,1.6230000000000002,2.161,2.681,3.9189999999999996,7.607,11.911,12.212,10.905999999999999,6.019
1987-11-01,2.384,3.052,2.985,2.451,1.932,2.147,4.21,4.225,4.763,7.638999999999999,12.530999999999999,12.754000000000001,10.526,5.716
1987-12-01,3.0980000000000003,3.4939999999999998,3.41,2.548,2.119,1.6280000000000001,1.6780000000000002,2.75,5.234,7.071000000000001,12.429,13.564,9.529,4.985
1988-01-01,3.035,3.555,3.161,2.427,2.057,2.27,4.2,7.399,8.016,8.853,14.277999999999999,14.024000000000001,21.25,4.7410000000000005
1988-02-01,2.677,3.4330000000000003,3.447,2.314,2.419,4.399,7.456,10.038,12.365,10.527999999999999,15.96,14.517999999999999,10.573,5.829
1988-03-01,3.176,3.63,3.511,2.9760000000000004,2.4459999999999997,4.486000000000001,5.977,10.013,10.694,11.637,16.715999999999998,13.297,9.517000000000001,6.077000000000001
1988-04-01,3.08,4.3839999999999995,3.761,3.165,2.6719999999999997,2.823,3.5410000000000004,8.656,8.332,8.517000000000001,16.031,13.859000000000002,10.353,5.7410000000000005
1988-05-01,3.589,5.249,4.437,3.838,3.15,3.173,4.359,7.436,8.554,12.427,15.859000000000002,13.647,11.33,7.513999999999999
1988-06-01,3.352,4.834,4.973,4.188,3.9,3.409,3.748,6.84,9.579,7.813,14.663,11.187000000000001,11.123,6.473
1988-07-01,4.465,4.367,4.21,3.676,3.3,4.762,5.266,9.212,5.95,8.277999999999999,12.924000000000001,10.735999999999999,10.764000000000001,7.39
1988-08-01,4.007,4.213,5.002,4.011,3.295,2.805,3.3339999999999996,3.6460000000000004,5.626,8.481,12.918,12.392999999999999,11.432,6.445
1988-09-01,3.8569999999999998,3.687,3.219,2.9410000000000003,2.376,1.889,1.6219999999999999,3.174,3.452,6.046,11.774000000000001,11.698,9.775,5.4
1988-10-01,3.285,4.452,3.93,2.441,2.186,1.758,1.944,2.414,4.9110000000000005,5.77,11.999,10.868,8.725,4.827
1988-11-01,1.932,3.9219999999999997,3.8110000000000004,2.898,2.032,1.8459999999999999,1.626,2.523,6.539,10.325,10.49,10.698,7.226,4.237
1988-12-01,3.4539999999999997,4.129,3.57,2.8360000000000003,2.246,2.023,2.115,4.258,4.773,8.214,14.255,15.37,12.152000000000001,6.631
1989-01-01,3.1210000000000004,3.839,3.705,2.611,2.103,1.729,1.805,2.892,4.813,6.994,14.568,14.838,11.485999999999999,6.186
1989-02-01,3.5460000000000003,4.027,3.73,2.932,2.526,2.289,2.608,5.697,7.513999999999999,10.189,16.892,15.503,11.737,7.042000000000001
1989-03-01,3.324,4.211,4.105,3.697,3.072,3.375,5.47,6.287999999999999,7.497000000000001,8.877,16.454,14.165,11.06,6.037000000000001
1989-04-01,4.285,4.567,4.684,3.551,3.012,4.113,5.434,9.253,9.955,10.613,16.523,14.511,11.805,6.622999999999999
1989-05-01,4.515,5.662999999999999,4.399,3.321,2.8569999999999998,2.45,2.8310000000000004,5.3020000000000005,6.619,7.832999999999999,13.339,14.767000000000001,13.347000000000001,9.126
1989-06-01,4.774,5.876,4.481,3.9410000000000003,3.03,3.365,4.481,5.934,6.782,6.999,11.719000000000001,12.648,12.022,8.017999999999999
1989-07-01,3.701,4.322,4.019,3.4160000000000004,2.9619999999999997,2.892,3.258,4.69,5.329,6.071000000000001,12.341,13.414000000000001,12.75,7.0489999999999995
1989-08-01,4.053999999999999,4.803999999999999,3.699,3.392,2.985,2.6489999999999996,2.418,3.513,3.841,6.079,11.645999999999999,11.997,11.255999999999998,6.857
1989-09-01,3.8169999999999997,4.209,3.7310000000000003,2.9160000000000004,2.403,2.259,2.122,2.7110000000000003,3.188,5.434,11.24,11.422,10.823,7.472
1989-10-01,3.0210000000000004,3.45,3.069,2.549,2.003,1.916,2.115,2.305,2.7689999999999997,5.086,11.198,12.138,10.485999999999999,5.742999999999999
1989-11-01,2.9419999999999997,3.4330000000000003,3.134,2.528,2.1919999999999997,2.327,2.655,2.897,4.519,6.497000000000001,11.357999999999999,12.335,9.956,5.106
1989-12-01,2.263,2.7489999999999997,3.023,2.5,2.0709999999999997,1.719,1.671,2.546,5.266,8.011000000000001,13.694,14.249,13.934000000000001,6.761
1990-01-01,3.694,3.915,3.347,2.555,2.147,2.246,2.4090000000000003,3.3280000000000003,5.335,6.307,14.839,13.913,11.23,6.077000000000001
1990-02-01,3.011,3.4139999999999997,2.9760000000000004,2.3040000000000003,1.955,2.3280000000000003,3.8760000000000003,4.6160000000000005,5.206,7.827999999999999,14.837,14.12,10.991,5.997999999999999
1990-03-01,3.6439999999999997,4.031000000000001,3.7110000000000003,2.6060000000000003,2.322,2.306,3.772,4.599,4.6610000000000005,6.287999999999999,14.306,14.052999999999999,11.179,7.586
1990-04-01,3.43,3.614,3.8789999999999996,2.9789999999999996,2.7539999999999996,4.053,5.959,7.4,7.94,10.092,14.957,13.735999999999999,11.495999999999999,7.317
1990-05-01,4.68,5.306,4.686,3.3810000000000002,2.9739999999999998,2.7030000000000003,2.898,5.761,7.452999999999999,8.017000000000001,13.569,11.745,10.707,8.177999999999999
1990-06-01,3.951,4.289,3.889,3.134,2.903,3.404,4.268,6.284,6.5120000000000005,7.531000000000001,12.173,12.706,12.399000000000001,7.865
1990-07-01,4.747,4.723,4.31,4.016,3.6860000000000004,3.1010000000000004,3.25,5.24,5.229,6.8420000000000005,11.564,12.155,11.974,8.72
1990-08-01,4.945,4.872,3.773,3.174,2.878,2.519,2.471,3.0180000000000002,3.9589999999999996,6.4910000000000005,10.942,12.343,11.328,7.388999999999999
1990-09-01,3.247,3.701,3.605,3.1319999999999997,2.641,2.9819999999999998,2.898,3.515,3.907,6.316,11.122,12.071,10.205,6.811
1990-10-01,3.404,3.734,3.532,2.7460000000000004,2.515,2.57,2.594,2.702,3.1689999999999996,6.196000000000001,11.046,12.245,10.307,6.48
1990-11-01,2.81,3.3819999999999997,3.25,2.655,2.247,2.583,2.992,3.3080000000000003,4.855,7.845,11.932,13.257,11.147,5.332999999999999
1990-12-01,2.145,2.741,3.1519999999999997,2.512,2.144,1.681,1.643,2.7230000000000003,4.141,7.345,13.808,13.600999999999999,11.237,4.977
1991-01-01,3.161,3.7230000000000003,3.3939999999999997,2.6689999999999996,2.31,1.925,2.9019999999999997,4.113,5.6129999999999995,8.089,16.019000000000002,16.972,12.982000000000001,5.809
1991-02-01,3.216,4.155,3.7760000000000002,3.174,2.897,2.805,3.958,6.832999999999999,8.151,11.119000000000002,17.833,15.552999999999999,11.25,7.936
1991-03-01,3.37,4.268,4.06,3.188,2.66,2.332,3.2969999999999997,5.695,10.418,12.517999999999999,15.089,13.965,11.344000000000001,4.9430000000000005
1991-04-01,3.458,4.007,3.823,3.228,2.781,3.005,5.189,8.781,11.112,11.915,16.618,13.905,10.484000000000002,6.4639999999999995
1991-05-01,3.6039999999999996,4.446000000000001,4.363,3.487,2.926,3.2680000000000002,4.806,7.287000000000001,9.648,9.519,14.079,13.269,11.404000000000002,7.586
1991-06-01,3.4019999999999997,3.705,3.647,3.48,3.095,4.253,6.66,8.552,8.214,10.062000000000001,14.32,13.309000000000001,11.683,6.757000000000001
1991-07-01,4.084,5.021,4.768,3.818,2.947,2.742,3.208,6.582999999999999,6.065,6.904,12.609000000000002,13.206,11.799000000000001,6.688
1991-08-01,4.337,4.953,4.407,3.554,3.335,2.525,2.516,3.113,4.441,7.1,12.527000000000001,12.186,12.027000000000001,6.4079999999999995
1991-09-01,3.9419999999999997,4.5489999999999995,3.699,2.878,2.648,2.616,2.36,2.635,3.5780000000000003,5.732,11.606,10.675999999999998,10.048,6.495
1991-10-01,2.895,3.43,3.764,2.807,2.319,2.062,2.5860000000000003,3.0,2.931,6.531000000000001,12.699000000000002,12.807,11.347999999999999,7.501
1991-11-01,3.667,3.917,3.68,2.79,2.385,2.452,2.73,3.997,6.358,9.26,11.737,12.594000000000001,9.32,5.736000000000001
1991-12-01,2.838,3.8310000000000004,3.236,2.5780000000000003,1.955,2.391,2.4219999999999997,3.822,4.749,5.087,10.32,12.23,9.767999999999999,4.777
1992-01-01,2.4859999999999998,3.2239999999999998,3.1239999999999997,2.259,2.048,1.901,2.3,3.781,4.007,5.273,12.008,12.837,10.355,5.763
1992-02-01,3.069,3.404,3.222,2.763,2.282,1.935,2.226,3.424,6.547999999999999,8.124,14.954,14.572000000000001,11.847000000000001,6.371
1992-03-01,3.0410000000000004,3.657,3.625,2.903,3.2039999999999997,3.2110000000000003,5.013999999999999,6.598,6.8389999999999995,9.697000000000001,14.95,14.477,11.442,6.027
1992-04-01,3.549,4.029,3.875,3.389,3.213,4.211,6.76,7.7,7.039,10.039,15.152000000000001,14.537,11.720999999999998,9.11
1992-05-01,4.783,5.212999999999999,4.247,3.359,3.073,3.043,3.3810000000000002,4.809,6.7989999999999995,7.4910000000000005,13.784,13.174000000000001,10.892000000000001,7.5120000000000005
1992-06-01,4.65,5.124,4.579,3.819,2.735,2.8080000000000003,3.6439999999999997,5.935,6.644,8.202,11.654000000000002,12.673,12.335,7.732
1992-07-01,4.907,4.888,4.236000000000001,3.91,3.636,3.34,3.59,4.486000000000001,5.284,6.867999999999999,11.527000000000001,11.81,10.909,6.445
1992-08-01,3.997,4.291,3.4610000000000003,3.3960000000000004,2.779,2.8819999999999997,3.533,3.764,4.221,6.2010000000000005,10.569,11.817,11.583,8.362
1992-09-01,3.347,3.7569999999999997,3.26,2.693,2.2119999999999997,2.656,2.742,3.2560000000000002,3.83,6.246,10.857000000000001,12.485999999999999,12.360999999999999,6.0729999999999995
1992-10-01,2.6630000000000003,3.427,3.409,2.853,2.403,2.532,3.178,4.529,4.378,6.974,11.628,11.07,9.807,5.46
1992-11-01,2.745,3.313,2.937,2.431,2.121,1.876,1.939,2.338,3.182,5.303999999999999,10.011000000000001,12.154000000000002,10.62,6.205
1992-12-01,3.05,3.864,3.553,2.687,2.34,2.995,3.075,3.06,4.301,6.265,10.495999999999999,12.725999999999999,11.290999999999999,5.6579999999999995
1993-01-01,3.3080000000000003,3.448,3.1010000000000004,2.3409999999999997,2.1630000000000003,1.632,2.032,2.855,3.818,5.381,12.335,12.649000000000001,11.446,5.4239999999999995
1993-02-01,3.641,3.94,3.572,2.623,2.364,2.2840000000000003,2.237,3.1630000000000003,4.1419999999999995,7.3660000000000005,12.0,12.923,10.350999999999999,5.296
1993-03-01,3.717,4.42,3.929,3.02,2.549,2.467,3.37,5.1739999999999995,6.15,7.817,14.319,13.005,10.7,6.395
1993-04-01,4.227,4.83,4.301,3.2039999999999997,2.85,2.438,3.4539999999999997,5.621,6.961,7.492999999999999,13.152000000000001,13.14,10.575,6.871
1993-05-01,4.497,5.4079999999999995,4.35,3.505,2.873,2.369,2.784,4.934,6.3389999999999995,7.582000000000001,13.317,13.161,11.235,6.858
1993-06-01,4.652,4.439,3.9010000000000002,3.364,2.8369999999999997,2.391,2.557,3.8930000000000002,5.6979999999999995,6.61,12.102,12.793,11.322000000000001,7.059
1993-07-01,4.044,4.225,3.842,3.6639999999999997,3.133,2.963,3.978,5.14,5.497999999999999,6.824,11.587,13.123,11.675,6.957000000000001
1993-08-01,3.8480000000000003,3.52,3.51,2.9819999999999998,2.906,2.394,2.406,3.332,4.5680000000000005,6.041,11.300999999999998,12.747,11.093,7.041
1993-09-01,2.852,3.373,3.0860000000000003,2.701,2.405,2.1719999999999997,2.867,3.7310000000000003,4.093999999999999,5.505,11.216,11.368,11.647,6.437
1993-10-01,2.416,3.19,3.1489999999999996,2.516,2.313,2.002,2.373,3.5980000000000003,4.376,5.999,11.417,12.077,9.915,5.773
1993-11-01,2.9419999999999997,3.384,3.2569999999999997,2.5,2.262,2.126,2.792,3.6489999999999996,4.474,6.3839999999999995,12.218,12.812999999999999,10.325999999999999,5.441
1993-12-01,3.0060000000000002,3.39,3.1630000000000003,2.373,1.9240000000000002,2.043,2.41,3.4789999999999996,4.993,8.192,13.708,13.892999999999999,10.294,10.492
1994-01-01,2.798,3.4019999999999997,3.053,2.582,2.05,1.723,2.6439999999999997,4.779,6.784,9.392999999999999,16.971,15.922,11.662,6.077999999999999
1994-02-01,3.051,3.694,3.386,2.6460000000000004,2.369,2.617,3.6239999999999997,6.852,8.47,9.786,18.658,16.043,12.345999999999998,6.749
1994-03-01,3.685,4.205,3.8169999999999997,2.8369999999999997,2.415,2.063,2.399,3.563,5.61,7.897,16.476,14.262,9.902000000000001,5.449
1994-04-01,3.73,4.143,3.9139999999999997,3.318,3.167,3.4789999999999996,5.571000000000001,7.502000000000001,9.136000000000001,12.248,16.512,13.613,10.459000000000001,6.718999999999999
1994-05-01,3.4789999999999996,4.551,4.32,3.448,2.9410000000000003,3.412,4.519,7.176,8.58,9.587,15.139000000000001,12.665999999999999,11.26,6.422999999999999
1994-06-01,3.575,4.101,3.6460000000000004,3.153,3.0810000000000004,2.7,2.963,3.951,6.199,7.704,13.044,13.107999999999999,12.007,6.93
1994-07-01,5.8,6.2620000000000005,4.387,3.7110000000000003,3.415,3.1260000000000003,3.082,4.393,4.857,6.489,12.704,12.375,11.847999999999999,6.593
1994-08-01,4.013999999999999,4.388999999999999,3.977,3.418,2.95,2.505,2.571,3.7539999999999996,4.588,6.9510000000000005,12.218,13.33,11.785,6.729
1994-09-01,4.208,4.678999999999999,4.37,3.602,3.112,2.674,2.421,4.527,6.152,8.585,12.89,13.886,10.882,6.176
1994-10-01,4.041,4.1819999999999995,3.667,3.1239999999999997,2.75,2.35,2.639,3.573,4.315,6.584,11.743,12.005,10.347000000000001,5.721
1994-11-01,3.353,3.815,3.5060000000000002,2.8080000000000003,2.406,2.133,2.035,2.658,3.3760000000000003,5.982,11.395,12.466,10.585,5.36
1994-12-01,3.4130000000000003,3.947,3.736,2.822,2.431,2.5580000000000003,2.957,3.3710000000000004,5.454,7.754,12.855,12.437999999999999,10.182,7.273
1995-01-01,3.5189999999999997,4.078,3.79,3.273,2.8689999999999998,2.375,2.944,4.912,6.129,8.767000000000001,14.065999999999999,12.44,10.692,6.605
1995-02-01,3.713,4.078,3.7310000000000003,2.93,2.562,2.715,3.557,5.132000000000001,6.664,7.104,15.123,14.093,10.556,5.51
1995-03-01,3.883,4.135,3.932,3.175,3.053,4.163,6.209,7.4670000000000005,7.9670000000000005,9.132,14.745999999999999,14.049000000000001,10.119,5.525
1995-04-01,3.759,4.397,4.101,3.417,2.9930000000000003,2.5,3.193,5.292000000000001,6.5920000000000005,6.768,13.347999999999999,13.129000000000001,10.436,6.352
1995-05-01,4.426,4.727,4.25,3.3139999999999996,2.8310000000000004,2.9139999999999997,4.531000000000001,7.231,8.135,8.81,13.425999999999998,12.735999999999999,10.671,6.9510000000000005
1995-06-01,3.634,4.0,3.908,3.613,3.2889999999999997,3.4410000000000003,4.523,5.3629999999999995,5.801,6.922999999999999,11.376,11.690999999999999,10.77,7.982
1995-07-01,4.838,5.252000000000001,4.5489999999999995,4.001,3.385,2.885,2.7969999999999997,3.799,5.165,6.2170000000000005,11.704,12.357000000000001,11.668,6.909
1995-08-01,4.1,4.628,4.101,3.432,2.8710000000000004,2.63,2.506,3.486,4.573,6.603,11.497,11.965,10.255999999999998,6.23
1995-09-01,3.1430000000000002,3.47,3.4610000000000003,2.759,2.428,1.965,2.057,3.8369999999999997,4.381,6.325,11.475,11.962,9.574,6.223
1995-10-01,3.451,3.8160000000000003,3.611,2.7739999999999996,2.299,1.893,1.8519999999999999,1.886,2.44,4.5089999999999995,10.134,11.994000000000002,10.367,6.683
1995-11-01,3.3369999999999997,3.7060000000000004,3.3169999999999997,2.489,2.167,1.715,2.287,3.002,3.338,6.303999999999999,11.785,12.335999999999999,10.2,5.22
1995-12-01,2.847,3.592,3.304,2.506,2.269,1.902,2.137,3.21,4.694,7.803999999999999,14.732999999999999,13.849,10.65,5.3660000000000005
1996-01-01,3.322,3.682,3.4160000000000004,2.735,2.3409999999999997,1.835,1.9780000000000002,4.821000000000001,7.108,10.099,14.467,14.122,10.515999999999998,4.751
1996-02-01,2.747,3.375,3.1630000000000003,2.735,2.5839999999999996,1.93,3.2460000000000004,7.061,8.603,10.901,15.636,13.564,9.937000000000001,6.891
1996-03-01,3.095,3.998,3.728,2.8480000000000003,2.395,2.497,3.4160000000000004,6.864,7.064,7.697,14.280999999999999,13.309000000000001,10.152000000000001,5.855
1996-04-01,3.99,4.356,3.8789999999999996,3.258,2.75,2.887,3.545,6.678999999999999,7.362,8.669,12.373,12.314,10.344000000000001,6.678999999999999
1996-05-01,3.6069999999999998,4.09,3.98,2.998,2.76,3.6060000000000003,4.601,8.009,8.957,9.613,14.01,13.607000000000001,11.515999999999998,7.45
1996-06-01,3.8689999999999998,3.972,4.129,3.471,2.826,2.8739999999999997,3.225,5.032,6.169,7.19,12.786,12.995999999999999,11.969000000000001,7.574
1996-07-01,3.13,3.708,3.641,3.036,2.685,2.8369999999999997,3.045,5.218,5.407,7.175,12.468,13.493,12.225,7.747000000000001
1996-08-01,3.7119999999999997,3.9930000000000003,3.668,3.022,2.696,2.395,3.4210000000000003,4.532,4.697,6.745,11.617,10.618,12.244000000000002,7.511
1996-09-01,3.063,3.727,3.5239999999999996,3.193,2.545,2.679,2.86,3.51,4.456,6.745,11.118,9.574,11.079,6.705
1996-10-01,3.194,3.676,3.272,2.596,2.286,1.6369999999999998,1.92,2.642,3.3160000000000003,5.9479999999999995,10.82,11.597999999999999,10.24,6.053
1996-11-01,2.349,3.022,2.99,2.412,2.001,2.371,3.217,4.294,5.475,7.563,12.140999999999998,11.504000000000001,9.714,5.627000000000001
1996-12-01,1.912,3.075,3.0580000000000003,2.311,2.023,2.541,3.234,4.388999999999999,5.334,7.7410000000000005,13.08,12.931,10.12,5.018
1997-01-01,2.702,3.4610000000000003,3.1260000000000003,2.448,2.244,2.062,3.052,4.254,6.54,8.334,13.997,13.728,11.136,5.784
1997-02-01,3.486,3.892,3.39,2.6310000000000002,2.286,2.0980000000000003,2.9160000000000004,4.697,7.87,9.186,14.984000000000002,14.284,10.489,6.186
1997-03-01,3.335,3.485,3.3089999999999997,2.6519999999999997,2.867,4.9,5.3389999999999995,6.3229999999999995,6.877000000000001,7.09,13.6,13.744000000000002,10.998,6.209
1997-04-01,3.503,4.3069999999999995,3.9539999999999997,2.9939999999999998,2.347,1.761,2.155,5.942,6.146,6.776,14.065,13.003,10.378,6.43
1997-05-01,4.1419999999999995,4.449,3.7,3.259,2.866,3.5610000000000004,4.849,7.612,7.531000000000001,8.668,12.864,12.673,11.038,7.571000000000001
1997-06-01,3.739,4.144,3.7260000000000004,3.181,3.065,3.4410000000000003,5.07,7.096,6.867000000000001,8.423,12.689,12.857999999999999,11.762,7.5089999999999995
1997-07-01,3.583,3.8760000000000003,3.483,3.4189999999999996,2.978,2.795,3.696,5.752999999999999,5.9510000000000005,7.402,12.462,12.6,11.845,6.996
1997-08-01,5.162999999999999,4.93,3.985,3.298,2.825,2.234,2.222,2.6239999999999997,3.3819999999999997,5.974,11.543,12.705,11.592,6.916
1997-09-01,3.611,3.572,3.4019999999999997,2.535,2.103,1.604,1.432,1.317,2.2680000000000002,5.046,10.97,10.707,8.902999999999999,6.666
1997-10-01,2.947,3.431,3.423,2.832,2.331,2.165,2.37,2.6319999999999997,2.494,5.669,11.1,10.984000000000002,9.939,5.85
1997-11-01,3.177,3.4760000000000004,3.4560000000000004,2.485,2.114,1.9340000000000002,2.408,3.452,4.266,6.765,11.952,12.708,10.465,5.156000000000001
1997-12-01,2.595,3.25,3.092,2.36,2.155,2.175,2.767,3.819,5.702000000000001,8.859,11.837,12.671,9.772,4.195
1998-01-01,2.88,3.426,3.177,2.487,2.035,2.1830000000000003,2.311,3.484,7.106,10.1,16.008,15.577,11.225999999999999,5.388
1998-02-01,3.4810000000000003,3.6060000000000003,3.468,2.62,1.9909999999999999,1.5430000000000001,1.589,2.503,7.48,6.846,13.218,14.36,10.583,5.207000000000001
1998-03-01,3.227,3.6919999999999997,3.574,2.875,2.3409999999999997,2.0340000000000003,2.945,4.051,8.051,10.331,14.91,11.960999999999999,10.413,6.144
1998-04-01,3.637,4.26,3.888,3.123,2.6910000000000003,3.6910000000000003,7.022,9.6,10.142999999999999,12.024000000000001,15.838,13.475999999999999,10.382,7.121
1998-05-01,5.025,4.968,4.0360000000000005,3.275,2.947,2.5,2.425,5.281000000000001,10.167,9.767000000000001,13.934000000000001,11.612,10.444,6.611000000000001
1998-06-01,4.038,3.906,3.792,3.3089999999999997,3.0380000000000003,3.597,5.037,7.853,8.766,8.636000000000001,12.370999999999999,12.110999999999999,11.321,7.472
1998-07-01,3.577,3.736,3.904,3.29,2.806,2.65,3.38,6.725,6.487,8.161,12.309000000000001,12.697000000000001,11.806,7.728
1998-08-01,3.542,3.523,3.833,3.306,2.935,2.207,2.245,2.628,4.177,7.071000000000001,12.04,12.425999999999998,11.659,7.403
1998-09-01,3.682,4.045,3.7119999999999997,2.8310000000000004,2.292,1.9140000000000001,2.625,4.065,4.428,7.042000000000001,11.434000000000001,11.288,11.194,6.901
1998-10-01,2.9,3.557,3.488,2.73,2.439,2.2119999999999997,2.76,4.302,4.548,7.483,12.207,11.789000000000001,9.995,6.2620000000000005
1998-11-01,2.492,3.301,3.258,2.654,2.488,1.972,2.528,3.9130000000000003,4.73,7.101,12.085,12.312000000000001,9.846,5.269
1998-12-01,3.29,3.615,3.431,2.9619999999999997,2.456,2.215,2.4090000000000003,3.5980000000000003,4.98,7.643,13.799000000000001,13.405999999999999,10.597000000000001,4.644
1999-01-01,2.835,3.2119999999999997,3.02,2.582,1.912,1.974,3.0410000000000004,5.928,6.025,9.732000000000001,12.946,12.825999999999999,10.686,5.004
1999-02-01,2.8680000000000003,3.623,3.4819999999999998,2.53,2.4090000000000003,2.4459999999999997,3.661,6.724,9.492,11.8,16.165,13.835,10.796,5.818
1999-03-01,3.792,4.138,3.838,2.886,2.354,2.1,3.613,6.194,8.591000000000001,10.955,16.347,13.42,11.036,5.8870000000000005
1999-04-01,4.131,4.376,4.0680000000000005,3.147,3.035,4.894,7.597,9.94,10.255,10.262,13.937000000000001,12.043,10.767999999999999,6.857
1999-05-01,4.373,4.704,4.378,3.2760000000000002,2.813,2.833,4.3180000000000005,7.189,9.875,8.811,12.432,12.415999999999999,10.855,8.263
1999-06-01,4.2669999999999995,4.421,4.059,3.855,2.926,3.096,5.3870000000000005,7.062,7.459,8.705,12.272,12.357000000000001,11.865,6.904
1999-07-01,4.564,4.895,4.435,4.0089999999999995,3.1430000000000002,2.589,3.353,4.812,4.327,7.001,11.842,12.985,13.119000000000002,7.428999999999999
1999-08-01,4.471,4.3,3.978,3.1069999999999998,2.806,2.738,3.265,4.321000000000001,4.666,6.978,11.845999999999998,12.35,12.876,7.0520000000000005
1999-09-01,3.8680000000000003,4.475,3.698,3.2239999999999998,2.764,2.185,2.246,4.039,4.073,6.312,11.315999999999999,12.137,13.819,6.294
1999-10-01,2.8360000000000003,3.69,3.58,2.465,2.103,2.1719999999999997,2.3040000000000003,2.9189999999999996,4.112,5.787999999999999,11.478,13.515,10.645,6.164
1999-11-01,2.823,3.574,3.293,2.379,2.2569999999999997,2.173,2.6910000000000003,3.1189999999999998,4.242,8.529,11.592,12.382,10.008,6.044
1999-12-01,2.819,3.3089999999999997,2.995,2.327,1.974,2.421,2.781,3.347,5.7829999999999995,7.459,12.72,13.535,9.515,4.934
2000-01-01,3.1319999999999997,3.4019999999999997,3.227,2.2880000000000003,1.794,1.321,1.3980000000000001,2.286,5.377000000000001,7.922000000000001,13.953,14.729000000000001,10.927999999999999,5.012
2000-02-01,3.3089999999999997,3.6260000000000003,3.3789999999999996,2.5780000000000003,2.1,2.3409999999999997,3.06,5.649,7.164,8.941,15.989,14.177,10.788,6.801
2000-03-01,3.367,3.875,3.377,2.763,2.278,2.727,4.221,6.421,7.287999999999999,8.375,16.182000000000002,13.505999999999998,10.368,6.377999999999999
2000-04-01,3.955,4.175,3.985,3.091,3.036,3.9410000000000003,5.797000000000001,8.95,10.558,10.953,14.767000000000001,13.436,10.884,6.727
2000-05-01,4.56,4.638,4.225,3.449,3.187,3.293,3.898,6.641,7.37,8.157,14.013,12.599,11.09,7.022
2000-06-01,4.311,4.099,3.784,3.0980000000000003,2.5869999999999997,2.294,2.665,4.872,4.822,5.985,12.388,12.440999999999999,11.985999999999999,7.6
2000-07-01,3.358,3.975,3.6460000000000004,3.418,3.073,3.6060000000000003,6.192,8.04,6.159,7.175,12.477,12.517000000000001,13.020999999999999,7.119
2000-08-01,3.66,3.552,3.378,3.0389999999999997,2.698,2.7260000000000004,3.2889999999999997,3.7560000000000002,4.04,6.409,11.674000000000001,12.669,11.690999999999999,6.864
2000-09-01,3.324,3.7089999999999996,3.707,3.082,2.737,2.15,2.265,3.003,4.84,5.723,11.29,11.654000000000002,10.805,6.43
2000-10-01,3.175,3.323,3.2110000000000003,2.531,2.28,2.2769999999999997,2.662,3.11,4.801,5.928,11.244000000000002,11.285,10.380999999999998,8.69
2000-11-01,2.964,3.2,2.9139999999999997,2.377,2.024,2.9760000000000004,3.6069999999999998,4.272,4.864,7.0120000000000005,11.808,11.955,9.722999999999999,4.944
2000-12-01,2.898,3.36,3.1289999999999996,2.3409999999999997,2.002,1.604,2.7030000000000003,3.735,6.365,6.477,13.937999999999999,13.025,11.712,5.7860000000000005
2001-01-01,3.0180000000000002,3.489,3.182,2.531,2.329,2.499,4.21,7.021,8.623,7.97,15.505,15.029000000000002,10.749,5.281000000000001
2001-02-01,3.0989999999999998,3.6710000000000003,3.267,2.555,2.016,1.81,2.783,5.9079999999999995,8.623,8.798,16.948,14.749,10.985999999999999,5.707000000000001
2001-03-01,3.091,3.8360000000000003,3.7880000000000003,3.318,2.8539999999999996,2.325,5.486000000000001,9.216000000000001,9.289,10.818,16.008,14.198,11.061,6.31
2001-04-01,3.6910000000000003,3.946,4.149,2.997,2.964,4.485,8.082,9.825,11.472999999999999,11.283,15.085999999999999,13.749,9.827,7.539
2001-05-01,4.175,4.705,3.906,3.35,2.891,2.305,3.403,5.997999999999999,9.434,8.689,13.62,12.991,11.97,9.539
2001-06-01,4.2860000000000005,4.123,3.798,3.342,3.073,2.677,2.533,6.9670000000000005,6.85,8.205,12.039000000000001,12.902999999999999,11.824000000000002,7.074
2001-07-01,4.984,4.8180000000000005,3.937,3.6719999999999997,3.1239999999999997,3.597,4.869,7.831,6.4110000000000005,8.274,13.091,13.755,12.467,7.268
2001-08-01,3.8480000000000003,4.319,3.718,3.3680000000000003,2.753,2.6189999999999998,3.484,4.595,5.178,6.355,12.283,12.956,10.960999999999999,7.789
2001-09-01,2.963,3.7039999999999997,3.398,3.0210000000000004,2.394,2.696,3.861,4.601,4.37,7.399,12.115,13.255999999999998,11.481,8.754
2001-10-01,3.654,3.9019999999999997,3.4360000000000004,2.513,2.115,1.9769999999999999,2.124,2.8080000000000003,3.395,6.676,11.300999999999998,12.216,10.306,6.093
2001-11-01,2.8160000000000003,3.3310000000000004,3.179,2.4290000000000003,2.303,1.6980000000000002,2.373,3.3139999999999996,4.107,6.568,12.402000000000001,12.565999999999999,11.155999999999999,5.575
2001-12-01,3.242,3.239,3.0180000000000002,2.258,1.817,1.39,1.496,2.185,4.852,7.122999999999999,12.128,12.481,10.007,5.42
2002-01-01,3.284,3.69,3.3819999999999997,2.543,1.9369999999999998,1.699,1.943,3.1839999999999997,6.752000000000001,7.23,13.177,14.190999999999999,11.023,5.162000000000001
2002-02-01,3.299,3.594,3.272,2.467,2.23,2.161,3.303,5.787000000000001,7.77,9.017999999999999,14.58,16.028,11.442,6.478
2002-03-01,3.395,4.167,3.7039999999999997,2.78,2.318,2.251,3.423,6.909,7.0360000000000005,10.176,15.615,14.258,10.842,6.337000000000001
2002-04-01,4.312,4.665,3.986,3.358,3.1439999999999997,4.784,6.593999999999999,8.637,11.155,11.505999999999998,15.463,12.95,10.57,8.802
2002-05-01,4.412,4.611000000000001,4.3580000000000005,3.4410000000000003,3.042,2.583,4.334,6.013999999999999,9.279,8.936,12.436,13.710999999999999,10.76,7.295
2002-06-01,3.762,3.966,4.006,3.306,3.279,3.06,3.7319999999999998,7.1160000000000005,7.605,7.752000000000001,12.834000000000001,12.838,11.072000000000001,7.813
2002-07-01,3.665,3.947,4.213,3.517,3.2319999999999998,2.6,2.978,6.099,5.692,7.63,12.722999999999999,12.962,13.648,7.425
2002-08-01,3.841,4.276,3.813,3.6060000000000003,2.862,2.483,2.911,3.707,4.7010000000000005,6.721,11.545,12.665999999999999,11.421,7.021
2002-09-01,3.491,3.787,3.591,2.965,2.506,1.848,1.732,2.745,4.285,7.3629999999999995,11.852,11.344000000000001,10.071,6.564
2002-10-01,3.073,3.72,3.4760000000000004,2.677,2.213,1.655,2.127,3.116,4.388,6.821000000000001,12.043,12.539000000000001,10.639000000000001,7.289
2002-11-01,2.983,3.6910000000000003,3.42,2.443,2.294,2.141,2.7230000000000003,3.886,5.022,8.033999999999999,12.985999999999999,13.853,12.025,6.421
2002-12-01,2.964,3.53,3.201,2.531,2.247,2.262,3.062,3.4789999999999996,4.628,9.142000000000001,13.208,13.554,10.450999999999999,5.325
2003-01-01,2.9530000000000003,3.4789999999999996,3.19,2.5380000000000003,2.076,2.229,3.145,4.967,6.694,9.679,16.009,13.978,10.743,6.336
2003-02-01,3.542,4.2010000000000005,3.4619999999999997,2.594,2.281,2.293,2.926,5.431,8.709,8.366,18.627,14.622,11.625,6.307
2003-03-01,4.026,4.618,3.786,3.225,2.673,2.34,2.833,4.673,9.361,9.757,15.719000000000001,14.392000000000001,11.155,6.331
2003-04-01,4.305,4.402,3.989,3.162,2.782,2.266,3.633,7.388999999999999,9.716000000000001,10.0,16.750999999999998,13.937999999999999,10.981,7.303
2003-05-01,4.157,4.765,4.374,3.435,2.569,2.9019999999999997,4.188,7.928,9.732999999999999,9.357000000000001,14.193,13.821,11.569,7.939
2003-06-01,4.989,5.297999999999999,4.78,3.52,2.8960000000000004,2.434,2.279,3.0180000000000002,5.34,7.136,13.390999999999998,12.581,11.395999999999999,8.022
2003-07-01,4.091,3.9130000000000003,3.7889999999999997,3.359,2.905,2.406,3.582,6.029,6.979,6.933,12.815999999999999,12.446,11.995,7.979
2003-08-01,5.251,5.013,4.321000000000001,3.698,2.928,2.279,2.334,2.927,3.72,5.909,12.315999999999999,12.399000000000001,12.843,9.727
2003-09-01,4.166,4.227,3.469,2.9730000000000003,2.548,2.023,1.796,2.968,3.273,6.207000000000001,12.040999999999999,12.682,11.085999999999999,7.13
2003-10-01,2.91,3.905,3.593,2.76,2.171,1.751,2.455,3.742,4.881,6.689,12.08,12.735,9.623,5.955
2003-11-01,2.924,3.593,3.127,2.49,1.984,1.53,1.608,2.822,4.522,6.916,11.993,13.575,11.735,6.567
2003-12-01,2.359,3.444,2.9789999999999996,2.279,1.8719999999999999,1.517,1.9909999999999999,3.082,4.772,8.046,12.908,12.593,10.722000000000001,5.371
2004-01-01,2.9819999999999998,3.373,3.177,2.371,2.092,2.013,3.417,5.154,7.335,9.905,17.111,14.956,9.766,5.369
2004-02-01,3.102,3.545,3.278,2.5839999999999996,2.051,1.892,2.6189999999999998,5.517,9.302999999999999,12.739,15.206,14.927999999999999,11.369000000000002,5.557
2004-03-01,3.612,4.079,3.727,2.8569999999999998,2.543,2.8310000000000004,4.507,8.182,11.695,12.232000000000001,15.189,14.148,10.124,7.572
2004-04-01,4.328,4.409,4.169,3.312,2.795,3.47,5.872999999999999,11.069,10.783,11.299000000000001,14.492,13.642999999999999,10.585,7.141
2004-05-01,4.058,4.662,4.163,3.273,3.042,2.815,3.9389999999999996,8.408999999999999,11.607000000000001,9.262,14.55,13.062000000000001,11.379000000000001,7.992000000000001
2004-06-01,4.1610000000000005,4.079,3.838,3.346,2.86,3.029,3.866,6.851,7.084,8.45,12.802999999999999,13.15,11.776,7.468999999999999
2004-07-01,3.767,4.112,3.583,3.384,2.892,2.707,3.832,6.062,4.9830000000000005,7.225,12.106,13.225,11.955,6.99
2004-08-01,4.613,4.731,3.975,3.6319999999999997,3.2680000000000002,2.676,3.642,4.023,4.37,7.525,12.002,13.127,11.569,6.696000000000001
2004-09-01,3.8760000000000003,3.8139999999999996,3.557,2.9960000000000004,2.441,2.334,2.522,2.702,2.964,6.712000000000001,11.527999999999999,12.536,9.995,6.244
2004-10-01,3.117,3.778,3.5869999999999997,2.805,2.201,2.199,2.608,3.3810000000000002,3.96,6.218999999999999,11.972999999999999,12.312999999999999,10.612,6.683
2004-11-01,3.2089999999999996,3.594,3.3139999999999996,2.718,2.166,1.7109999999999999,1.932,2.845,3.687,6.181,12.847000000000001,12.026,9.921,5.546
2004-12-01,3.0269999999999997,3.736,3.412,2.58,2.0,1.662,2.116,2.7260000000000004,4.328,7.671,13.583,13.845999999999998,11.22,4.859
2005-01-01,3.238,3.639,3.295,2.6260000000000003,2.088,2.1069999999999998,2.089,3.458,6.167000000000001,8.589,14.575999999999999,13.827,11.615,5.033
2005-02-01,3.053,3.71,3.512,2.6860000000000004,2.41,2.7060000000000004,3.77,7.107,10.974,11.137,14.953,14.0,10.175,5.23
2005-03-01,3.665,3.841,3.675,2.752,2.3819999999999997,1.994,2.9760000000000004,5.796,9.3,10.185,15.366,13.050999999999998,9.674,6.266
2005-04-01,2.985,3.5980000000000003,3.845,3.202,2.623,2.765,3.917,8.017999999999999,9.668,9.765,15.850999999999999,13.367,11.222999999999999,7.667999999999999
2005-05-01,3.847,4.275,4.192,3.1489999999999996,2.74,2.647,4.058,7.559,8.767000000000001,7.931,14.35,13.419,11.193,7.562
2005-06-01,5.044,5.045,4.056,3.608,3.042,2.285,2.924,4.955,6.442,7.27,12.808,11.898,11.72,10.902999999999999
2005-07-01,3.835,4.252,3.944,3.49,2.985,3.133,4.158,5.961,5.566,6.965,12.610999999999999,13.33,12.315999999999999,7.593999999999999
2005-08-01,3.9189999999999996,4.137,3.6289999999999996,3.437,2.898,2.661,3.4130000000000003,4.132,4.189,6.577999999999999,12.300999999999998,12.175,12.116,6.71
2005-09-01,3.638,3.9560000000000004,3.352,3.138,2.25,1.8030000000000002,1.82,2.454,3.237,5.691,11.669,11.184000000000001,10.963,6.858
2005-10-01,3.821,4.104,3.3960000000000004,2.68,2.2430000000000003,1.5730000000000002,1.4069999999999998,2.14,3.113,5.346,11.957,12.6,11.380999999999998,6.29
2005-11-01,2.977,3.3760000000000003,3.1319999999999997,2.404,2.069,2.124,2.464,2.926,4.306,7.055,12.414000000000001,12.892000000000001,10.446,5.632999999999999
2005-12-01,2.7880000000000003,3.1319999999999997,3.0669999999999997,2.448,1.96,1.699,2.164,2.758,4.706,8.647,12.808,13.868,11.306,6.245
2006-01-01,3.236,3.4989999999999997,3.219,2.467,2.079,2.1959999999999997,2.696,4.067,6.563,6.079,12.985999999999999,12.84,9.309,4.782
2006-02-01,2.95,3.718,3.427,2.658,2.2230000000000003,2.086,4.172,7.126,10.076,11.273,17.542,15.437000000000001,11.942,5.886
2006-03-01,3.529,4.136,3.763,2.72,2.334,3.372,5.756,10.925,11.352,12.839,15.005999999999998,14.124,11.092,6.607
2006-04-01,3.892,4.143,3.903,3.125,3.1889999999999996,3.8369999999999997,6.047999999999999,10.307,8.785,11.05,14.929,14.037,12.147,6.2620000000000005
2006-05-01,4.442,4.961,4.292,3.1060000000000003,2.805,3.0069999999999997,4.865,8.124,9.171,9.442,13.913,13.534,11.588,7.952000000000001
2006-06-01,4.955,5.11,4.217,3.5069999999999997,3.265,2.701,2.875,4.665,6.8629999999999995,8.167,12.468,13.478,11.577,7.36
2006-07-01,4.876,4.625,4.371,3.908,3.33,2.873,2.7430000000000003,4.624,5.876,6.515,11.784,12.812999999999999,11.886,10.342
2006-08-01,3.292,3.548,3.448,3.19,3.094,3.6460000000000004,4.872,5.369,5.827999999999999,8.085,12.092,12.593,12.017000000000001,5.9
2006-09-01,3.804,3.995,3.373,2.867,2.3680000000000003,1.996,1.755,2.5580000000000003,3.242,5.672000000000001,11.158,11.703,10.261,6.5329999999999995
2006-10-01,3.156,3.403,3.26,2.572,2.062,1.5119999999999998,1.636,2.7539999999999996,3.513,5.571000000000001,10.845999999999998,12.075999999999999,10.331,5.98
2006-11-01,3.3939999999999997,3.875,3.404,2.7239999999999998,2.524,2.044,1.828,2.497,3.346,6.706,12.183,12.989,10.679,5.497000000000001
2006-12-01,3.3819999999999997,3.761,3.375,2.333,2.033,1.6269999999999998,1.7719999999999998,2.909,4.359,6.374,11.83,14.058,11.659,5.6339999999999995
2007-01-01,3.051,3.495,3.2110000000000003,2.552,2.092,1.891,2.059,2.7960000000000003,5.669,8.559,14.765999999999998,14.751,11.527999999999999,5.9079999999999995
2007-02-01,3.042,3.5069999999999997,3.375,2.62,2.335,2.293,2.925,5.55,7.5520000000000005,10.215,16.069000000000003,15.024000000000001,11.963,7.718
2007-03-01,4.112,4.239,4.01,3.6630000000000003,3.194,4.2139999999999995,6.095,8.718,11.648,13.902999999999999,17.873,14.547,10.86,6.142
2007-04-01,4.862,5.447,4.762,3.4930000000000003,2.813,2.575,2.49,3.237,7.862,7.962000000000001,16.025,13.857000000000001,10.87,6.37
2007-05-01,4.296,4.48,3.764,3.287,2.991,2.846,3.945,5.526,8.275,7.773,14.324000000000002,11.735,10.639000000000001,7.513
2007-06-01,3.583,3.9989999999999997,4.4510000000000005,4.63,4.0360000000000005,3.8560000000000003,4.458,7.76,8.198,7.4079999999999995,12.446,12.877,11.209000000000001,7.276
2007-07-01,3.576,3.7539999999999996,4.002,3.737,3.2880000000000003,3.4360000000000004,4.254,6.297999999999999,6.422999999999999,6.9639999999999995,12.21,12.639000000000001,11.462,7.29
2007-08-01,3.361,3.819,4.335,4.215,3.424,3.324,3.4130000000000003,5.313,5.649,6.662999999999999,11.57,12.204,11.945,7.039
2007-09-01,2.998,3.516,3.4619999999999997,3.65,3.147,2.702,3.61,3.8310000000000004,4.247,6.14,11.436,11.91,10.464,6.807
2007-10-01,2.818,3.7239999999999998,3.608,2.9530000000000003,2.349,1.875,1.926,3.281,3.612,5.396,11.758,11.515999999999998,10.142000000000001,6.559
2007-11-01,2.568,3.0,3.1839999999999997,2.8560000000000003,2.395,2.451,2.335,2.9539999999999997,4.5680000000000005,6.399,11.879000000000001,12.044,10.602,6.434
2007-12-01,2.6,3.386,3.765,2.747,2.69,2.969,3.655,4.228,5.707000000000001,8.05,12.606,13.619000000000002,10.749,5.731
2008-01-01,3.022,3.52,3.388,2.8169999999999997,2.428,2.444,3.283,4.228,6.699,8.012,13.005,13.762,11.308,5.392
2008-02-01,3.395,3.85,3.6639999999999997,2.927,2.408,2.3,2.523,4.311,6.564,8.92,14.23,13.863,10.423,6.18
2008-03-01,3.545,3.727,3.7960000000000003,3.513,3.2569999999999997,4.154,5.518,7.13,7.941,9.42,17.14,15.212,11.415999999999999,6.909
2008-04-01,3.284,3.841,4.187,3.272,3.042,4.212,5.401,8.37,8.801,9.7,14.495999999999999,14.432,11.51,7.305
2008-05-01,4.645,5.003,4.678999999999999,3.43,3.194,2.155,2.725,6.504,7.025,7.6339999999999995,14.299000000000001,12.685,11.116,7.246
2008-06-01,3.661,4.212,4.027,3.525,3.2889999999999997,2.51,3.638,5.176,6.144,6.7620000000000005,13.199000000000002,13.579,12.097000000000001,7.579
2008-07-01,3.858,3.86,4.075,3.375,3.091,3.551,4.645,4.6,5.261,6.442,11.924000000000001,12.894,11.529000000000002,6.971
2008-08-01,3.085,3.122,3.5039999999999996,3.4389999999999996,3.115,2.765,3.359,4.542,5.001,6.609,11.585999999999999,12.539000000000001,11.3,7.782
2008-09-01,2.653,3.221,3.716,3.182,2.5269999999999997,2.185,1.931,2.91,3.87,6.172000000000001,11.290999999999999,12.114,10.038,6.431
2008-10-01,2.314,2.9810000000000003,3.2880000000000003,2.8080000000000003,2.319,2.276,2.572,3.333,3.8089999999999997,5.997999999999999,11.35,12.186,10.407,5.897
2008-11-01,2.1590000000000003,3.138,3.31,2.635,2.167,1.879,2.206,3.252,5.122000000000001,7.482,11.542,12.445,10.08,5.678999999999999
2008-12-01,2.608,3.409,3.5460000000000003,2.818,2.384,2.571,2.68,4.46,6.1339999999999995,9.548,12.244000000000002,13.019,10.027999999999999,5.404
2009-01-01,3.0060000000000002,3.5580000000000003,3.395,2.923,2.4290000000000003,3.0039999999999996,4.123,7.0889999999999995,7.559,8.413,17.262999999999998,15.692,11.68,5.851
2009-02-01,2.7910000000000004,3.657,3.64,2.736,2.193,1.989,3.681,5.832999999999999,8.605,11.35,19.587,16.916,12.769,6.582999999999999
2009-03-01,3.57,4.124,4.188,3.319,2.948,2.9530000000000003,4.3180000000000005,6.372999999999999,8.495,11.549000000000001,15.062000000000001,14.743,11.357999999999999,5.9910000000000005
2009-04-01,4.256,4.916,4.817,4.212,3.5669999999999997,3.23,3.718,7.643,9.003,8.687000000000001,14.725999999999999,13.537,10.585,6.5760000000000005
2009-05-01,4.091,4.408,4.2219999999999995,3.82,3.1,2.6910000000000003,2.782,6.05,9.401,8.84,13.157,12.43,10.413,7.127999999999999
2009-06-01,4.287,4.394,4.823,4.006,3.615,2.985,2.842,5.629,8.186,8.109,12.59,12.587,10.975,5.558
2009-07-01,3.8339999999999996,3.737,4.327,4.363,3.9019999999999997,3.5669999999999997,4.581,6.755,5.909,6.695,12.102,12.187000000000001,11.08,5.928999999999999
2009-08-01,4.371,4.172,4.2139999999999995,3.33,2.9760000000000004,2.612,2.575,3.273,4.177,5.62,11.342,10.962,11.738,8.674
2009-09-01,2.842,3.735,3.5669999999999997,2.92,2.412,2.188,2.6919999999999997,3.032,3.608,5.695,11.529000000000002,11.827,11.578,6.334
2009-10-01,2.918,3.537,3.353,2.6660000000000004,2.2680000000000002,1.943,1.8119999999999998,2.505,4.159,5.871,11.34,12.68,10.902999999999999,6.3260000000000005
2009-11-01,3.035,3.585,3.353,2.784,2.1919999999999997,2.387,2.9930000000000003,3.2539999999999996,4.124,7.385,12.639000000000001,12.985999999999999,10.408,4.327
2009-12-01,2.662,3.2969999999999997,3.375,2.89,2.5340000000000003,2.175,2.83,4.2589999999999995,6.5760000000000005,9.246,13.857000000000001,13.075,10.924000000000001,6.19
2010-01-01,2.427,3.685,3.4419999999999997,2.66,2.247,2.03,3.028,5.388,8.875,13.806,18.003,15.642000000000001,11.423,5.7860000000000005
2010-02-01,2.898,3.673,3.673,2.969,2.81,3.06,4.696000000000001,9.162,10.515,13.889000000000001,16.597,14.425,10.572000000000001,6.459
2010-03-01,3.806,4.122,3.822,3.26,2.735,2.675,4.2669999999999995,8.173,10.615,12.523,19.085,14.314,11.097000000000001,6.891
2010-04-01,4.274,4.736000000000001,4.508,3.3930000000000002,2.9610000000000003,2.647,3.867,7.484,8.949,12.252,16.753,13.439,10.630999999999998,6.749
2010-05-01,3.707,4.171,4.265,3.7969999999999997,3.29,3.69,5.358,10.353,9.378,8.923,15.338,13.357000000000001,11.195,8.35
2010-06-01,4.342,4.609,4.382,3.714,3.489,2.8310000000000004,3.179,6.07,8.13,9.956,13.102,12.708,12.008,8.371
2010-07-01,4.718999999999999,4.51,3.614,3.417,3.045,2.889,3.5180000000000002,3.912,5.156000000000001,7.992000000000001,12.717,13.3,11.925999999999998,6.996
2010-08-01,3.5460000000000003,3.803,3.823,3.594,3.237,3.0469999999999997,4.288,5.7410000000000005,6.245,7.941,11.772,11.272,11.894,7.882999999999999
2010-09-01,3.4960000000000004,3.906,3.766,3.13,2.737,2.254,3.114,3.4339999999999997,4.244,7.513999999999999,11.747,12.919,11.619000000000002,8.586
2010-10-01,3.753,3.947,3.445,2.7230000000000003,2.43,1.956,2.291,2.88,4.066,6.7,11.692,12.398,10.464,6.434
2010-11-01,2.4330000000000003,3.4410000000000003,3.425,2.75,2.276,2.484,3.685,5.165,6.485,9.253,13.325,13.937000000000001,11.289000000000001,5.465
2010-12-01,2.56,3.384,3.318,2.7510000000000003,2.585,2.249,3.2089999999999996,5.68,9.506,10.267999999999999,14.002,14.929,11.73,5.849
2011-01-01,3.475,3.722,3.4,2.7,2.174,2.032,2.833,4.755,7.154,9.895,15.888,15.345,10.901,7.269
2011-02-01,3.264,4.216,3.8160000000000003,2.821,2.191,2.012,2.805,5.682,7.167999999999999,10.317,16.947,15.120999999999999,10.933,5.622000000000001
2011-03-01,3.7510000000000003,4.532,4.055,3.0810000000000004,2.517,2.013,2.4459999999999997,5.641,8.399,8.988999999999999,15.095,14.06,10.370999999999999,6.595
2011-04-01,4.523,5.062,4.246,3.1069999999999998,2.55,2.3369999999999997,3.2119999999999997,6.442,6.8020000000000005,8.368,14.838,12.956,10.173,7.022
2011-05-01,4.346,4.4910000000000005,4.208,3.3510000000000004,2.759,2.583,2.779,5.043,7.605,8.487,13.987,12.603,11.368,6.983
2011-06-01,4.117,4.011,4.505,3.845,3.245,3.06,3.804,6.607,6.672999999999999,7.278,13.177999999999999,13.088,11.687000000000001,7.398
2011-07-01,3.5780000000000003,3.998,3.92,4.311,3.463,2.81,3.926,6.662999999999999,6.367999999999999,7.874,12.388,12.626,11.66,7.327000000000001
2011-08-01,3.5460000000000003,3.897,3.6689999999999996,3.141,2.735,2.386,2.7460000000000004,3.6460000000000004,4.3580000000000005,6.224,11.819,12.222999999999999,11.047,6.984
2011-09-01,3.4210000000000003,3.395,3.633,2.9539999999999997,2.622,2.536,2.282,2.322,3.1839999999999997,5.882999999999999,11.31,11.950999999999999,10.505999999999998,6.446000000000001
2011-10-01,3.307,3.785,3.448,2.7889999999999997,2.6310000000000002,2.129,2.451,2.9789999999999996,3.575,6.057,11.55,12.235999999999999,10.357999999999999,5.941
2011-11-01,3.451,3.832,3.449,2.48,2.166,1.666,1.625,2.506,3.572,6.354,11.595999999999998,12.859000000000002,10.805,5.728
2011-12-01,3.1289999999999996,3.4139999999999997,3.097,2.72,2.521,3.3539999999999996,3.8539999999999996,4.205,5.433,8.897,12.321,12.795,9.886000000000001,5.107
2012-01-01,3.065,3.341,3.117,2.414,2.023,1.965,2.532,4.382,5.324,7.736000000000001,13.045,13.642000000000001,9.427999999999999,5.062
2012-02-01,3.3369999999999997,3.779,3.264,2.636,2.18,2.31,2.997,4.505,6.774,7.627999999999999,14.974,14.132,10.835999999999999,6.255
2012-03-01,3.917,4.4319999999999995,3.951,3.0469999999999997,2.6310000000000002,2.194,2.436,4.082,5.856,8.713,14.644,14.338,10.743,6.473
2012-04-01,4.236000000000001,4.417,4.085,3.2030000000000003,2.745,3.4360000000000004,7.662999999999999,9.818999999999999,9.283999999999999,7.702000000000001,15.671,14.588,11.79,7.154
2012-05-01,4.725,4.98,3.903,3.187,2.966,2.563,3.134,5.974,9.079,9.45,13.640999999999998,12.925,11.152999999999999,7.9239999999999995
2012-06-01,3.4,3.447,3.7539999999999996,3.575,3.806,3.7939999999999996,4.811,6.399,7.289,6.6160000000000005,13.314,12.812000000000001,11.675,7.882999999999999
2012-07-01,4.619,4.474,4.099,3.685,3.3360000000000003,3.26,4.518,6.57,6.455,7.06,12.732999999999999,12.899000000000001,12.026,7.25
2012-08-01,4.167,4.073,3.7889999999999997,3.44,2.9819999999999998,2.875,3.272,3.76,5.12,6.496,11.344000000000001,11.235,11.092,7.103
2012-09-01,3.553,3.5389999999999997,3.7030000000000003,3.1630000000000003,2.5810000000000004,2.3569999999999998,3.0469999999999997,3.8819999999999997,3.7510000000000003,6.112,11.382,11.879000000000001,10.394,6.48
2012-10-01,3.2260000000000004,3.6689999999999996,3.1319999999999997,2.395,2.127,1.844,2.08,2.887,4.23,6.095,11.075999999999999,11.806,10.417,5.942
2012-11-01,3.042,3.569,3.5410000000000004,2.7969999999999997,2.19,2.03,2.1180000000000003,3.1719999999999997,5.506,7.5520000000000005,13.632,13.404000000000002,11.030999999999999,5.837000000000001
2012-12-01,2.887,3.554,3.554,2.577,2.427,2.637,3.464,4.586,6.251,8.796,12.72,12.794,9.657,4.8260000000000005
2013-01-01,2.835,3.525,3.5,2.745,2.285,2.426,3.372,6.079,7.671,9.832,16.764,15.482999999999999,12.123,6.131
2013-02-01,2.804,3.763,3.627,2.911,2.38,2.782,4.473,7.029,9.449,12.735999999999999,15.785,14.932,11.262,5.657
2013-03-01,3.798,4.337,3.975,3.102,2.5540000000000003,3.801,5.431,8.603,12.392000000000001,12.306,15.834000000000001,14.003,10.635,6.29
2013-04-01,3.8560000000000003,4.416,4.209,3.4610000000000003,2.843,2.888,5.016,8.491,11.59,11.604000000000001,15.65,14.22,11.679,6.968999999999999
2013-05-01,4.45,4.596,4.4239999999999995,3.3480000000000003,2.912,3.6910000000000003,5.563,11.216,9.314,9.57,13.679,12.931,10.448,7.3260000000000005
2013-06-01,4.051,4.208,4.16,3.843,3.042,2.469,4.486000000000001,8.832,8.933,8.524,13.821,13.450999999999999,11.613,6.476
2013-07-01,4.4430000000000005,4.434,4.196000000000001,3.71,3.286,3.513,3.362,6.011,5.484,7.358,12.54,13.148,11.718,6.836
2013-08-01,4.394,4.194,3.696,3.237,3.1510000000000002,2.967,2.915,4.204,4.992,6.537000000000001,12.398,12.094000000000001,12.097000000000001,6.655
2013-09-01,3.635,3.96,3.807,3.215,2.6910000000000003,2.222,2.917,3.133,3.8169999999999997,6.925,11.957,11.757,9.732999999999999,6.518
2013-10-01,3.2710000000000004,3.977,3.841,2.8310000000000004,2.458,1.953,2.738,3.263,3.7569999999999997,6.3260000000000005,11.63,12.148,10.036,5.97
2013-11-01,3.012,3.609,3.431,2.577,2.156,2.359,3.261,4.325,5.175,7.04,13.709000000000001,13.939,11.275,6.171
2013-12-01,3.61,3.963,3.6439999999999997,2.609,2.0069999999999997,1.722,1.504,1.982,3.793,6.41,12.911,13.675,11.253,5.684
2014-01-01,3.313,3.7289999999999996,3.405,2.665,2.1430000000000002,2.095,2.923,5.0169999999999995,7.497000000000001,9.589,15.009,15.235,12.699000000000002,6.877000000000001
2014-02-01,3.533,3.949,3.592,2.735,2.437,3.755,5.862,8.556000000000001,10.475999999999999,10.443,18.111,16.213,13.532,6.782
2014-03-01,4.18,4.371,3.9810000000000003,3.0980000000000003,2.5469999999999997,3.3710000000000004,4.3580000000000005,6.671,9.06,9.42,18.229,15.142999999999999,11.795,6.086
2014-04-01,4.272,4.448,4.296,3.245,2.6660000000000004,2.271,2.559,7.144,7.522,8.652999999999999,16.723,14.717,11.705,6.4079999999999995
2014-05-01,4.391,4.607,4.129,3.695,3.071,3.112,5.392,8.621,7.8389999999999995,9.379,13.722999999999999,13.318,11.700999999999999,7.706
2014-06-01,4.102,3.968,4.042,3.4760000000000004,2.945,2.529,2.324,5.859,7.746,9.177999999999999,13.594000000000001,13.383,12.435,7.237
2014-07-01,4.801,4.656000000000001,4.495,3.784,3.216,2.617,2.943,5.992999999999999,7.268,7.9270000000000005,12.842,13.780999999999999,12.082,6.7860000000000005
2014-08-01,3.77,3.971,3.6069999999999998,3.0389999999999997,2.705,3.023,3.985,5.865,6.165,8.037,13.069,13.821,12.334000000000001,6.771
2014-09-01,4.025,4.401,4.218,3.298,2.813,2.5,2.354,2.82,3.58,6.321000000000001,11.475,12.324000000000002,10.629000000000001,5.919
2014-10-01,3.4219999999999997,3.8560000000000003,3.58,3.017,2.6489999999999996,1.9,1.993,2.4459999999999997,3.252,5.443,11.415999999999999,12.625,11.077,6.17
2014-11-01,2.764,3.707,3.484,2.69,2.424,2.273,2.826,3.775,5.122000000000001,7.605,12.069,12.628,10.56,5.05
2014-12-01,2.499,3.237,3.072,2.464,2.5069999999999997,2.2319999999999998,2.053,2.568,3.634,6.0489999999999995,14.339,14.695,11.76,6.091
2015-01-01,3.2239999999999998,3.742,3.372,2.544,2.1830000000000003,3.0,3.612,6.5120000000000005,7.505,10.181000000000001,16.187,16.822,13.130999999999998,6.343
2015-02-01,3.464,4.111000000000001,3.591,2.888,2.512,3.68,4.996,7.278,10.207,9.302999999999999,17.035999999999998,15.630999999999998,12.04,6.196000000000001
2015-03-01,3.616,4.336,3.897,2.8160000000000003,2.59,2.815,4.841,6.487,9.394,8.844,16.583,14.132,11.186,6.672999999999999
2015-04-01,4.269,4.473,3.995,3.22,2.826,2.319,2.405,6.051,7.0360000000000005,8.408,15.762,13.329,10.619000000000002,6.6770000000000005
2015-05-01,4.622,4.439,4.268,3.543,3.557,3.752,4.122,7.794,7.847,9.011000000000001,14.561,13.262,10.905,7.481
2015-06-01,4.622,4.744,4.331,3.483,2.687,2.448,2.63,4.486000000000001,6.72,8.273,13.312999999999999,13.107000000000001,11.606,7.296
2015-07-01,4.439,4.149,3.915,3.6069999999999998,3.565,3.0380000000000003,3.7689999999999997,5.099,4.963,7.289,13.23,11.821,12.155,6.731
2015-08-01,4.97,4.301,3.9530000000000003,3.6310000000000002,3.09,2.69,2.835,2.9139999999999997,4.238,6.69,11.645,12.258,11.200999999999999,6.742000000000001
2015-09-01,3.4189999999999996,3.8810000000000002,3.767,3.111,2.543,2.128,2.863,4.38,5.4639999999999995,6.8020000000000005,12.222999999999999,11.32,10.287,6.446000000000001
2015-10-01,3.364,3.9939999999999998,3.8310000000000004,2.9739999999999998,2.373,2.175,2.5869999999999997,2.8489999999999998,4.14,6.1979999999999995,12.07,12.317,10.943,6.421
2015-11-01,3.627,3.807,3.645,2.676,2.43,1.7930000000000001,1.761,3.028,4.273,6.547000000000001,12.530999999999999,13.094000000000001,10.915,5.485
2015-12-01,3.9219999999999997,4.061,3.6519999999999997,2.747,2.394,1.899,2.222,2.49,4.223,6.257000000000001,12.243,13.412,11.367,5.06
2016-01-01,3.602,3.7689999999999997,3.537,2.693,2.189,2.06,2.949,3.839,7.386,9.346,16.928,15.841,12.327,6.068
2016-02-01,3.508,3.8169999999999997,3.605,3.0189999999999997,2.562,2.3169999999999997,3.327,6.143,9.274,10.4,14.052999999999999,13.75,10.253,5.494
2016-03-01,3.5460000000000003,4.007,3.734,2.964,2.609,3.61,4.868,7.607,9.564,8.891,15.783,12.927,10.252,5.726
2016-04-01,3.998,4.212,3.967,3.1839999999999997,2.6489999999999996,3.5789999999999997,4.563,8.564,10.225,9.207,16.296,14.474,11.802999999999999,6.763999999999999
2016-05-01,4.525,4.747,4.473,3.628,2.8169999999999997,2.447,3.627,6.732,8.104,8.389,14.668,12.945,11.34,7.396
2016-06-01,3.943,4.121,4.131,3.362,3.0389999999999997,2.633,3.98,6.591,7.622000000000001,7.776,12.787,12.127,10.995999999999999,7.246
2016-07-01,3.677,3.7039999999999997,4.041,3.594,2.76,2.699,3.253,4.809,5.877999999999999,7.653,12.261,12.754000000000001,11.825,6.952999999999999
2016-08-01,4.1,3.95,3.636,3.068,2.826,2.498,2.523,3.525,3.908,6.001,11.908,11.597999999999999,11.365,7.215
2016-09-01,3.628,3.778,3.397,3.073,2.42,1.9709999999999999,1.936,2.378,3.4539999999999997,5.349,11.437999999999999,10.562999999999999,10.380999999999998,6.7379999999999995
2016-10-01,2.6,3.305,3.247,2.594,2.387,2.6660000000000004,2.765,3.175,3.895,5.763,12.198,12.455,10.594000000000001,5.72
2016-11-01,3.2560000000000002,3.5639999999999996,3.398,2.573,2.239,2.166,2.696,3.37,4.715,6.5920000000000005,12.797,13.036,9.702,5.242999999999999
2016-12-01,3.8510000000000004,3.717,3.4389999999999996,2.362,1.876,1.4069999999999998,1.195,1.4469999999999998,4.1160000000000005,5.138,12.503,16.705,12.815,5.687
2017-01-01,3.517,3.867,3.6639999999999997,2.66,2.1790000000000003,2.115,2.71,4.593,6.297999999999999,7.632000000000001,15.327,15.61,11.219000000000001,5.64
2017-02-01,3.6069999999999998,3.66,3.2910000000000004,2.6510000000000002,2.6830000000000003,2.0069999999999997,3.347,6.1579999999999995,8.33,7.689,16.468,15.835,12.118,5.689
2017-03-01,4.035,4.4,3.845,3.072,2.575,2.011,2.613,5.358,8.372,9.882,17.5,14.385,10.45,5.787999999999999
2017-04-01,3.963,4.31,4.078,3.2680000000000002,2.7119999999999997,2.984,3.7230000000000003,6.377000000000001,8.867,8.993,15.488,12.919,10.112,6.156000000000001
2017-05-01,4.615,4.473,4.027,3.252,3.042,3.221,5.093999999999999,6.51,7.861000000000001,8.427999999999999,14.257,12.497,10.466,7.496
2017-06-01,4.492,4.09,4.103,3.647,2.697,2.647,3.4730000000000003,4.865,5.869,8.089,13.411,12.450999999999999,11.25,7.336
2017-07-01,4.162,3.967,3.409,3.634,3.5980000000000003,3.625,3.431,4.959,5.811,7.665,12.208,12.710999999999999,11.276,6.9479999999999995
2017-08-01,4.043,3.887,4.098,3.6210000000000004,2.544,1.9469999999999998,2.147,3.321,4.468999999999999,7.004,11.985,11.204,12.044,6.492000000000001
2017-09-01,3.4739999999999998,3.4810000000000003,3.135,3.045,2.552,2.591,3.266,4.683,5.332999999999999,7.968999999999999,12.299000000000001,12.682,11.487,6.428999999999999
2017-10-01,3.3689999999999998,3.597,3.2880000000000003,2.861,2.237,1.942,1.776,2.383,3.1010000000000004,5.011,11.620999999999999,12.353,10.342,5.542999999999999
2017-11-01,3.364,3.431,3.2969999999999997,2.812,2.079,2.444,2.301,3.26,4.055,8.859,13.09,13.411,10.126,5.341
2017-12-01,2.998,3.45,3.181,2.73,2.3169999999999997,3.049,3.915,5.0489999999999995,6.687,10.187000000000001,13.777999999999999,13.527999999999999,9.95,4.61
2018-01-01,3.082,3.562,3.1039999999999996,2.369,2.153,2.5,4.288,5.843,8.631,9.17,15.227,14.581,11.557,6.688
2018-02-01,3.2769999999999997,3.654,3.326,2.531,2.3930000000000002,3.912,5.614,8.988,9.524,11.687000000000001,18.51,16.594,12.210999999999999,6.4079999999999995
2018-03-01,3.888,4.11,3.8289999999999997,2.968,2.597,3.054,5.766,11.347999999999999,12.308,12.283,19.477999999999998,16.224,12.632,6.415
2018-04-01,4.508,4.8,4.295,3.4210000000000003,3.263,3.715,6.232,9.472000000000001,9.495,7.862,15.444,14.087,11.044,6.487
2018-05-01,5.272,5.7860000000000005,4.781000000000001,3.766,3.6639999999999997,2.641,3.532,6.886,8.173,8.985,12.795,12.589,10.625,6.871
2018-06-01,4.834,4.928,4.544,3.944,3.639,2.6489999999999996,2.412,4.703,6.257999999999999,8.174,14.04,13.106,12.164000000000001,7.151
2018-07-01,5.6979999999999995,5.475,4.195,3.9219999999999997,3.182,2.551,2.656,4.644,5.439,6.996,12.835999999999999,12.78,11.828,6.917999999999999
2018-08-01,4.291,4.171,4.018,3.7260000000000004,3.028,2.785,3.358,4.652,4.513999999999999,6.659,12.22,12.91,11.385,6.837000000000001
2018-09-01,3.736,4.152,3.872,3.18,2.378,2.105,2.1,2.3209999999999997,3.159,6.026,11.838,12.402999999999999,10.355,6.519
2018-10-01,3.313,3.885,3.5589999999999997,2.591,2.049,1.818,1.651,2.184,3.1239999999999997,6.171,11.847999999999999,12.411,11.462,6.3870000000000005
2018-11-01,3.075,3.6630000000000003,3.2739999999999996,2.608,2.084,2.253,2.846,4.16,4.886,8.135,13.532,13.716,11.675,6.362
2018-12-01,3.2569999999999997,3.489,3.181,2.7880000000000003,2.195,1.827,2.701,3.7439999999999998,5.754,5.3229999999999995,14.075,13.663,10.761,4.956
