,pre,post,post_const,pre_const,gap_const,enso,qboA,qboB,solar
1969-01,-2.8000574960471467,0.0,0.0,1.0,0.0,0.67,1.2593605280794904,0.8975870600876396,0.594144534786513
1969-02,-2.7915699843254824,0.0,0.0,1.0,0.0,0.8490000000000001,1.1323963520251743,0.5376264618015689,0.6729093208249544
1969-03,-2.7839038447059146,0.0,0.0,1.0,0.0,0.45799999999999996,1.3222473278030151,0.24972181370866553,1.0879116829280613
1969-04,-2.7754163329842503,0.0,0.0,1.0,0.0,0.622,1.4378460203716092,-0.2689464549522836,0.782558321084155
1969-05,-2.7672026119632847,0.0,0.0,1.0,0.0,0.674,1.40109240112365,-0.5440632565126974,0.6127455914931622
1969-06,-2.7587151002416204,0.0,0.0,1.0,0.0,0.8009999999999999,1.3064256372333654,-0.793938934325631,1.0155237360577605
1969-07,-2.7505013792206547,0.0,0.0,1.0,0.0,0.49,1.1087828800002233,-0.9639537188938502,0.4475038734562728
1969-08,-2.7420138674989905,0.0,0.0,1.0,0.0,0.212,0.9525275847125113,-1.1101086726912197,0.5674317390649345
1969-09,-2.733526355777326,0.0,0.0,1.0,0.0,0.162,0.5952898928675043,-1.0601622155281916,0.3969080668303918
1969-10,-2.7253126347563605,0.0,0.0,1.0,0.0,0.496,0.1813930234799917,-1.0348181775319185,0.7042823705495688
1969-11,-2.7168251230346963,0.0,0.0,1.0,0.0,0.659,-0.3195993696787946,-0.8917623745680773,0.7097204990328536
1969-12,-2.7086114020137306,0.0,0.0,1.0,0.0,0.41700000000000004,-0.599397343491792,-0.7992246096082927,0.4053368163355594
1970-01,-2.7001238902920663,0.0,0.0,1.0,0.0,0.38,-0.7086867907550418,-0.6129864430636738,0.7163101215027414
1970-02,-2.6916363785704016,0.0,0.0,1.0,0.0,0.43200000000000005,-0.8581455869705414,-0.33670966770948446,1.100351514219123
1970-03,-2.6839702389508338,0.0,0.0,1.0,0.0,0.228,-0.9359509147047048,-0.25178304675744273,0.7872179090987657
1970-04,-2.6754827272291695,0.0,0.0,1.0,0.0,0.013999999999999999,-0.9663050441082959,0.02860490577572171,0.9238261207967483
1970-05,-2.667269006208204,0.0,0.0,1.0,0.0,-0.099,-1.0116962719529714,0.35259261857322594,1.12119778440312
1970-06,-2.6587814944865396,0.0,0.0,1.0,0.0,-0.636,-0.7951145248342777,1.1807640778388107,0.8550348444149636
1970-07,-2.650567773465574,0.0,0.0,1.0,0.0,-1.055,-0.4410144182360639,1.5905727605023325,0.7921129240215699
1970-08,-2.6420802617439096,0.0,0.0,1.0,0.0,-1.0070000000000001,-0.301096546939669,1.7655116634314871,0.45967148197866636
1970-09,-2.6335927500222454,0.0,0.0,1.0,0.0,-1.251,-0.19343359187489403,1.8855640345090248,0.5241574761878728
1970-10,-2.6253790290012797,0.0,0.0,1.0,0.0,-1.088,0.3728955508649738,1.8213389797253143,0.5816272823410612
1970-11,-2.6168915172796154,0.0,0.0,1.0,0.0,-1.074,0.7696956176897869,1.7140817830446071,0.8248302713817849
1970-12,-2.60867779625865,0.0,0.0,1.0,0.0,-1.203,1.247025149783423,1.4531068234772682,0.5977109028016981
1971-01,-2.6001902845369855,0.0,0.0,1.0,0.0,-1.204,1.272186399932152,0.9466424980065761,0.8009938796672239
1971-02,-2.5917027728153212,0.0,0.0,1.0,0.0,-1.507,1.1707995621223237,0.5296920768862035,0.3030684662978859
1971-03,-2.584036633195754,0.0,0.0,1.0,0.0,-1.79,1.3141405253731284,0.2293042494910639,-0.20898755647615289
1971-04,-2.575549121474089,0.0,0.0,1.0,0.0,-1.839,1.3755800685830222,-0.1211748804267249,-0.0634587628212349
1971-05,-2.567335400453124,0.0,0.0,1.0,0.0,-1.429,1.2733456313872982,-0.5925500892687297,-0.1751420247242048
1971-06,-2.558847888731459,0.0,0.0,1.0,0.0,-1.42,1.1798441943995728,-0.7370426651516914,-0.3374677124427963
1971-07,-2.550634167710494,0.0,0.0,1.0,0.0,-1.207,1.2485169744531228,-1.1845952819965873,0.016742560249653163
1971-08,-2.5421466559888293,0.0,0.0,1.0,0.0,-1.213,0.9119656792974853,-1.1457352764837652,-0.07661236720665138
1971-09,-2.533659144267165,0.0,0.0,1.0,0.0,-1.4669999999999999,0.717525743230236,-0.9652011032075459,-0.33197597189131
1971-10,-2.5254454232461994,0.0,0.0,1.0,0.0,-1.415,0.5238056688757866,-1.2283325831747982,-0.3033214869170189
1971-11,-2.516957911524535,0.0,0.0,1.0,0.0,-1.311,0.1509311936993185,-1.303503749572661,-0.1937430814308546
1971-12,-2.5087441905035694,0.0,0.0,1.0,0.0,-0.9690000000000001,-0.12107281630911756,-1.3401884784642832,0.004644880511869151
1972-01,-2.500256678781905,0.0,0.0,1.0,0.0,-0.575,-0.33131300487061405,-1.3015363151725892,-0.20199467801500698
1972-02,-2.491769167060241,0.0,0.0,1.0,0.0,-0.39799999999999996,-0.411274796316061,-1.1390195255786775,0.38984156220061955
1972-03,-2.4838292367399744,0.0,0.0,1.0,0.0,-0.256,-0.6840997142715499,-1.2770746154387873,0.14541152393474704
1972-04,-2.4753417250183096,0.0,0.0,1.0,0.0,-0.166,-0.8993077177508919,-1.1794551764883539,-0.14648520879042695
1972-05,-2.4671280039973444,0.0,0.0,1.0,0.0,0.423,-1.14668672162422,-0.2853766065012298,0.2618429503128354
1972-06,-2.4586404922756797,0.0,0.0,1.0,0.0,0.966,-1.1688441192879042,0.24619281991788458,0.4176466133866647
1972-07,-2.4504267712547145,0.0,0.0,1.0,0.0,1.8259999999999998,-1.0780323836294516,0.6348593335390318,0.12079659175151124
1972-08,-2.44193925953305,0.0,0.0,1.0,0.0,1.8,-0.980937239240909,0.9116310892640476,0.18268356613265715
1972-09,-2.4334517478113855,0.0,0.0,1.0,0.0,1.5219999999999998,-0.6843860100453509,1.3233174648979364,-0.1206162204031594
1972-10,-2.42523802679042,0.0,0.0,1.0,0.0,1.617,-0.10042688270196602,1.7023834663593351,-0.004422551892750472
1972-11,-2.4167505150687556,0.0,0.0,1.0,0.0,1.704,0.6653183180952148,1.7747468122644574,-0.4486031988663099
1972-12,-2.40853679404779,0.0,0.0,1.0,0.0,1.787,1.1722304715363445,1.34694754469805,-0.44989221946264735
1973-01,-2.4000492823261257,0.0,0.0,1.0,0.0,1.723,1.135049247854252,0.5949373949164423,-0.4657660535694504
1973-02,-2.3915617706044614,0.0,0.0,1.0,0.0,1.515,0.9704885847167641,0.10978247843110288,-0.5241765683727689
1973-03,-2.3838956309848935,0.0,0.0,1.0,0.0,0.87,0.8610498689226932,-0.2995003388458306,-0.4566753115699594
1973-04,-2.3754081192632293,0.0,0.0,1.0,0.0,0.491,0.8288431714276147,-0.5708014935059503,-0.3183911400007899
1973-05,-2.3671943982422636,0.0,0.0,1.0,0.0,-0.099,0.8341131879287457,-0.9333904597115849,-0.46157032649276236
1973-06,-2.3587068865205993,0.0,0.0,1.0,0.0,-0.758,0.5534728334409275,-1.110249708801118,-0.569782789719516
1973-07,-2.3504931654996337,0.0,0.0,1.0,0.0,-1.056,0.19932497963700632,-1.1881942305621365,-0.7172299630322756
1973-08,-2.3420056537779694,0.0,0.0,1.0,0.0,-1.334,0.027232198525518257,-1.2344938948785933,-0.7695366939216507
1973-09,-2.333518142056305,0.0,0.0,1.0,0.0,-1.734,-0.20920085150225434,-1.2634323480572178,-0.29577384009795493
1973-10,-2.3253044210353395,0.0,0.0,1.0,0.0,-1.66,-0.4385990777405371,-1.176316520534419,-0.7223347643089124
1973-11,-2.3168169093136752,0.0,0.0,1.0,0.0,-1.489,-0.6702828833649487,-0.9817345407851265,-0.8828120011542744
1973-12,-2.3086031882927096,0.0,0.0,1.0,0.0,-1.8259999999999998,-0.8071705092486025,-0.826628115535095,-0.843171704117523
1974-01,-2.3001156765710453,0.0,0.0,1.0,0.0,-1.912,-0.9591360387987424,-0.7268348825619528,-0.867227206023866
1974-02,-2.2916281648493806,0.0,0.0,1.0,0.0,-1.768,-1.0550651640120086,-0.6970795762413922,-0.9009079056406588
1974-03,-2.2839620252298127,0.0,0.0,1.0,0.0,-1.743,-1.1545744264740563,-0.7081040646360064,-0.9107229100521966
1974-04,-2.2754745135081484,0.0,0.0,1.0,0.0,-1.62,-1.2903810623829155,-0.485330398945011,-0.7315000970119884
1974-05,-2.267260792487183,0.0,0.0,1.0,0.0,-1.048,-1.3271589526550531,-0.02819548253732686,-0.6036656168232578
1974-06,-2.258773280765519,0.0,0.0,1.0,0.0,-0.6940000000000001,-1.021320348756388,0.6464479699013084,-0.6816408735840142
1974-07,-2.2505595597445534,0.0,0.0,1.0,0.0,-0.75,-0.8803010777933927,1.0703176369101681,-0.5399604940422139
1974-08,-2.242072048022889,0.0,0.0,1.0,0.0,-0.664,-0.7937112538548723,1.3203985956642585,-0.7666696137525811
1974-09,-2.2335845363012248,0.0,0.0,1.0,0.0,-0.628,-0.6793498040383936,1.404688929955819,-0.6874939128559939
1974-10,-2.225370815280259,0.0,0.0,1.0,0.0,-1.05,-0.32758351333758,1.4893960117084777,-0.5068841789209916
1974-11,-2.216883303558595,0.0,0.0,1.0,0.0,-1.24,0.20851452811296772,1.526091097733324,-0.6967431601006038
1974-12,-2.2086695825376292,0.0,0.0,1.0,0.0,-0.8859999999999999,0.8083498435280669,1.4332075551851786,-0.9072963996062353
1975-01,-2.200182070815965,0.0,0.0,1.0,0.0,-0.522,0.8074948795326058,1.3854059566153751,-0.9849872793095722
1975-02,-2.1916945590943007,0.0,0.0,1.0,0.0,-0.5760000000000001,0.9531296376079841,1.1844506747316206,-1.0420466700959334
1975-03,-2.184028419474733,0.0,0.0,1.0,0.0,-0.85,1.0899415867214521,0.9350133842683201,-1.057573357736272
1975-04,-2.175540907753068,0.0,0.0,1.0,0.0,-0.927,1.3583285852784837,0.3912343467068554,-1.0666407901408919
1975-05,-2.167327186732103,0.0,0.0,1.0,0.0,-0.838,1.438484819876078,0.052090658534484274,-1.058132788013164
1975-06,-2.158839675010438,0.0,0.0,1.0,0.0,-1.148,1.4255375784884898,-0.4654476142856556,-1.0517552828565973
1975-07,-2.150625953989473,0.0,0.0,1.0,0.0,-1.4969999999999999,1.3266137576976913,-0.7616391696607527,-0.8828213249922229
1975-08,-2.1421384422678083,0.0,0.0,1.0,0.0,-1.712,1.1540164739135752,-0.8585151966454792,-0.6015677532849136
1975-09,-2.133650930546144,0.0,0.0,1.0,0.0,-1.876,1.0971888173890596,-0.869076685206742,-0.8672761561730944
1975-10,-2.1254372095251783,0.0,0.0,1.0,0.0,-1.9780000000000002,0.9774194579715464,-0.9344128525952474,-0.9793230477560432
1975-11,-2.116949697803514,0.0,0.0,1.0,0.0,-1.756,0.8347218632992017,-1.069738963719719,-0.896974910997583
1975-12,-2.1087359767825484,0.0,0.0,1.0,0.0,-1.732,0.7888466349814955,-1.1162674869167108,-1.0440771023062594
1976-01,-2.100248465060884,0.0,0.0,1.0,0.0,-1.587,0.6463981489347264,-1.0753284920905464,-1.0423988114755838
1976-02,-2.09176095333922,0.0,0.0,1.0,0.0,-1.3659999999999999,0.6577533360614928,-1.1076200511500314,-1.1183438829010344
1976-03,-2.0838210230189533,0.0,0.0,1.0,0.0,-1.213,0.399655582536316,-1.2019826649734564,-0.9656869347568078
1976-04,-2.0753335112972886,0.0,0.0,1.0,0.0,-1.157,-0.0077768002744546625,-1.158120279050987,-0.9465450954491629
1976-05,-2.0671197902763234,0.0,0.0,1.0,0.0,-0.483,-0.6712596055606228,-0.9460177123643035,-1.0452658916446544
1976-06,-2.0586322785546587,0.0,0.0,1.0,0.0,0.276,-0.9771296541247286,-0.45919486829077977,-1.0324619311822947
1976-07,-2.0504185575336935,0.0,0.0,1.0,0.0,0.633,-1.1404866498554485,-0.30306515703915354,-1.0984816967339777
1976-08,-2.0419310458120288,0.0,0.0,1.0,0.0,0.654,-1.1309759129548502,-0.15959848878721486,-0.9494634567269481
1976-09,-2.0334435340903645,0.0,0.0,1.0,0.0,1.018,-1.0349229939076385,-0.15241849882848107,-1.0091942935825737
1976-10,-2.025229813069399,0.0,0.0,1.0,0.0,0.927,-1.062313932733625,0.1521107272686564,-0.975966466094693
1976-11,-2.0167423013477346,0.0,0.0,1.0,0.0,0.49,-0.991030801436638,0.40569815937410203,-1.0654123744912172
1976-12,-2.008528580326769,0.0,0.0,1.0,0.0,0.565,-0.9518124882617295,0.6144976210766391,-0.9997422528625907
1977-01,-2.0000410686051047,0.0,0.0,1.0,0.0,0.529,-0.8627019410117408,0.8153444961476288,-0.9861061398633553
1977-02,-1.9915535568834404,0.0,0.0,1.0,0.0,0.29,-0.8856715015138225,0.8429784325634888,-0.8709459188912401
1977-03,-1.9838874172638725,0.0,0.0,1.0,0.0,0.145,-0.9424401023899985,0.9329982204763052,-0.9679945846489861
1977-04,-1.9753999055422082,0.0,0.0,1.0,0.0,0.552,-0.7039348838687567,1.2588964434374208,-0.9163405224159844
1977-05,-1.9671861845212426,0.0,0.0,1.0,0.0,0.31,-0.2151621309050055,1.4211332905625884,-0.8454793540097008
1977-06,-1.9586986727995783,0.0,0.0,1.0,0.0,0.414,0.4214433449170885,1.48230717885655,-0.563062633518354
1977-07,-1.9504849517786127,0.0,0.0,1.0,0.0,0.888,0.862238464391059,1.2199817910632929,-0.7959697745047841
1977-08,-1.9419974400569484,0.0,0.0,1.0,0.0,0.684,1.0475004392990235,1.088307729494068,-0.7384883135541604
1977-09,-1.933509928335284,0.0,0.0,1.0,0.0,0.7829999999999999,1.1755009799467524,0.7243372235344799,-0.42331228843182994
1977-10,-1.9252962073143185,0.0,0.0,1.0,0.0,0.97,1.344275871750802,0.47182139310760307,-0.5233174433046842
1977-11,-1.916808695592654,0.0,0.0,1.0,0.0,0.9620000000000001,1.4497015346241358,0.005078664044534324,-0.6241221172815977
1977-12,-1.9085949745716886,0.0,0.0,1.0,0.0,0.877,1.5275749359830229,-0.515850877471271,-0.46695484290784484
1978-01,-1.9001074628500245,0.0,0.0,1.0,0.0,0.777,1.437478067157824,-0.7334011461597473,-0.3112933683627259
1978-02,-1.89161995112836,0.0,0.0,1.0,0.0,0.912,1.1743049563715178,-0.8768454677007022,0.46418188858610665
1978-03,-1.8839538115087922,0.0,0.0,1.0,0.0,0.935,1.0048430266897759,-0.865946546955688,0.43037132122646365
1978-04,-1.8754662997871279,0.0,0.0,1.0,0.0,0.19899999999999998,0.7702433662382328,-0.9712799745819506,0.6512623660571574
1978-05,-1.8672525787661622,0.0,0.0,1.0,0.0,-0.37799999999999995,0.14512790379889343,-1.108577005178396,0.6352626601380541
1978-06,-1.858765067044498,0.0,0.0,1.0,0.0,-0.605,-0.35780151615759975,-1.1523469149256325,0.5705482318991184
1978-07,-1.8505513460235323,0.0,0.0,1.0,0.0,-0.42,-0.5934378237513307,-1.215309017655862,0.32435928375548356
1978-08,-1.842063834301868,0.0,0.0,1.0,0.0,-0.19899999999999998,-0.6710249803669186,-1.1616191482817013,-0.07640258085281748
1978-09,-1.8335763225802038,0.0,0.0,1.0,0.0,-0.391,-0.6641873676648161,-1.1713673032079466,0.849181805142985
1978-10,-1.8253626015592381,0.0,0.0,1.0,0.0,-0.027999999999999997,-0.8026111786731382,-1.0543093447660683,0.7956093632521412
1978-11,-1.8168750898375738,0.0,0.0,1.0,0.0,0.175,-0.8743344596696404,-1.0534500177131185,0.6029205972552524
1978-12,-1.8086613688166082,0.0,0.0,1.0,0.0,0.406,-0.927550975448431,-0.9606101219673995,1.0748350002057176
1979-01,-1.800173857094944,0.0,0.0,1.0,0.0,0.608,-1.0260023646158762,-0.9516880523088967,1.648810464296617
1979-02,-1.7916863453732794,0.0,0.0,1.0,0.0,0.379,-1.0570698152065188,-1.0539197713434976,1.7055526780956334
1979-03,-1.7840202057537116,0.0,0.0,1.0,0.0,0.002,-1.1845748735438342,-0.6894141867937376,1.3776965663579692
1979-04,-1.7755326940320473,0.0,0.0,1.0,0.0,0.301,-1.1776809379850544,-0.42954139965014176,1.1819379267166368
1979-05,-1.7673189730110817,0.0,0.0,1.0,0.0,0.374,-1.248833552144691,0.027131781685585776,1.0497305665302015
1979-06,-1.7588314612894174,0.0,0.0,1.0,0.0,0.429,-1.0029709701875824,0.6121881249455365,1.421045419938615
1979-07,-1.7506177402684517,0.0,0.0,1.0,0.0,0.396,-0.821777024704505,0.9775960299937555,1.1049043775886471
1979-08,-1.7421302285467875,0.0,0.0,1.0,0.0,0.615,-0.5961134904748067,1.246397428369103,1.2251818871203657
1979-09,-1.733642716825123,0.0,0.0,1.0,0.0,0.759,-0.30599620584561205,1.501290465485388,1.774178789348048
1979-10,-1.7254289958041575,0.0,0.0,1.0,0.0,0.655,0.17834073036690085,1.7293941255821543,2.080830495626241
1979-11,-1.716941484082493,0.0,0.0,1.0,0.0,0.7340000000000001,0.7799759423629617,1.7828233061176777,2.3056492071926122
1979-12,-1.7087277630615276,0.0,0.0,1.0,0.0,1.004,0.9797617818297042,1.4099251601927136,1.663915081772693
1980-01,-1.7002402513398631,0.0,0.0,1.0,0.0,0.677,1.2062702119749305,0.8036257890525952,1.7150330233236726
1980-02,-1.6917527396181988,0.0,0.0,1.0,0.0,0.601,1.1231880258461955,0.6684801723118828,1.61778378596573
1980-03,-1.683812809297932,0.0,0.0,1.0,0.0,0.684,1.1936408539077197,0.48733785483774006,0.9976336219946618
1980-04,-1.6753252975762678,0.0,0.0,1.0,0.0,0.912,1.3063733553354382,0.232221376134377,1.9272971870927984
1980-05,-1.6671115765553022,0.0,0.0,1.0,0.0,0.958,1.336587185356129,-0.1794020708105694,2.356279978210801
1980-06,-1.658624064833638,0.0,0.0,1.0,0.0,0.9109999999999999,1.1300814027540282,-0.8895898990683944,1.7100843963326686
1980-07,-1.6504103438126723,0.0,0.0,1.0,0.0,0.769,0.8640334195758926,-1.0844920055999852,1.5263651624419419
1980-08,-1.641922832091008,0.0,0.0,1.0,0.0,0.32899999999999996,0.7411951505002115,-1.1650154690803105,1.0816880210976416
1980-09,-1.6334353203693435,0.0,0.0,1.0,0.0,0.263,0.5685264806118133,-1.1519923214875047,1.4186608483833658
1980-10,-1.625221599348378,0.0,0.0,1.0,0.0,0.192,0.4242144397014708,-1.1968133283025941,1.7875491729657615
1980-11,-1.6167340876267136,0.0,0.0,1.0,0.0,0.248,0.19559499325972388,-1.1741650073495884,2.0157431138693775
1980-12,-1.6085203666057482,0.0,0.0,1.0,0.0,0.111,0.04024662549868099,-1.207836246068442,2.13138900690033
1981-01,-1.6000328548840836,0.0,0.0,1.0,0.0,-0.25,-0.09468151529647947,-1.2249879570649638,1.0526675754838852
1981-02,-1.5915453431624196,0.0,0.0,1.0,0.0,-0.14,-0.16224714717868402,-1.2002686916521756,1.7149206377769761
1981-03,-1.5838792035428517,0.0,0.0,1.0,0.0,0.455,-0.3742719928540468,-1.1506070036417564,1.7944021938576844
1981-04,-1.5753916918211872,0.0,0.0,1.0,0.0,0.669,-0.6615625870134285,-1.0540067460163667,2.2602700878987463
1981-05,-1.5671779708002218,0.0,0.0,1.0,0.0,0.18899999999999997,-0.8529758894437217,-0.3407609697389099,1.7017465542474965
1981-06,-1.5586904590785573,0.0,0.0,1.0,0.0,-0.024,-0.9001715650877554,0.13444025859060166,0.8983184311299718
1981-07,-1.550476738057592,0.0,0.0,1.0,0.0,-0.026000000000000002,-0.9184237835501343,0.36888900802734265,1.6861524352791395
1981-08,-1.5419892263359274,0.0,0.0,1.0,0.0,-0.09,-0.9467788642257629,0.4748006816951821,2.288379128353068
1981-09,-1.533501714614263,0.0,0.0,1.0,0.0,0.174,-1.0147641245796333,0.5324539920928527,2.200511279529276
1981-10,-1.5252879935932975,0.0,0.0,1.0,0.0,0.10099999999999999,-1.0758920688674793,0.5357543439366005,2.2199887770030564
1981-11,-1.5168004818716332,0.0,0.0,1.0,0.0,-0.039,-1.1606519619527516,0.5857240507576296,1.7973019074595729
1981-12,-1.5085867608506676,0.0,0.0,1.0,0.0,-0.126,-1.0457658603638211,0.7891338105236951,1.7542630714907035
1982-01,-1.5000992491290033,0.0,0.0,1.0,0.0,-0.258,-0.9550943126383364,0.8916952937751339,1.1470714347093611
1982-02,-1.491611737407339,0.0,0.0,1.0,0.0,-0.125,-0.7377341121940679,1.1587030571545114,1.917996325745262
1982-03,-1.4839455977877711,0.0,0.0,1.0,0.0,0.1,-0.7105557279627472,1.3237992421945344,1.9052393174668547
1982-04,-1.4754580860661068,0.0,0.0,1.0,0.0,0.008,-0.549590055931325,1.5348232444040921,0.9215138089855955
1982-05,-1.4672443650451412,0.0,0.0,1.0,0.0,0.44299999999999995,-0.05931824544655328,1.6469725890887699,0.5956130392633531
1982-06,-1.458756853323477,0.0,0.0,1.0,0.0,0.93,0.572313031954725,1.5305127583542846,1.2343985009321576
1982-07,-1.4505431323025113,0.0,0.0,1.0,0.0,1.6119999999999999,0.9923995380548513,1.1839683915331092,0.9622496569812604
1982-08,-1.442055620580847,0.0,0.0,1.0,0.0,1.778,1.4406913800974694,0.5878984041961298,1.1194495647878306
1982-09,-1.4335681088591827,0.0,0.0,1.0,0.0,1.7830000000000001,1.443198624982364,-0.036726761895328676,1.0106100734590624
1982-10,-1.425354387838217,0.0,0.0,1.0,0.0,2.001,1.3197633538138092,-0.42974110558958606,0.87623725190916
1982-11,-1.4168668761165528,0.0,0.0,1.0,0.0,2.394,1.2992567578528527,-0.5680633608052855,0.9373386929431708
1982-12,-1.4086531550955872,0.0,0.0,1.0,0.0,2.425,1.2728925452854016,-0.9120032631517814,1.576294314654528
1983-01,-1.400165643373923,0.0,0.0,1.0,0.0,2.677,1.0486134931287932,-0.9976097008886755,0.37526743895263004
1983-02,-1.3916781316522584,0.0,0.0,1.0,0.0,2.931,0.7997202947741683,-1.1886114861165593,-0.018461587889032644
1983-03,-1.3840119920326905,0.0,0.0,1.0,0.0,3.008,0.44042739515419427,-1.283272759238204,-0.0675216252071622
1983-04,-1.3755244803110263,0.0,0.0,1.0,0.0,2.812,0.20920540413694455,-1.3362039555160454,-0.012154344511291418
1983-05,-1.3673107592900606,0.0,0.0,1.0,0.0,2.498,-0.46533029168911083,-1.1583331006023252,0.42736438348817096
1983-06,-1.3588232475683963,0.0,0.0,1.0,0.0,2.235,-1.014447076410819,-0.7404740527624699,0.48997861722927577
1983-07,-1.3506095265474307,0.0,0.0,1.0,0.0,1.7930000000000001,-1.2332157538168182,-0.5052439588236805,0.18813801133235195
1983-08,-1.3421220148257664,0.0,0.0,1.0,0.0,1.159,-1.302843852414888,-0.43654800379497477,0.1537330493035108
1983-09,-1.333634503104102,0.0,0.0,1.0,0.0,0.45899999999999996,-1.2197925009102413,-0.13192320881780353,-0.22192438162927403
1983-10,-1.3254207820831365,0.0,0.0,1.0,0.0,0.024,-1.2218074478341896,-0.05886315387163148,-0.18870820893882945
1983-11,-1.316933270361472,0.0,0.0,1.0,0.0,-0.132,-1.2631491503612968,0.2940803055030463,-0.650324995520907
1983-12,-1.3087195493405068,0.0,0.0,1.0,0.0,-0.17,-1.3180666993929302,0.324175518846136,-0.648140323836149
1984-01,-1.3002320376188423,0.0,0.0,1.0,0.0,-0.314,-1.2635300998199732,0.5389400594896162,-0.17346373389352904
1984-02,-1.291744525897178,0.0,0.0,1.0,0.0,-0.509,-1.2264053348179125,0.5665717388552642,0.36293103681220784
1984-03,-1.2838045955769113,0.0,0.0,1.0,0.0,0.151,-1.3078057496712399,0.42203168688202114,0.008630821234722683
1984-04,-1.275317083855247,0.0,0.0,1.0,0.0,0.39,-1.182558497212996,0.7874456614732965,0.19985574467374612
1984-05,-1.2671033628342814,0.0,0.0,1.0,0.0,0.18,-1.0526427738252055,1.3526180367312908,0.2319833592837402
1984-06,-1.258615851112617,0.0,0.0,1.0,0.0,-0.049,-0.6481557953062204,1.7979073915273363,-0.3681058439405663
1984-07,-1.2504021300916515,0.0,0.0,1.0,0.0,-0.054000000000000006,-0.24282359880038748,1.9103102808319337,-0.6124067148996902
1984-08,-1.2419146183699872,0.0,0.0,1.0,0.0,-0.155,0.22466855428334587,1.926461154755366,-0.7517747826303393
1984-09,-1.2334271066483227,0.0,0.0,1.0,0.0,-0.12,0.6122255372773128,1.8849083930662798,-0.8995762617851298
1984-10,-1.2252133856273573,0.0,0.0,1.0,0.0,-0.006,0.8158793767931449,1.6706004722948318,-1.0269445500764502
1984-11,-1.2167258739056928,0.0,0.0,1.0,0.0,-0.35,1.2978628471061493,1.0827664670868655,-0.9935861888572951
1984-12,-1.2085121528847274,0.0,0.0,1.0,0.0,-0.585,1.6151273243469486,0.740329665727206,-1.017713950507737
1985-01,-1.2000246411630628,0.0,0.0,1.0,0.0,-0.546,1.5333096274980809,0.251756763326244,-1.0482728293829469
1985-02,-1.1915371294413986,0.0,0.0,1.0,0.0,-0.5760000000000001,1.1854216802903395,-0.072898040729583,-1.0528856317107103
1985-03,-1.1838709898218307,0.0,0.0,1.0,0.0,-0.696,1.4447085015711008,-0.3891296816613095,-1.0382730131835076
1985-04,-1.1753834781001662,0.0,0.0,1.0,0.0,-0.46799999999999997,1.4121767212632284,-0.7041818401126003,-0.9700295122811795
1985-05,-1.1671697570792008,0.0,0.0,1.0,0.0,-0.706,1.3518895662424386,-0.8061822212456758,-0.8323327425027457
1985-06,-1.1586822453575363,0.0,0.0,1.0,0.0,-0.166,1.1108687551987255,-0.7125505112465066,-0.9091868077502316
1985-07,-1.1504685243365709,0.0,0.0,1.0,0.0,-0.126,0.758010755775499,-0.9184840826607263,-0.848696078101828
1985-08,-1.1419810126149064,0.0,0.0,1.0,0.0,-0.365,0.6515091268912179,-0.8955247104854677,-1.0224691078613168
1985-09,-1.133493500893242,0.0,0.0,1.0,0.0,-0.535,0.5191123024038158,-1.0267837645863478,-1.0883187133704455
1985-10,-1.1252797798722767,0.0,0.0,1.0,0.0,-0.14800000000000002,0.14919635679525914,-1.143713501737061,-1.0029589769547183
1985-11,-1.1167922681506124,0.0,0.0,1.0,0.0,-0.06,-0.2583616424785419,-1.1144760518845407,-1.0367252560841074
1985-12,-1.1085785471296468,0.0,0.0,1.0,0.0,-0.27899999999999997,-0.4867077143215556,-1.1001076656270585,-1.0406505918602973
1986-01,-1.1000910354079825,0.0,0.0,1.0,0.0,-0.293,-0.441433834292634,-1.3569042400480136,-1.0738667645507427
1986-02,-1.091603523686318,0.0,0.0,1.0,0.0,-0.183,-0.39521932384985986,-1.5030468097519636,-0.8440033571630805
1986-03,-1.08393738406675,0.0,0.0,1.0,0.0,0.027999999999999997,-0.7121364190556521,-1.4327570998491388,-0.9584143411572157
1986-04,-1.0754498723450858,0.0,0.0,1.0,0.0,-0.107,-1.0243128301226152,-1.2835880326116733,-0.9719805253718397
1986-05,-1.0672361513241202,0.0,0.0,1.0,0.0,0.353,-1.2410685075723675,-0.8882672313765734,-1.0012806861240433
1986-06,-1.058748639602456,0.0,0.0,1.0,0.0,0.27899999999999997,-1.4195103161696578,-0.3698179825604437,-1.0992299347293208
1986-07,-1.0505349185814903,0.0,0.0,1.0,0.0,0.401,-1.4294843473037724,-0.1910769312212367,-1.0386925858911766
1986-08,-1.042047406859826,0.0,0.0,1.0,0.0,0.765,-1.5109600239042766,-0.17855750588427027,-1.0916286758420553
1986-09,-1.0335598951381617,0.0,0.0,1.0,0.0,1.077,-1.5052062407119071,-0.16859611010026407,-1.105299753233596
1986-10,-1.025346174117196,0.0,0.0,1.0,0.0,0.96,-1.4695744159376978,-0.0983997702439926,-0.8253398640415989
1986-11,-1.0168586623955318,0.0,0.0,1.0,0.0,0.865,-1.2803411630860664,0.32332746986465194,-0.9747986553916819
1986-12,-1.0086449413745662,0.0,0.0,1.0,0.0,1.202,-1.174672275356601,0.5201974753284788,-1.0854050140116345
1987-01,-1.0001574296529019,0.0,0.0,1.0,0.0,1.249,-1.246274099592314,0.47732008437691864,-1.0893909547344882
1987-02,-0.9916699179312374,0.0,0.0,1.0,0.0,1.218,-1.189216207958387,0.5453280294345866,-1.097944743566426
1987-03,-0.9840037783116695,0.0,0.0,1.0,0.0,1.716,-1.1011187835925063,0.7577701753079565,-1.0221893927228707
1987-04,-0.9755162665900052,0.0,0.0,1.0,0.0,1.855,-0.9596140124545282,1.2128848716551763,-0.7569355269346646
1987-05,-0.9673025455690398,0.0,0.0,1.0,0.0,2.1069999999999998,-0.11433278624522775,1.7116642098415145,-0.6650630897121224
1987-06,-0.9588150338473754,0.0,0.0,1.0,0.0,1.9580000000000002,0.5596473816808551,1.506205549243238,-0.8677097146376853
1987-07,-0.9506013128264099,0.0,0.0,1.0,0.0,1.8780000000000001,0.9745927529199832,1.0783563319631746,-0.7249221293395365
1987-08,-0.9421138011047455,0.0,0.0,1.0,0.0,1.973,1.2833517385431634,0.16243366288604397,-0.6121969285458561
1987-09,-0.9336262893830811,0.0,0.0,1.0,0.0,1.851,1.2982769443345443,-0.40725470770656397,-0.7249967200431217
1987-10,-0.9254125683621156,0.0,0.0,1.0,0.0,1.617,1.1828009147367349,-0.6009193316766358,-0.4990521550445073
1987-11,-0.9169250566404512,0.0,0.0,1.0,0.0,1.2570000000000001,1.0731194313727712,-0.5426515582755781,-0.46515068026486883
1987-12,-0.9087113356194857,0.0,0.0,1.0,0.0,1.2930000000000001,0.9543153137099498,-0.38684866063396206,-0.6282106202218812
1988-01,-0.9002238238978213,0.0,0.0,1.0,0.0,1.115,0.8282344517678958,-0.5644906914017984,-0.34422982591472584
1988-02,-0.891736312176157,0.0,0.0,1.0,0.0,0.716,0.37403925917845054,-0.6580950290965782,-0.3903394196850849
1988-03,-0.8837963818558903,0.0,0.0,1.0,0.0,0.495,-0.03741726507482102,-0.7756040084466838,-0.14311464137215404
1988-04,-0.8753088701342259,0.0,0.0,1.0,0.0,0.389,-0.3760079761230756,-0.7513507844967234,0.06754815322936866
1988-05,-0.8670951491132604,0.0,0.0,1.0,0.0,0.193,-0.7838647942016392,-0.8273821388049774,-0.05605330453088111
1988-06,-0.858607637391596,0.0,0.0,1.0,0.0,-0.5820000000000001,-0.9604235346498312,-0.6625129943503225,0.5065983583719335
1988-07,-0.8503939163706304,0.0,0.0,1.0,0.0,-1.109,-1.1372844386476813,-0.4743770103106244,0.8066581112207523
1988-08,-0.841906404648966,0.0,0.0,1.0,0.0,-1.295,-1.306912527896254,-0.6652288349931937,0.8150495653741284
1988-09,-0.8334188929273016,0.0,0.0,1.0,0.0,-1.526,-1.351747191090456,-0.7244716240326535,0.7298809676363395
1988-10,-0.8252051719063361,0.0,0.0,1.0,0.0,-1.328,-1.3458921828749055,-0.6531626551138318,1.0466537000072973
1988-11,-0.8167176601846717,0.0,0.0,1.0,0.0,-1.453,-1.069481605872455,-0.43684035838843865,0.7009048102528357
1988-12,-0.8085039391637062,0.0,0.0,1.0,0.0,-1.311,-0.9882523474254535,-0.43138579745846206,1.5839864809617894
1989-01,-0.8000164274420418,0.0,0.0,1.0,0.0,-1.103,-1.2173916244704697,-0.586777990259334,2.3283084643662146
1989-02,-0.7915289157203775,0.0,0.0,1.0,0.0,-1.2409999999999999,-1.2400969121690752,-0.7870508606146065,2.0923487654343877
1989-03,-0.7838627761008097,0.0,0.0,1.0,0.0,-1.035,-1.2950866865348447,-0.8846301492262898,1.7902763955656091
1989-04,-0.7753752643791454,0.0,0.0,1.0,0.0,-0.76,-1.4319596838218576,-0.5639551187569275,1.5280621009485136
1989-05,-0.7671615433581798,0.0,0.0,1.0,0.0,-0.39299999999999996,-1.4449942484148663,-0.003050831962969012,1.603356754299164
1989-06,-0.7586740316365155,0.0,0.0,1.0,0.0,-0.242,-1.2000214115039953,0.8419880635387383,2.7480233605637103
1989-07,-0.75046031061555,0.0,0.0,1.0,0.0,-0.43,-1.0556016798938657,1.2636985438085573,1.460562176122554
1989-08,-0.7419727988938856,0.0,0.0,1.0,0.0,-0.494,-0.5027881796647152,1.4219621113535255,2.2131357561111327
1989-09,-0.7334852871722213,0.0,0.0,1.0,0.0,-0.315,-0.449562880397785,1.5390824202279187,2.3406951830803924
1989-10,-0.7252715661512557,0.0,0.0,1.0,0.0,-0.342,-0.014207186408475354,1.616342502749993,1.884190753298804
1989-11,-0.7167840544295914,0.0,0.0,1.0,0.0,-0.073,0.43471242406318206,1.6193114675175175,2.375090821271283
1989-12,-0.7085703334086257,0.0,0.0,1.0,0.0,0.131,1.1472461293837068,1.5406276906437737,1.8623030437154164
1990-01,-0.7000828216869615,0.0,0.0,1.0,0.0,0.243,1.2276386931913321,1.0748149553752304,1.7986678497189847
1990-02,-0.6915953099652971,0.0,0.0,1.0,0.0,0.573,1.3279287537204563,1.0065309087369991,1.162985228121656
1990-03,-0.6839291703457292,0.0,0.0,1.0,0.0,0.951,1.5514643805625472,0.30540043142139855,1.4427303360466308
1990-04,-0.6754416586240648,0.0,0.0,1.0,0.0,0.46,1.4227150640463386,-0.1624542221147461,1.4346302518291356
1990-05,-0.6672279376030994,0.0,0.0,1.0,0.0,0.652,1.0780307866142957,-0.6029696669525586,1.59447579865351
1990-06,-0.658740425881435,0.0,0.0,1.0,0.0,0.511,1.0859586739249483,-0.956857206446661,1.2119257205175202
1990-07,-0.6505267048604695,0.0,0.0,1.0,0.0,0.147,0.8219373332326917,-0.8527734157664245,1.440702401292899
1990-08,-0.6420391931388051,0.0,0.0,1.0,0.0,0.127,0.8022177177793453,-0.9962318772375792,2.333623051996684
1990-09,-0.6335516814171407,0.0,0.0,1.0,0.0,0.366,0.8938503115383483,-0.9834133962522001,1.2753697758360154
1990-10,-0.6253379603961752,0.0,0.0,1.0,0.0,0.273,0.6904397864756611,-1.038702171938105,1.309655858931014
1990-11,-0.6168504486745108,0.0,0.0,1.0,0.0,0.38299999999999995,0.30864707288961774,-1.2967626376649148,1.3034065565462376
1990-12,-0.6086367276535453,0.0,0.0,1.0,0.0,0.36200000000000004,-0.04289031700421016,-1.2818419557934708,1.693145313740285
1991-01,-0.6001492159318809,0.0,0.0,1.0,0.0,0.319,-0.1573405890329128,-1.1535550936979113,2.203975085327031
1991-02,-0.5916617042102165,0.0,0.0,1.0,0.0,0.32299999999999995,-0.14380079130085624,-1.330504837481922,2.5311718685240723
1991-03,-0.5839955645906487,0.0,0.0,1.0,0.0,0.39899999999999997,-0.2653155516907672,-1.1175257412788921,2.323623235797245
1991-04,-0.5755080528689843,0.0,0.0,1.0,0.0,0.449,-0.6849795067102898,-1.037797845682997,1.7262705790107358
1991-05,-0.5672943318480188,0.0,0.0,1.0,0.0,0.741,-0.9888643238481407,-0.5918796431732212,1.6056644041913422
1991-06,-0.5588068201263544,0.0,0.0,1.0,0.0,1.051,-1.2143938300360413,-0.0001436243753035762,2.0136475812905217
1991-07,-0.5505930991053889,0.0,0.0,1.0,0.0,1.044,-1.2777896514774945,0.3119431651990073,2.1343260158540125
1991-08,-0.5421055873837245,0.0,0.0,1.0,0.0,1.008,-1.1846991072003372,0.37532915560831426,2.0610406495811966
1991-09,-0.5336180756620601,0.0,0.0,1.0,0.0,0.7390000000000001,-1.1043412631857619,0.39117241746227516,1.3459675458202607
1991-10,-0.5254043546410946,0.0,0.0,1.0,0.0,0.99,-0.9424536422430144,0.5182389092618734,1.7241237653231631
1991-11,-0.5169168429194302,0.0,0.0,1.0,0.0,1.172,-0.5300182732177985,1.0123907418284084,1.03835781519289
1991-12,-0.5087031218984647,0.0,0.0,1.0,0.0,1.34,-0.031165184801520668,1.311865361204562,2.09222888751791
1992-01,-0.5002156101768003,0.0,0.0,1.0,0.0,1.7469999999999999,-0.10024062284420453,1.2411472699028732,1.9555181136024986
1992-02,-0.49172809845513593,0.0,0.0,1.0,0.0,1.886,-0.09980069041734099,1.2632952075091046,2.2983958239143107
1992-03,-0.48378816813486936,0.0,0.0,1.0,0.0,1.985,-0.029860592079911746,1.3163965684221002,1.0667232611907878
1992-04,-0.47530065641320496,0.0,0.0,1.0,0.0,2.247,0.15453853671227702,1.4166691591526186,0.8506270000249546
1992-05,-0.46708693539223944,0.0,0.0,1.0,0.0,2.085,0.5245303537794181,1.4124413411172092,0.16729923351813547
1992-06,-0.45859942367057505,0.0,0.0,1.0,0.0,1.735,0.6884842441567037,1.4608262800385725,-8.696724683870473e-05
1992-07,-0.45038570264960953,0.0,0.0,1.0,0.0,1.045,0.882629236801412,1.137779317593336,0.3481350705233826
1992-08,-0.44189819092794513,0.0,0.0,1.0,0.0,0.5589999999999999,1.3515599536721894,0.9883834025262608,0.10170603355258162
1992-09,-0.43341067920628074,0.0,0.0,1.0,0.0,0.488,1.4428443272344407,0.46393698563482516,-0.05247528171826167
1992-10,-0.4251969581853152,0.0,0.0,1.0,0.0,0.624,1.4530406035657595,0.16672195001371398,0.2719826240814971
1992-11,-0.4167094464636508,0.0,0.0,1.0,0.0,0.569,1.5646299728676143,-0.25560751595519593,0.46810634020524966
1992-12,-0.4084957254426853,0.0,0.0,1.0,0.0,0.664,1.4445292100160247,-0.747054448804354,0.3070169451718408
1993-01,-0.4000082137210209,0.0,0.0,1.0,0.0,0.6920000000000001,1.3071790867975674,-0.7890677291892705,-0.07108799322234703
1993-02,-0.3915207019993566,0.0,0.0,1.0,0.0,0.99,1.4235097582457819,-0.8826356565492715,0.40541923240313726
1993-03,-0.38385456237978877,0.0,0.0,1.0,0.0,0.987,1.27231760686781,-0.9468795599224712,0.3158979008174973
1993-04,-0.3753670506581244,0.0,0.0,1.0,0.0,1.4080000000000001,0.6998674683303396,-1.0894914872151074,-0.08166821833406027
1993-05,-0.36715332963715885,0.0,0.0,1.0,0.0,1.993,-0.2927533099871375,-1.2206584323982481,-0.12080735908109692
1993-06,-0.3586658179154945,0.0,0.0,1.0,0.0,1.6159999999999999,-0.8944283996081192,-1.0077043147010396,-0.16628437867341908
1993-07,-0.35045209689452894,0.0,0.0,1.0,0.0,1.204,-1.0356650586977576,-0.8080456817636223,-0.3948582659734255
1993-08,-0.3419645851728646,0.0,0.0,1.0,0.0,1.026,-1.0778924632357445,-0.769361042003244,-0.5301005354119978
1993-09,-0.3334770734512002,0.0,0.0,1.0,0.0,0.966,-1.218162200034632,-0.7348460538170352,-0.7052698099042276
1993-10,-0.32526335243023474,0.0,0.0,1.0,0.0,1.045,-1.2726696896990508,-0.5443986084147046,-0.4499621482472594
1993-11,-0.31677584070857034,0.0,0.0,1.0,0.0,0.8220000000000001,-1.386595925848095,-0.18398473303400242,-0.577297803105761
1993-12,-0.30856211968760483,0.0,0.0,1.0,0.0,0.595,-1.2695985516873294,0.028423873205987403,-0.4101726698033364
1994-01,-0.30007460796594043,0.0,0.0,1.0,0.0,0.35200000000000004,-1.38005203291763,0.011408595198931367,-0.19737937823065052
1994-02,-0.29158709624427603,0.0,0.0,1.0,0.0,0.193,-1.380297438285287,0.04855552842468828,-0.5043567528486051
1994-03,-0.28392095662470823,0.0,0.0,1.0,0.0,0.159,-1.4676006019434207,0.20042345399423792,-0.6706573924810403
1994-04,-0.2754334449030439,0.0,0.0,1.0,0.0,0.465,-1.5307804786543355,0.4531265755223629,-0.8836791180834567
1994-05,-0.2672197238820783,0.0,0.0,1.0,0.0,0.58,-1.3015987901395545,1.1200815922920153,-0.8404444815176753
1994-06,-0.258732212160414,0.0,0.0,1.0,0.0,0.8029999999999999,-0.6975249126232177,1.8187217352685117,-0.882089403713289
1994-07,-0.25051849113944846,0.0,0.0,1.0,0.0,0.904,-0.1432392641101894,2.004275061169319,-0.808277240596402
1994-08,-0.2420309794177841,0.0,0.0,1.0,0.0,0.762,0.5139612563907063,1.931322947094723,-0.9198835808362988
1994-09,-0.23354346769611972,0.0,0.0,1.0,0.0,0.893,0.9606366933899991,1.7420745103324076,-0.8784764165083642
1994-10,-0.22532974667515418,0.0,0.0,1.0,0.0,1.389,1.2530505312733768,1.0146091997403635,-0.7222648355243011
1994-11,-0.2168422349534898,0.0,0.0,1.0,0.0,1.2819999999999998,1.499276068699883,0.2599996483574658,-0.8951684173951203
1994-12,-0.20862851393252427,0.0,0.0,1.0,0.0,1.251,1.5293424426670523,-0.35251896120494186,-0.844570279809752
1995-01,-0.2001410022108599,0.0,0.0,1.0,0.0,1.219,1.4281696351821866,-0.689715757367207,-0.8762480192387454
1995-02,-0.19165349048919553,0.0,0.0,1.0,0.0,0.9590000000000001,0.9667893914168554,-0.5191473252507892,-0.8008797741671458
1995-03,-0.18398735086962772,0.0,0.0,1.0,0.0,0.845,0.865737807263969,-0.4902924039611685,-0.7858301007361221
1995-04,-0.17549983914796335,0.0,0.0,1.0,0.0,0.45299999999999996,0.8905998496001436,-0.749495215337497,-0.9154011457427043
1995-05,-0.1672861181269978,0.0,0.0,1.0,0.0,0.57,0.4786901865986698,-1.3596944797637038,-0.9386244951121714
1995-06,-0.15879860640533344,0.0,0.0,1.0,0.0,0.507,0.050398193673933715,-1.4666595107398488,-0.9177857172979549
1995-07,-0.15058488538436793,0.0,0.0,1.0,0.0,0.23399999999999999,-0.29360738212659165,-1.3528640973898571,-0.9561766200496487
1995-08,-0.14209737366270353,0.0,0.0,1.0,0.0,-0.147,-0.48445916865948374,-1.1948077740825955,-0.9708616648180564
1995-09,-0.13360986194103916,0.0,0.0,1.0,0.0,-0.445,-0.5373851914389373,-1.0115977383794577,-1.0336903468319694
1995-10,-0.12539614092007365,0.0,0.0,1.0,0.0,-0.48100000000000004,-0.6849526128412929,-0.7549886872636995,-0.9317714742202474
1995-11,-0.11690862919840928,0.0,0.0,1.0,0.0,-0.474,-0.7784049387414994,-0.4101762174868636,-1.0365084768518111
1995-12,-0.10869490817744376,0.0,0.0,1.0,0.0,-0.537,-0.7799090646571911,-0.14892422787582027,-1.0872231624115323
1996-01,-0.10020739645577939,0.0,0.0,1.0,0.0,-0.597,-1.0618116290261004,-0.1960689593661647,-1.0471539688291633
1996-02,-0.091719884734115,0.0,0.0,1.0,0.0,-0.5660000000000001,-1.1786354794007288,-0.20374942204528662,-1.0977124801032523
1996-03,-0.08377995441384833,0.0,0.0,1.0,0.0,-0.23600000000000002,-1.2933345485896177,-0.03288792230775602,-1.09379646816501
1996-04,-0.07529244269218396,0.0,0.0,1.0,0.0,-0.391,-1.4075534464316537,0.23945302582082156,-1.0963395449653806
1996-05,-0.06707872167121844,0.0,0.0,1.0,0.0,-0.040999999999999995,-1.4506008350954844,0.7556888980335816,-1.0569439986747684
1996-06,-0.058591209949554066,0.0,0.0,1.0,0.0,0.087,-1.024755532703377,1.564866226855698,-1.0546456726205387
1996-07,-0.050377488928588544,0.0,0.0,1.0,0.0,-0.17300000000000001,-0.9178431598453238,1.6689801711858296,-1.016665018738565
1996-08,-0.04188997720692417,0.0,0.0,1.0,0.0,-0.374,-0.6306209291982683,1.8905192259245855,-1.0017701876163239
1996-09,-0.03340246548525979,0.0,0.0,1.0,0.0,-0.457,-0.020495833291171887,1.972366443951045,-1.0911368433902877
1996-10,-0.025188744464294272,0.0,0.0,1.0,0.0,-0.359,0.5751704435227976,1.904554556280513,-1.1211386229480933
1996-11,-0.016701232742629895,0.0,0.0,1.0,0.0,-0.149,1.033276740117349,1.7842220686136712,-0.9427875887560402
1996-12,-0.008487511721664374,0.0,0.0,1.0,0.0,-0.325,1.4035827356934127,1.1138904107757732,-0.9777146857099792
1997-01,-0.0,0.0,0.0,1.0,0.0,-0.48,1.3771435334614741,0.8206010931683171,-1.0581327880131632
1997-02,-0.0,0.0,0.0,0.0,1.0,-0.605,1.4173620154650102,0.413744452959794,-1.050485575924581
1997-03,-0.0,0.0,0.0,0.0,1.0,-0.248,1.522509548093798,0.2210221663514492,-1.0336577133991507
1997-04,-0.0,0.0,0.0,0.0,1.0,0.527,1.4947944052791247,-0.4279408512818064,-0.984409201356784
1997-05,-0.0,0.0,0.0,0.0,1.0,1.1320000000000001,1.3667221187687721,-0.6283770956297627,-0.9574353381726551
1997-06,-0.0,0.0,0.0,0.0,1.0,2.275,1.2575252635928578,-0.8968016975955759,-1.0067374622832246
1997-07,-0.0,0.0,0.0,0.0,1.0,2.825,0.8279516739884475,-1.018952404148735,-1.0190425974153554
1997-08,-0.0,0.0,0.0,0.0,1.0,3.002,0.669998575135085,-1.0688554108217918,-0.8551994550706941
1997-09,-0.0,0.0,0.0,0.0,1.0,2.99,0.5349935923839781,-1.1000290969709452,-0.5038096433575733
1997-10,-0.0,0.0,0.0,0.0,1.0,2.3609999999999998,0.10717273957625917,-1.1215517560878023,-0.7824035902901598
1997-11,-0.0,0.0,0.0,0.0,1.0,2.516,-0.32262120511351783,-0.9430221409776824,-0.5003411756408453
1997-12,-0.0,0.0,0.0,0.0,1.0,2.344,-0.5314528831869736,-0.6005907897420786,-0.5367437699500864
1998-01,-0.0,0.0,0.0,0.0,1.0,2.455,-0.627932575357681,-0.5789482118537643,-0.651496905497499
1998-02,-0.0,0.0,0.0,0.0,1.0,2.7769999999999997,-0.8286564116175033,-0.5925774992082241,-0.6355081883874062
1998-03,-0.0,0.0,0.0,0.0,1.0,2.7510000000000003,-1.050857753812836,-0.4041548723425167,-0.268846596103567
1998-04,-0.0,0.0,0.0,0.0,1.0,2.658,-1.3093185499511597,0.04554091580930421,-0.24822692848113317
1998-05,-0.0,0.0,0.0,0.0,1.0,2.206,-1.2706255173954932,0.7956161686146684,-0.24723860165862477
1998-06,-0.0,0.0,0.0,0.0,1.0,1.3359999999999999,-0.8966934952220559,1.4807121701482555,-0.1868061459973969
1998-07,-0.0,0.0,0.0,0.0,1.0,0.392,-0.5421547653417367,1.74730153999412,-0.05906024226917442
1998-08,-0.0,0.0,0.0,0.0,1.0,-0.336,0.15178239016591408,1.9428726739668702,0.4107912615352542
1998-09,-0.0,0.0,0.0,0.0,1.0,-0.636,0.6364040871056377,1.8129910315766258,0.4201034446860131
1998-10,-0.0,0.0,0.0,0.0,1.0,-0.8079999999999999,0.8922666054240715,1.751041250994686,-0.08416467594468942
1998-11,-0.0,0.0,0.0,0.0,1.0,-1.071,1.4560948613366516,1.3569673602567736,0.36135627273392185
1998-12,-0.0,0.0,0.0,0.0,1.0,-0.9079999999999999,1.6146079358537175,0.7466230944959621,0.5424671629586411
1999-01,-0.0,0.0,0.0,0.0,1.0,-1.0390000000000001,1.3129276832699,0.25938149078381134,0.3826099613368345
1999-02,-0.0,0.0,0.0,0.0,1.0,-1.123,1.5269924754885187,-0.18764221689808538,0.3936512169356657
1999-03,-0.0,0.0,0.0,0.0,1.0,-0.95,0.9891942602321986,-0.47044198286246586,0.09758023526050498
1999-04,-0.0,0.0,0.0,0.0,1.0,-0.88,1.239594073851844,-0.6980098544921547,-0.052692060950555786
1999-05,-0.0,0.0,0.0,0.0,1.0,-0.596,0.8961241420473726,-0.7924618708412916,0.6827443048892383
1999-06,-0.0,0.0,0.0,0.0,1.0,-0.33899999999999997,0.5074835367054266,-1.235916357191538,1.1863457711066463
1999-07,-0.0,0.0,0.0,0.0,1.0,-0.478,0.29946194252024894,-1.0533032928671966,1.0953241340968771
1999-08,-0.0,0.0,0.0,0.0,1.0,-0.7390000000000001,0.2667517813345668,-1.1246778845042738,1.1826651860765953
1999-09,-0.0,0.0,0.0,0.0,1.0,-0.9670000000000001,0.19951397512081587,-1.1132512970910624,0.36323502608048397
1999-10,-0.0,0.0,0.0,0.0,1.0,-0.97,-0.2062407999885585,-1.1892697344158842,0.9381941550749177
1999-11,-0.0,0.0,0.0,0.0,1.0,-1.041,-0.4565993557565748,-1.0024293580988415,1.4508886942513017
1999-12,-0.0,0.0,0.0,0.0,1.0,-1.1420000000000001,-0.6560439004332784,-1.0149775782147956,0.9552567785201136
2000-01,-0.0,0.0,1.0,0.0,0.0,-1.122,-0.8468332027716196,-1.086879617416204,0.7073592370724735
2000-02,-0.0,0.008487511721664374,1.0,0.0,0.0,-1.189,-0.8745637666894426,-1.1614612013944696,1.055279053888512
2000-03,-0.0,0.016427442041931046,1.0,0.0,0.0,-1.09,-0.9420247057197714,-1.247698386879989,1.857408028792615
2000-04,-0.0,0.02491495376359542,1.0,0.0,0.0,-0.397,-1.1732802319107027,-1.0897053063875137,1.410206458323839
2000-05,-0.0,0.03312867478456094,1.0,0.0,0.0,0.251,-1.4155977117245908,-0.8170529181088134,1.4803520221675983
2000-06,-0.0,0.04161618650622532,1.0,0.0,0.0,0.001,-1.5947903354375264,-0.34732025693766855,1.410712276532528
2000-07,-0.0,0.04982990752719084,1.0,0.0,0.0,-0.159,-1.4602184446332813,0.0987227381609154,1.9713220189246887
2000-08,-0.0,0.058317419248855216,1.0,0.0,0.0,-0.145,-1.4972799531703538,0.12938041578094922,1.012948025824572
2000-09,-0.0,0.06680493097051958,1.0,0.0,0.0,-0.23800000000000002,-1.5808670419539277,0.049527034646900774,1.3744378849950754
2000-10,-0.0,0.07501865199148511,1.0,0.0,0.0,-0.391,-1.4915463139885277,0.27790238864851935,1.0006405597329544
2000-11,-0.0,0.08350616371314948,1.0,0.0,0.0,-0.713,-1.1436636477709303,0.6230713082533342,1.1799146538818783
2000-12,-0.0,0.091719884734115,1.0,0.0,0.0,-0.55,-0.9260258564764463,0.7848190310064463,1.0347658066233487
2001-01,-0.0,0.10020739645577939,1.0,0.0,0.0,-0.496,-0.9174918864795162,0.7391433981428875,0.8858874241855413
2001-02,-0.0,0.10869490817744376,1.0,0.0,0.0,-0.649,-1.0786903429891876,0.5654663661249292,0.4913567137774404
2001-03,-0.0,0.11636104779701158,1.0,0.0,0.0,-0.5479999999999999,-1.0009943904760623,0.6203452483133481,1.207070331905997
2001-04,-0.0,0.12484855951867595,1.0,0.0,0.0,-0.05,-0.8532861985018737,0.9362578516760818,1.2763091525092947
2001-05,-0.0,0.13306228053964148,1.0,0.0,0.0,0.282,-0.3759861530439807,1.4050028814907272,0.6665907556439906
2001-06,-0.0,0.14154979226130585,1.0,0.0,0.0,0.052000000000000005,-0.16525771982028437,1.4735539186867077,1.2742136199304377
2001-07,-0.0,0.1497635132822714,1.0,0.0,0.0,0.297,0.32872435605877254,1.5150869474594832,0.3284151532629491
2001-08,-0.0,0.15825102500393573,1.0,0.0,0.0,0.332,0.5054990959538274,1.5880636300352848,1.011199806209285
2001-09,-0.0,0.1667385367256001,1.0,0.0,0.0,-0.174,0.6876913190551242,1.5509546799558593,2.5098552440150104
2001-10,-0.0,0.17495225774656564,1.0,0.0,0.0,-0.276,1.0127673796221095,1.2310504321778661,1.8673379162074424
2001-11,-0.0,0.18343976946823,1.0,0.0,0.0,-0.151,1.3026095785794738,0.898105634176386,1.9002720427999564
2001-12,-0.0,0.19165349048919553,1.0,0.0,0.0,0.033,1.6253852637579727,0.37883192319854436,2.3366299897349787
2002-01,-0.0,0.2001410022108599,1.0,0.0,0.0,0.017,1.539009132919125,0.03527307166942235,2.1594304495295282
2002-02,-0.0,0.20862851393252427,1.0,0.0,0.0,-0.16,1.5341482858947473,-0.31742121742670787,1.7264563897812728
2002-03,-0.0,0.21629465355209213,1.0,0.0,0.0,-0.11800000000000001,1.6121982839988056,-0.6389452601115373,1.2569994841185825
2002-04,-0.0,0.2247821652737565,1.0,0.0,0.0,0.401,1.1417233842353887,-0.8291405506032691,1.531024750456553
2002-05,-0.0,0.23299588629472198,1.0,0.0,0.0,0.8859999999999999,0.7628506322872605,-1.0956355415378327,1.343011889190683
2002-06,-0.0,0.24148339801638635,1.0,0.0,0.0,0.932,0.21218915906869676,-1.078955855159319,0.7141283434228632
2002-07,-0.0,0.2496971190373519,1.0,0.0,0.0,0.7120000000000001,0.22830397643518932,-1.0975058944787737,1.2729432470099973
2002-08,-0.0,0.25818463075901626,1.0,0.0,0.0,1.002,0.19373708655178637,-1.0764134449668297,1.4673452682298667
2002-09,-0.0,0.26667214248068066,1.0,0.0,0.0,0.8809999999999999,0.2448621848965052,-0.9907686340211924,1.2429974104798809
2002-10,-0.0,0.2748858635016462,1.0,0.0,0.0,0.9790000000000001,-0.1351409795461207,-0.9915412278561286,0.9855359422568778
2002-11,-0.0,0.2833733752233105,1.0,0.0,0.0,1.0759999999999998,-0.513121886592356,-0.634777916909723,0.9681213439291372
2002-12,-0.0,0.29158709624427603,1.0,0.0,0.0,1.156,-0.5862340463257443,-0.5478598930568175,0.6902266848426649
2003-01,-0.0,0.30007460796594043,1.0,0.0,0.0,1.214,-0.6826900388266944,-0.503086130097589,0.4109311191044764
2003-02,-0.0,0.30856211968760483,1.0,0.0,0.0,0.9440000000000001,-0.8867439065953702,-0.6021832681077616,0.0217974123944247
2003-03,-0.0,0.31622825930717263,1.0,0.0,0.0,0.83,-1.1246566992398563,-0.49038670225932757,0.22520026717642755
2003-04,-0.0,0.324715771028837,1.0,0.0,0.0,0.413,-1.2996888063099405,-0.21323762638017887,0.1455886768557632
2003-05,-0.0,0.33292949204980254,1.0,0.0,0.0,0.214,-1.2728409025264482,0.35488168369123835,-0.03668303119350497
2003-06,-0.0,0.3414170037714669,1.0,0.0,0.0,0.107,-0.9004697275824199,1.0112771139096766,0.28179829448145993
2003-07,-0.0,0.34963072479243246,1.0,0.0,0.0,0.177,-0.33173429161183027,1.4864347236203204,0.24778726460593029
2003-08,-0.0,0.3581182365140968,1.0,0.0,0.0,0.309,0.07918802275804741,1.5866754888282049,0.10247525018330796
2003-09,-0.0,0.36660574823576114,1.0,0.0,0.0,0.46,0.3666596625836846,1.4934340859512734,-0.15233824806240612
2003-10,-0.0,0.3748194692567267,1.0,0.0,0.0,0.49700000000000005,0.5378800493230216,1.507092785834368,0.6424653249530352
2003-11,-0.0,0.38330698097839105,1.0,0.0,0.0,0.563,0.8626203941334314,1.5640149666886531,0.37414624743936
2003-12,-0.0,0.3915207019993566,1.0,0.0,0.0,0.36200000000000004,1.4015612994906148,1.3029796343005664,-0.19535144347691868
2004-01,-0.0,0.4000082137210209,1.0,0.0,0.0,0.332,1.5217925150795943,0.8998027852064644,-0.21681958035263715
2004-02,-0.0,0.4084957254426853,1.0,0.0,0.0,0.37,1.2817913129406517,0.33298527884181556,-0.3475068334418627
2004-03,-0.0,0.416435655762952,1.0,0.0,0.0,-0.036000000000000004,1.4216956832953094,0.07000707215531927,-0.20493168696868888
2004-04,-0.0,0.4249231674846164,1.0,0.0,0.0,0.358,1.2374739651585809,-0.5957746244984744,-0.40076724827309407
2004-05,-0.0,0.4331368885055819,1.0,0.0,0.0,0.5579999999999999,1.0807849020835716,-0.7421372082153478,-0.39807499006555297
2004-06,-0.0,0.4416244002272463,1.0,0.0,0.0,0.315,0.8639104124831117,-0.7772337680469916,-0.43234475644414416
2004-07,-0.0,0.4498381212482118,1.0,0.0,0.0,0.5710000000000001,0.73562986442054,-0.7427432516131071,0.0420567802790036
2004-08,-0.0,0.4583256329698762,1.0,0.0,0.0,0.617,0.5374575603318845,-0.7423965866206769,-0.16737992963233256
2004-09,-0.0,0.46681314469154056,1.0,0.0,0.0,0.5579999999999999,0.1536164419156901,-0.7191488677323249,-0.3537984146090608
2004-10,-0.0,0.47502686571250613,1.0,0.0,0.0,0.49200000000000005,-0.16212442553519005,-0.82469679577446,-0.3333908642999486
2004-11,-0.0,0.4835143774341704,1.0,0.0,0.0,0.794,-0.4495062308336699,-0.6600871002731804,-0.19988515967922788
2004-12,-0.0,0.49172809845513593,1.0,0.0,0.0,0.684,-0.6865073915259668,-0.6240702430951907,-0.6147143647918692
2005-01,-0.0,0.5002156101768003,1.0,0.0,0.0,0.325,-0.9278833607053312,-0.609508210390217,-0.46513669450794687
2005-02,-0.0,0.5087031218984647,1.0,0.0,0.0,0.816,-1.0613376827148875,-0.8785727428554828,-0.5543708185853619
2005-03,-0.0,0.5163692615180325,1.0,0.0,0.0,1.057,-1.2322325017314635,-1.0348609703152638,-0.6813564965265944
2005-04,-0.0,0.5248567732396969,1.0,0.0,0.0,0.626,-1.3854209774792736,-0.3382114146252377,-0.7330175516380573
2005-05,-0.0,0.5330704942606624,1.0,0.0,0.0,0.885,-1.5055822435353725,0.12538261252384708,-0.4052776548805331
2005-06,-0.0,0.5415580059823268,1.0,0.0,0.0,0.589,-1.493112677344064,0.5775300869019643,-0.5160215401102223
2005-07,-0.0,0.5497717270032924,1.0,0.0,0.0,0.519,-1.2939435263477659,1.0457091408699883,-0.4512907951548772
2005-08,-0.0,0.5582592387249566,1.0,0.0,0.0,0.34299999999999997,-1.2256878187596874,1.2185461226929915,-0.599399960961958
2005-09,-0.0,0.566746750446621,1.0,0.0,0.0,0.29600000000000004,-0.9022855970551593,1.5480913044574223,-0.6151619090133819
2005-10,-0.0,0.5749604714675866,1.0,0.0,0.0,-0.179,-0.25836089874836704,1.7916210097550402,-0.9606520622647826
2005-11,-0.0,0.583447983189251,1.0,0.0,0.0,-0.385,0.42931517071733627,1.764743261032689,-0.7822264373691449
2005-12,-0.0,0.5916617042102165,1.0,0.0,0.0,-0.55,0.8906952480279294,1.698343202029047,-0.7050623545098808
2006-01,-0.0,0.6001492159318809,1.0,0.0,0.0,-0.428,0.933899368834632,1.517768376162231,-0.8601643987781081
2006-02,-0.0,0.6086367276535453,1.0,0.0,0.0,-0.414,1.152368475555732,0.9476035299789735,-0.9917229197416121
2006-03,-0.0,0.6163028672731131,1.0,0.0,0.0,-0.521,1.3305847541309288,0.5184617274414728,-0.9912808699246042
2006-04,-0.0,0.6247903789947775,1.0,0.0,0.0,-0.5710000000000001,1.0083041694130719,0.03245370553336489,-0.6676947429730008
2006-05,-0.0,0.6330041000157429,1.0,0.0,0.0,0.045,1.1495515937997867,-0.42187168811989084,-0.8185567719342872
2006-06,-0.0,0.6414916117374073,1.0,0.0,0.0,0.526,1.071476363212206,-0.8343087149295572,-0.8991427033205383
2006-07,-0.0,0.6497053327583728,1.0,0.0,0.0,0.716,0.8728635330553284,-0.9468176213555392,-0.9136599190058786
2006-08,-0.0,0.6581928444800372,1.0,0.0,0.0,0.748,0.6143041300200149,-0.7328460667821459,-0.8463184994250385
2006-09,-0.0,0.6666803562017016,1.0,0.0,0.0,0.8,0.6139471719087679,-0.9836806689837349,-0.9060796387539951
2006-10,-0.0,0.6748940772226671,1.0,0.0,0.0,0.9390000000000001,0.25597968652251596,-0.9582134794015583,-1.0108609296158135
2006-11,-0.0,0.6833815889443315,1.0,0.0,0.0,1.272,-0.3219918112185863,-0.9641077598845669,-0.7804199437666818
2006-12,-0.0,0.6915953099652971,1.0,0.0,0.0,0.965,-0.5791600434332256,-0.9363081105666279,-0.83589911051793
2007-01,-0.0,0.7000828216869615,1.0,0.0,0.0,0.985,-0.7384593417624871,-0.82894580801885,-0.8591154670089362
2007-02,-0.0,0.7085703334086257,1.0,0.0,0.0,0.537,-0.9087414401022222,-1.0105065612043973,-0.9676449407259289
2007-03,-0.0,0.7162364730281936,1.0,0.0,0.0,0.125,-1.0343945371065075,-0.9257856436218479,-1.0608600106130106
2007-04,-0.0,0.7247239847498579,1.0,0.0,0.0,0.026000000000000002,-1.2698122431153054,-0.576303283676995,-1.0305831778357337
2007-05,-0.0,0.7329377057708235,1.0,0.0,0.0,0.348,-1.4190948407156294,0.04593404849040009,-0.9624702106646805
2007-06,-0.0,0.7414252174924878,1.0,0.0,0.0,-0.155,-1.2096289475822282,0.8783653312444947,-0.9638151742887078
2007-07,-0.0,0.7496389385134534,1.0,0.0,0.0,-0.248,-0.924834275827396,1.3814790553829712,-1.0071547040314062
2007-08,-0.0,0.7581264502351177,1.0,0.0,0.0,-0.442,-0.6730311788005063,1.6315105814082878,-1.074426194827635
2007-09,-0.0,0.7666139619567821,1.0,0.0,0.0,-1.197,-0.31573094642515875,1.7939959538982766,-1.1421522227238374
2007-10,-0.0,0.7748276829777476,1.0,0.0,0.0,-1.217,-0.07080481032632648,1.806812683095267,-1.1558932288999906
2007-11,-0.0,0.783315194699412,1.0,0.0,0.0,-1.155,0.6961557871003811,1.7164189014310016,-1.1353598067785775
2007-12,-0.0,0.7915289157203775,1.0,0.0,0.0,-1.178,1.137447125141699,1.6016037954304223,-0.9612114925416742
2008-01,-0.0,0.8000164274420418,1.0,0.0,0.0,-1.006,1.1720809838078017,1.2513319319729719,-1.0512098383366286
2008-02,-0.0,0.8085039391637062,1.0,0.0,0.0,-1.371,1.3182556661512062,0.856035017241519,-1.1056094378511612
2008-03,-0.0,0.816443869483973,1.0,0.0,0.0,-1.5519999999999998,1.4904572741554465,0.35902727633387294,-1.0460351082753805
2008-04,-0.0,0.8249313812056374,1.0,0.0,0.0,-0.858,1.3293342915524362,-0.08485986668891773,-1.0786359076612446
2008-05,-0.0,0.8331451022266029,1.0,0.0,0.0,-0.345,1.0637479955198486,-0.532097146850671,-1.0953349014264626
2008-06,-0.0,0.8416326139482673,1.0,0.0,0.0,0.142,1.1000567164009472,-0.8477181100223625,-1.1365882224282524
2008-07,-0.0,0.8498463349692328,1.0,0.0,0.0,0.08800000000000001,0.8108396313251317,-1.027484813044962,-1.1406487538546914
2008-08,-0.0,0.8583338466908972,1.0,0.0,0.0,-0.26899999999999996,0.5049444635828225,-1.084808504255577,-1.1372921721933407
2008-09,-0.0,0.8668213584125615,1.0,0.0,0.0,-0.58,0.42504531461539524,-1.1390424404625832,-1.1402734693772762
2008-10,-0.0,0.8750350794335271,1.0,0.0,0.0,-0.6990000000000001,-0.011001491716469955,-1.1909689769903122,-1.1405788250700797
2008-11,-0.0,0.8835225911551914,1.0,0.0,0.0,-0.588,-0.31921788174195104,-1.0422081375469208,-1.1568209507758358
2008-12,-0.0,0.891736312176157,1.0,0.0,0.0,-0.6459999999999999,-0.4366734255381774,-1.1737306329337873,-1.1580493664255107
2009-01,-0.0,0.9002238238978213,1.0,0.0,0.0,-0.7140000000000001,-0.4707127923404546,-1.3573424447118212,-1.1454738399928825
2009-02,-0.0,0.9087113356194857,1.0,0.0,0.0,-0.69,-0.44651059260787246,-1.688290097444264,-1.1309261553371048
2009-03,-0.0,0.9163774752390536,1.0,0.0,0.0,-0.705,-0.5183977436763633,-1.3115944975549194,-1.1247049909632774
2009-04,-0.0,0.924864986960718,1.0,0.0,0.0,-0.106,-0.8803924707989681,-1.276158004228752,-1.0877406354176573
2009-05,-0.0,0.9330787079816835,1.0,0.0,0.0,0.326,-1.1368834057594264,-1.116325745594936,-1.0475735415368321
2009-06,-0.0,0.9415662197033479,1.0,0.0,0.0,0.7509999999999999,-1.3157576893168481,-0.4815258658200523,-1.0766126348264862
2009-07,-0.0,0.9497799407243133,1.0,0.0,0.0,1.06,-1.2843633178660816,0.0325612269166219,-1.083936509534793
2009-08,-0.0,0.9582674524459776,1.0,0.0,0.0,1.05,-1.167582853116966,0.16501412618102596,-1.1144953884100037
2009-09,-0.0,0.966754964167642,1.0,0.0,0.0,0.7070000000000001,-1.3559234167615817,-0.08249483723532706,-1.067507907070074
2009-10,-0.0,0.9749686851886075,1.0,0.0,0.0,0.883,-1.331186500492757,-0.013568797443346084,-1.053587417013418
2009-11,-0.0,0.9834561969102719,1.0,0.0,0.0,1.107,-1.1156706113467916,0.46413758501873814,-1.0496597502777405
2009-12,-0.0,0.9916699179312374,1.0,0.0,0.0,1.0590000000000002,-1.220206004699165,0.3909384916592449,-0.9989730362318646
2010-01,-0.0,1.0001574296529019,1.0,0.0,0.0,1.0659999999999998,-1.2639218232107454,0.4761008522126378,-0.9094641919291903
2010-02,-0.0,1.0086449413745662,1.0,0.0,0.0,1.526,-1.3419602401527633,0.3491257641384578,-0.8191511666034844
2010-03,-0.0,1.016311080994134,1.0,0.0,0.0,1.462,-1.25777401299226,0.6630254375537898,-0.8214238521033571
2010-04,-0.0,1.0247985927157983,1.0,0.0,0.0,0.978,-1.1791014068976458,1.0905719146114972,-0.9534097711385214
2010-05,-0.0,1.033012313736764,1.0,0.0,0.0,0.6579999999999999,-0.5719899279927777,1.6572711817002634,-0.9762461812331391
2010-06,-0.0,1.0414998254584282,1.0,0.0,0.0,-0.228,0.45861491657010384,1.7602704763529042,-0.9898286821641719
2010-07,-0.0,1.0497135464793939,1.0,0.0,0.0,-1.103,1.1686207737832006,1.221192666841994,-0.8239412883493696
2010-08,-0.0,1.0582010582010581,1.0,0.0,0.0,-1.671,1.319640803630479,0.0702963801734296,-0.8439409207482484
2010-09,-0.0,1.0666885699227227,1.0,0.0,0.0,-1.879,1.2724971989015204,-0.5804004029162705,-0.8346870115846647
2010-10,-0.0,1.074902290943688,1.0,0.0,0.0,-1.892,1.1373967294975027,-0.5623892318865242,-0.8515631582708979
2010-11,-0.0,1.0833898026653526,1.0,0.0,0.0,-1.4769999999999999,1.1059285042634348,-0.6188059772641051,-0.861495376645213
2010-12,-0.0,1.091603523686318,1.0,0.0,0.0,-1.558,0.6315749473037233,-0.5846324682338702,-0.84163327085607
2011-01,-0.0,1.1000910354079825,1.0,0.0,0.0,-1.719,0.31030579239113865,-0.7922516620448506,-0.860339220739637
2011-02,-0.0,1.1085785471296468,1.0,0.0,0.0,-1.544,0.37158534980204627,-0.8775128943584952,-0.6101914709014632
2011-03,-0.0,1.1162446867492144,1.0,0.0,0.0,-1.554,0.11454871396373092,-1.1004430854091714,-0.12402408317322473
2011-04,-0.0,1.124732198470879,1.0,0.0,0.0,-1.3869999999999998,-0.25143389002955974,-1.1213242491417168,-0.15371118320027816
2011-05,-0.0,1.1329459194918443,1.0,0.0,0.0,-0.19899999999999998,-0.6666449895424764,-1.1503984531844058,-0.4874439767990037
2011-06,-0.0,1.1414334312135088,1.0,0.0,0.0,-0.003,-0.9686803008733015,-1.0621058114540176,-0.46782429079651444
2011-07,-0.0,1.1496471522344742,1.0,0.0,0.0,-0.193,-1.057445365393127,-0.7727773981193377,-0.5032478821211953
2011-08,-0.0,1.1581346639561387,1.0,0.0,0.0,-0.517,-1.1812718738464045,-0.9228789019614726,-0.34912484083752787
2011-09,-0.0,1.166622175677803,1.0,0.0,0.0,-0.778,-1.2875024408446247,-0.8473847496771315,0.33519824537026116
2011-10,-0.0,1.1748358966987686,1.0,0.0,0.0,-0.9390000000000001,-1.2557524678408292,-0.6757797856253951,0.3456176342773697
2011-11,-0.0,1.183323408420433,1.0,0.0,0.0,-0.938,-1.1921778140189312,-0.15171372863480706,0.6382556121194252
2011-12,-0.0,1.1915371294413986,1.0,0.0,0.0,-0.945,-0.9838331267036006,0.427290173906892,0.35680623981520365
2012-01,-0.0,1.2000246411630628,1.0,0.0,0.0,-0.98,-1.2986769492193933,0.1472485990275946,0.18431989969256515
2012-02,-0.0,1.2085121528847274,1.0,0.0,0.0,-0.675,-1.2570276523957935,0.06674998799426902,-0.35012313452129157
2012-03,-0.0,1.2164520832049939,1.0,0.0,0.0,-0.382,-1.3282067008864762,-0.015195217321998059,-0.14262513987987424
2012-04,-0.0,1.2249395949266584,1.0,0.0,0.0,0.11,-1.2324967340859472,0.2455401045343701,-0.1397650525892652
2012-05,-0.0,1.2331533159476238,1.0,0.0,0.0,0.757,-0.9032679042111522,1.0439033770030726,0.08289519049209852
2012-06,-0.0,1.2416408276692883,1.0,0.0,0.0,0.8420000000000001,-0.3752611628385313,1.4356251923042678,0.09291132340794707
2012-07,-0.0,1.2498545486902537,1.0,0.0,0.0,1.126,0.012580726112740147,1.5221452057089342,0.43652505427227306
2012-08,-0.0,1.2583420604119182,1.0,0.0,0.0,0.607,0.3256371530407782,1.5649345329060125,-0.03968996893179858
2012-09,-0.0,1.2668295721335825,1.0,0.0,0.0,0.316,0.4916404361719387,1.5311937458180047,0.0852517905335055
2012-10,-0.0,1.2750432931545481,1.0,0.0,0.0,0.069,0.5577267377405487,1.5471290108182223,0.043595213540455334
2012-11,-0.0,1.2835308048762124,1.0,0.0,0.0,0.127,0.7895874263168148,1.5437879938064245,-0.04626094372578966
2012-12,-0.0,1.291744525897178,1.0,0.0,0.0,0.111,1.3004701130012877,1.276964962666325,-0.33464958242295473
2013-01,-0.0,1.3002320376188423,1.0,0.0,0.0,0.10300000000000001,1.2148736548738792,0.961698324985232,0.056741825047410356
2013-02,-0.0,1.3087195493405068,1.0,0.0,0.0,-0.068,1.259656140603306,0.7084876247132779,-0.4044834636838749
2013-03,-0.0,1.3163856889600745,1.0,0.0,0.0,-0.026000000000000002,1.485273019221271,0.5238246162604615,-0.22248381190616645
2013-04,-0.0,1.3248732006817387,1.0,0.0,0.0,0.09,1.376381445582768,0.010767288297964545,0.11784093512193358
2013-05,-0.0,1.3330869217027044,1.0,0.0,0.0,0.205,1.2741808925795235,-0.19811354657744484,0.2997443515722484
2013-06,-0.0,1.3415744334243687,1.0,0.0,0.0,-0.094,1.300514741361225,-0.6689651689480907,-0.1462684295581313
2013-07,-0.0,1.3497881544453343,1.0,0.0,0.0,-0.314,1.0599028017727248,-0.8290150845039015,-0.024795137809556694
2013-08,-0.0,1.3582756661669986,1.0,0.0,0.0,-0.48100000000000004,1.0459330347381794,-0.8091524656993001,-0.04549405805454976
2013-09,-0.0,1.366763177888663,1.0,0.0,0.0,-0.155,1.1007783619353013,-0.8369838265921328,-0.3629031423654735
2013-10,-0.0,1.3749768989096285,1.0,0.0,0.0,0.115,0.9009012510367832,-0.8694538562179515,0.24079438614478468
2013-11,-0.0,1.383464410631293,1.0,0.0,0.0,-0.053,0.5510094268947107,-1.0973055034836214,0.5352132170349451
2013-12,-0.0,1.3916781316522584,1.0,0.0,0.0,-0.23399999999999999,0.1544258827347951,-1.2200702825456327,0.49169886533071805
2014-01,-0.0,1.400165643373923,1.0,0.0,0.0,-0.27,0.148393743536691,-1.3744422092894435,0.7504353683931357
2014-02,-0.0,1.4086531550955872,1.0,0.0,0.0,-0.259,0.021624029611621524,-1.3259191214819268,0.9912651076818305
2014-03,-0.0,1.416319294715155,1.0,0.0,0.0,0.018000000000000002,-0.1887745244830071,-1.2065049892038848,0.6058226418166279
2014-04,-0.0,1.4248068064368193,1.0,0.0,0.0,0.295,-0.7374998035122028,-1.2313450212767272,0.5373810093579003
2014-05,-0.0,1.433020527457785,1.0,0.0,0.0,1.001,-1.1065585143318786,-0.5743381571999008,0.27436020275828654
2014-06,-0.0,1.4415080391794493,1.0,0.0,0.0,1.046,-1.2793612889928776,-0.046372575028664154,0.1206590651417758
2014-07,-0.0,1.4497217602004149,1.0,0.0,0.0,0.915,-1.3801609093025944,0.3991567796460063,0.46498606960913896
2014-08,-0.0,1.4582092719220792,1.0,0.0,0.0,0.937,-1.388741563366094,0.3525371377393634,0.17163481816404724
2014-09,-0.0,1.4666967836437437,1.0,0.0,0.0,0.557,-1.425209747608186,0.4589543088963403,0.6258991958785796
2014-10,-0.0,1.474910504664709,1.0,0.0,0.0,0.42100000000000004,-1.4249492792908127,0.6920849874034091,0.7288973027328046
2014-11,-0.0,1.4833980163863734,1.0,0.0,0.0,0.754,-0.9460035947455427,1.3123030994226077,0.6689660033612918
2014-12,-0.0,1.491611737407339,1.0,0.0,0.0,0.5660000000000001,-0.42180839382463914,1.6774589828815725,0.7267994391944608
2015-01,-0.0,1.5000992491290033,1.0,0.0,0.0,0.41700000000000004,-0.3152482386778295,1.6145787137610055,0.36424666249786286
2015-02,-0.0,1.5085867608506676,1.0,0.0,0.0,0.46399999999999997,0.02256431740017538,1.7145674400134354,0.11950290923619972
2015-03,-0.0,1.5162529004702354,1.0,0.0,0.0,0.614,0.26871011854295057,1.5986853446257232,0.10023752907574097
2015-04,-0.0,1.5247404121919,1.0,0.0,0.0,0.9159999999999999,0.5845146562324527,1.575580930843749,0.20599782292211968
2015-05,-0.0,1.5329541332128653,1.0,0.0,0.0,1.5830000000000002,0.9506909228353669,1.2389306324569502,0.04632243614030212
2015-06,-0.0,1.5414416449345298,1.0,0.0,0.0,2.097,1.2380393108408907,0.4357138867351959,0.2245685771554373
2015-07,-0.0,1.5496553659554952,1.0,0.0,0.0,1.9809999999999999,1.3318166035253123,-0.25871132446841566,-0.21423221532201348
2015-08,-0.0,1.5581428776771598,1.0,0.0,0.0,2.334,1.301461069469098,-0.6283650090581356,-0.24388201999727413
2015-09,-0.0,1.566630389398824,1.0,0.0,0.0,2.479,1.4195663916366157,-0.8481869560497787,-0.37656023400009203
2015-10,-0.0,1.5748441104197897,1.0,0.0,0.0,2.201,1.0517190148631597,-0.7702413665781648,-0.3705230489286362
2015-11,-0.0,1.583331622141454,1.0,0.0,0.0,2.271,0.7921558026521983,-1.0248945950722161,-0.2877530085030199
2015-12,-0.0,1.5915453431624196,1.0,0.0,0.0,2.12,0.35034362567038274,-0.901679592528327,-0.24388201999727382
2016-01,-0.0,1.6000328548840836,1.0,0.0,0.0,2.2159999999999997,0.29952235648510905,-0.8078987201013292,-0.4398224744785964
2016-02,-0.0,1.6085203666057482,1.0,0.0,0.0,2.17,0.5071599114396533,-0.6731600878834438,-0.420912766584697
2016-03,-0.0,1.616460296926015,1.0,0.0,0.0,1.963,0.5710173751033887,-0.22764794760498902,-0.6471613208515884
2016-04,-0.0,1.6249478086476792,1.0,0.0,0.0,2.094,0.8236660125212497,0.3926281764966683,-0.5708666858809928
2016-05,-0.0,1.6331615296686448,1.0,0.0,0.0,1.7519999999999998,0.9268469961191367,0.48245239372776233,-0.5453450104572961
2016-06,-0.0,1.641649041390309,1.0,0.0,0.0,1.053,0.8911143671333634,0.2897104556115539,-0.7790470086288098
2016-07,-0.0,1.6498627624112747,1.0,0.0,0.0,0.35200000000000004,0.9059073456707747,-0.18324324123024593,-0.6863913690186195
2016-08,-0.0,1.658350274132939,1.0,0.0,0.0,0.16699999999999998,1.0099307864066127,-0.6780178893803268,-0.7233836960780841
2016-09,-0.0,1.6668377858546033,1.0,0.0,0.0,-0.11800000000000001,0.9735992558303794,-0.8378855064172891,-0.6884332895292743
2016-10,-0.0,1.675051506875569,1.0,0.0,0.0,-0.385,0.9871496049361649,-0.8539367915349284,-0.7561802960608608
2016-11,-0.0,1.6835390185972332,1.0,0.0,0.0,-0.209,1.0459315005063683,-0.9664510298790121,-0.9445940823585032
2016-12,-0.0,1.6917527396181988,1.0,0.0,0.0,-0.11,1.087760001062185,-1.1049849999969568,-1.033028354337648
2017-01,-0.0,1.7002402513398631,1.0,0.0,0.0,-0.052000000000000005,0.9263952553646345,-1.1763833028506612,-0.9877844306940304
2017-02,-0.0,1.7087277630615276,1.0,0.0,0.0,-0.043,0.9743481538703347,-1.2255945455782227,-0.9844453312288329
2017-03,-0.0,1.7163939026810955,1.0,0.0,0.0,-0.08,0.6248948399846143,-1.3127054545421808,-1.009392425138973
2017-04,-0.0,1.7248814144027598,1.0,0.0,0.0,0.7440000000000001,-0.05779812020829114,-1.4132559975809595,-0.8412626482976299
2017-05,-0.0,1.7330951354237254,1.0,0.0,0.0,1.445,-0.8176458772847858,-1.1168858135736102,-0.9805118370944386
2017-06,-0.0,1.7415826471453897,1.0,0.0,0.0,1.0390000000000001,-1.2198616921814958,-0.5837463529984285,-0.940041718480297
2017-07,-0.0,1.7497963681663553,1.0,0.0,0.0,0.456,-1.392171115633953,-0.21322291364778084,-0.8730312951466181
2017-08,-0.0,1.7582838798880196,1.0,0.0,0.0,0.009000000000000001,-1.458534726464237,-0.13022051187834557,-0.8799542448231527
2017-09,-0.0,1.766771391609684,1.0,0.0,0.0,-0.478,-1.4954840679526118,-0.12577833203404995,-0.564435568656226
2017-10,-0.0,1.7749851126306495,1.0,0.0,0.0,-0.568,-1.5455076058113735,0.08230876783289354,-0.9650575756953043
2017-11,-0.0,1.783472624352314,1.0,0.0,0.0,-0.285,-1.3484232364550013,0.3820292338783821,-1.0797920635668208
2017-12,-0.0,1.7916863453732794,1.0,0.0,0.0,-0.5760000000000001,-1.0486271341362707,0.7590168874676981,-1.1077122963026915
2018-01,-0.0,1.800173857094944,1.0,0.0,0.0,-0.623,-1.194262578929698,0.6940617242134048,-1.1430962613160922
2018-02,-0.0,1.8086613688166082,1.0,0.0,0.0,-0.731,-1.3399977234852238,0.3389684724740903,-1.1430962613160922
2018-03,-0.0,1.816327508436176,1.0,0.0,0.0,-0.502,-1.3773240350689373,0.4333274337215639,-1.1430962613160922
2018-04,-0.0,1.8248150201578404,1.0,0.0,0.0,-0.43200000000000005,-1.214758274508255,0.9487885409284273,-1.1430962613160922
2018-05,-0.0,1.833028741178806,1.0,0.0,0.0,0.465,-0.8784663997054372,1.4622408256282209,-1.1430962613160922
2018-06,-0.0,1.8415162529004703,1.0,0.0,0.0,0.469,-0.14543001570246214,1.8783822036180837,-1.1430962613160922
2018-07,-0.0,1.849729973921436,1.0,0.0,0.0,0.076,0.3851815362475281,1.8369005717633546,-1.1430962613160922
2018-08,-0.0,1.8582174856431002,1.0,0.0,0.0,0.132,0.8046694910412123,1.7433067631983281,-1.1430962613160922
2018-09,-0.0,1.8667049973647647,1.0,0.0,0.0,0.509,1.1856632905778735,1.3429239378776063,-1.1430962613160922
2018-10,-0.0,1.87491871838573,1.0,0.0,0.0,0.46799999999999997,1.351891189699677,0.933159882517302,-1.1430962613160922
2018-11,-0.0,1.8834062301073946,1.0,0.0,0.0,0.698,1.6462194918107953,0.401343907210955,-1.1430962613160922
2018-12,-0.0,1.89161995112836,1.0,0.0,0.0,0.698,1.642771466700708,-0.09320614409756421,-1.1430962613160922
