date,0km_ds,1km_ds,2km_ds,3km_ds,4km_ds,5km_ds,6km_ds,7km_ds,8km_ds,9km_ds,10km_ds,11km_ds
1994-08-01,-0.301024549186595,-0.2599045346062052,-0.05141525695740529,0.0016641894381136503,-0.03119105183453341,-0.05270595699886063,-0.09124099382895565,-0.03187989921612545,0.03393600638795411,-0.049900808789867114,-0.05411392405063312,0.13083715728993947
1994-09-01,-0.0640401699497876,-0.061039134499799745,-0.03806111899208964,-0.02850406403176762,-0.000279117987160772,-0.06189150596414288,-0.05109961190168182,-0.027971643677529284,-0.02519425476807163,-0.12168188575069007,-0.1589543621240776,0.3422397809776298
1994-10-01,-0.07905667263342644,-0.10703874489849986,-0.12988070137980723,-0.06342307367710368,-0.04891524263080906,-0.06980454726765084,-0.09444158517756042,-0.10751901372535985,-0.1457972777024182,-0.18399792068270934,0.13611141814966304,0.1716942617373553
1994-11-01,-0.36598018133853544,-0.16221643733729996,-0.10835695090970508,-0.11550337779589016,-0.050914224956859815,-0.07432301177201898,-0.1316935803229639,-0.12994035600733372,-0.24594752470427894,-0.4156547730244724,-0.45250646985526694,-0.1889515219842165
1994-12-01,-0.1566077926688559,-0.0650964998364409,-0.0431630971993411,-0.05441486706282107,-0.07051829767120557,-0.10715955047046148,-0.15028228335872396,-0.16605919230208493,-0.16655780535597645,-0.21853242946134124,-0.300438118272109,-0.071048963901184
1995-01-01,-0.14606826753596275,-0.14710865145696858,-0.13540978900531092,-0.10557488595066887,-0.09922158796056052,-0.0780706893184925,-0.09480525183331122,-0.09529297865474155,-0.11338896554745172,0.04476962410923149,0.143964198395791,0.20760378979465893
1995-02-01,-0.15620111355952151,-0.13918969988401955,-0.11773653787648324,-0.09554782361712719,-0.09362268881228465,-0.07919680718383645,-0.09145513323258798,-0.09167367535744313,0.03350855472793313,0.12682655087203076,0.5996194243793737,0.0667491884064737
1995-03-01,-0.08314724050926582,-0.13632395916353546,-0.13558384061981169,-0.16808688624537438,-0.14063155930780363,-0.10852419607132872,-0.06990870132289945,0.15695049426178964,0.5090379008746357,0.579236358753227,0.49598541010397673,0.2876294198085563
1995-04-01,-0.23894282632146702,-0.13576023458277423,-0.06717307829902913,-0.0562422744128553,-0.06917164816396251,-0.08243629922332744,-0.14304709141274227,-0.1473450234625832,-0.25979733301116026,-0.4085912052117264,-0.3475170538567953,-0.393526348677359
1995-05-01,-0.010035426413044893,0.05281032433350334,-0.02913551849722061,-0.031806516836456966,-0.018090053306113213,-0.08261413286810454,-0.11459736062483175,-0.13100502135951425,-0.11974893182591596,-0.011823016159843006,-0.14782783588093307,0.04499544314263394
1995-06-01,-0.1486243250192849,-0.11337042743095789,-0.05249679897567223,-0.005737831718396337,0.019475125373042475,-0.02093594083390817,0.052725955442854626,0.009290054068114785,0.19374481040686417,0.3590269813484638,0.49041406168744894,0.0012879659639159784
1995-07-01,0.080338635966336,0.045198776057484166,0.049764626765298824,0.09566913980064501,0.05043969255291827,0.09135601915184675,0.057700290577002794,0.02949156541229214,-0.06459978781091591,-0.1837539432176656,-0.3045468385263371,-0.21560383088063545
1995-08-01,0.07861150647548022,0.03627684964200459,0.040906335072932766,0.005576940178106347,-0.0405430537474429,-0.02700909916795231,-0.06600756033730751,-0.03649916013437853,-0.03633148919180964,-0.029384336266680213,-0.20506329113924066,0.5417164745048139
1995-09-01,-0.3143298570876787,-0.24188593562174443,-0.14192974441585918,-0.10891605137432518,-0.18274253359384365,-0.1591640103272704,-0.13298835705045278,-0.15282738913007632,0.06192606545797031,0.018899978764068893,0.13204357940187092,0.26066087920846953
1995-10-01,-0.2753167306789941,-0.1558011342555784,-0.07279350930102198,-0.13039075027428482,-0.14735269399570458,-0.18548065416832893,-0.185953521517083,-0.22634648218364056,-0.2619860610879835,-0.3663280556217376,-0.021952028296672668,-0.3073259242458609
1995-11-01,-0.3513489547540401,-0.20999628114540705,-0.13194026343999185,-0.11757237574256638,-0.10229907095919544,-0.12603442247173538,-0.14766577198926398,-0.1683724384413655,-0.23531129825244612,-0.3521597442763146,-0.2270679574427299,-0.08478015783540019
1995-12-01,-0.6081254992455845,-0.35328753680078506,-0.23031301482701821,-0.12775174324041413,-0.104513970949152,-0.07273355416912236,-0.08817994443946589,-0.13238081352966904,-0.14887202934231014,-0.1560553316233053,-0.36847530876434775,-0.11889482792948715
1996-01-01,-0.31577052100904046,0.010983736164445278,-0.06436055691115274,-0.09604886723884638,-0.07144092717522929,-0.09267721148213232,-0.12475299697009604,-0.19266055045871552,-0.3490154850296779,-0.4586665216051061,-0.5162923035129608,-0.20235228634004088
1996-02-01,-0.17361099429763316,-0.17455725399741984,-0.1487678734408276,-0.13899027195909977,-0.11921027890943295,-0.0787870149306916,-0.0900778545058057,0.01629276116337758,0.07085303728359471,0.20224542558813877,0.37097359756631887,0.22786510031062387
1996-03-01,0.11910907456280286,0.12004250635697765,0.0027670171555065513,-0.010279459513108309,0.015112645179345897,0.024056114468246157,0.0530650270169551,0.04930684010581375,-0.09543245869776476,0.02875218215186306,0.008526562611022831,
1996-04-01,0.37810140237324724,0.22630873093446727,0.039006415607336385,-0.09120607451880625,-0.07031027611727876,-0.1094608711450243,-0.158005540166205,-0.2023215608792294,-0.31815092800942363,0.07688653637350687,-0.01059008729666551,
1996-05-01,0.005270759013985405,-0.10001698081168268,-0.09885949779566788,-0.04347149856131891,-0.033968470001134204,-0.025489802535085114,-0.008551036897387662,-0.023083264633140765,-0.0259764812644157,0.3299602457535235,0.2983205953338699,0.5716366164629388
1996-06-01,0.017742350218565402,-0.024102675104088492,0.026888604353392964,0.046901148972674875,0.03262775743777494,-0.0056952176214846275,0.038272052164462944,-0.005889894279184494,0.25790202048159444,0.19990040441842197,-0.27299411785099315,-0.4489194810130591
1996-07-01,-0.08564543116150154,0.016078570691848638,-0.03366210864529635,-0.02780616646536511,-0.05224979399964885,-0.07712038303693566,-0.0565933305659333,0.035861743541347316,0.12530944241424027,0.07561119873817043,-0.11933421293007207,0.09623919644942767
1996-08-01,-0.07614129603707676,-0.024821002386634865,0.03619871848215071,0.09864451135078815,0.1108424772177794,0.08370946111583798,0.012180543439630287,0.02047172452407599,0.07534363771174361,0.1257948013632433,0.15506329113924025,0.20068381341662497
1996-09-01,-0.2806488991888759,-0.20368638974221986,-0.049890601332018926,-0.018080287894769377,-0.021651581004027382,-0.027967287360632077,-0.03790426908150061,0.0010441281529923563,-0.03838003296444555,-0.04395837757485663,-0.0735025856442356,0.03460345514719878
1996-10-01,-0.14860708016892304,-0.08143849048603377,0.01989644773012366,-0.03365966185613424,-0.05714819310860038,-0.06262465097726383,-0.03798646027158636,0.004678595977737748,-0.16569998596753827,-0.26968312070870076,0.17210124903282886,0.20979814016783824
1996-11-01,-0.2191802079407656,-0.15665303086649301,-0.1261252000763594,-0.08895123748021125,-0.0888776559585855,-0.06064726679358158,0.007216086593039044,0.09691568613799353,0.11176556491262216,0.5281773460364901,0.6541550848269911,0.3985343855693346
1996-12-01,-0.3159669832253483,-0.060843964671246156,-0.05963756177924219,-0.06716910639805468,-0.030923337029832576,0.005954437376795969,-0.011784210054664492,-0.16071341789376495,-0.2361955484097875,-0.3177903994137047,-0.13557877207937663,0.07686888334124628
1997-01-01,-0.2936717017607036,-0.043680822227242,-0.08899095737046099,-0.08482177375705566,-0.07067981318111054,-0.0673305994922867,-0.0730689852017739,-0.11862062606611022,-0.16976586284688006,-0.40999836805744433,-0.3235298322872133,-0.5590673136260784
1997-02-01,-0.0942993153795689,-0.08014386801673257,-0.11773653787648324,-0.09620109351700655,-0.07920714509558141,-0.06649324733635038,-0.06666411615050608,0.010190310403505152,0.13853991191573126,0.0839749175106058,0.2964608971068742,-0.41316533152719737
1997-03-01,-0.21649604129810612,-0.19795817678090238,-0.13475373547315986,-0.07816642799415857,-0.06096366435001636,-0.12880970806645495,-0.08753493571827868,-0.09815621457127524,-0.22254616132167146,-0.1688575222691393,-0.16941806210179775,0.19857394022269995
1997-04-01,-0.05393743257820921,-0.056281681176550434,-0.027606191418826906,-0.07504856083348045,-0.13293481354967265,-0.14793114411591043,-0.19922437673130186,-0.24899975302543825,-0.38221302686621267,-0.5677252985884907,-0.6689166626914087,-0.4973047281816289
1997-05-01,0.030451902781035215,-0.06650817909096039,-0.0734617596319723,-0.047619047619047616,-0.0660088465464444,-0.07582096926093458,-0.11863722057635329,0.008019186090084805,-0.14432638862630934,-0.10613179135043982,-0.1237052493966209,-0.27447314272828927
1997-06-01,-0.12651067112368208,-0.11095124715109697,-0.10729833546734956,-0.08189067180446372,-0.019398209396055764,-0.06330515136444584,-0.054990038036587405,-0.036602813028371685,-0.09548851370052575,0.23602643809983692,0.17610622537066797,0.4863338365550077
1997-07-01,-0.09036535724096617,-0.025074777386859644,0.029627138907569225,-0.02306783642806904,-0.0539518296883655,-0.038218194254445954,-0.030118536967852078,-0.026070543824466164,-0.05929506070965451,-0.1373225552050473,-0.3446158530396833,0.30273300630693767
1997-08-01,0.13787303118346608,0.09737470167064426,-0.017938872311843608,-0.07016273486032254,-0.12032732006695195,-0.14692776904552457,-0.07844657684727492,-0.10309350503919378,-0.13922317914789245,-0.2129135086559167,-0.313607594936709,-0.3380120567102405
1997-09-01,-0.02201622247972191,0.0006678242286628829,-0.045851265898872395,-0.054414593286591775,-0.10076159336496687,-0.08093060824162343,-0.10815006468305302,-0.0785294279276803,0.034612667765481574,-0.005733701422807231,-0.4268572289257444,-0.4689747188577568
1997-10-01,-0.12062703116038986,-0.05797159060793961,-0.06972430542581853,-0.04595324499957821,-0.042472063996015975,0.049461507778220656,0.007541866265489577,0.05108760726401902,0.03601665185462365,0.2140397236240765,0.44737482038244775,-0.3032433658425948
1997-11-01,0.2553592409496997,0.041993306061733196,-0.014346759864315167,-0.0065361526042727915,0.0004706210454758158,0.06072496989005039,0.06529678356140271,0.17057717746988793,0.24891690600204427,0.15007161093467825,0.7757308540208953,0.1411499436302141
1997-12-01,-0.15893760539629007,-0.06117108276087662,-0.06194398682042839,-0.03847206789377912,-0.058119875652189755,-0.05350864714369909,-0.06895779191683846,-0.11099771589638927,-0.12123800432095656,-0.1278398680835471,0.03931169835259612,-0.0629623389949919
1998-01-01,-0.03974375983170035,-0.09182290490173947,-0.02709918185732746,-0.03446996056599398,-0.015118491610448058,0.020308533489552857,0.0080797435559656,0.0005532248397953892,-0.13844536434719767,-0.17104571252425232,0.11934344661929372,0.09966966349237065
1998-02-01,0.11577991219364502,0.11257932939781327,0.05597809552783684,0.0393524107079455,0.046208085239736595,-0.0037950326052097237,-0.06804139487728847,-0.17194437381422722,-0.2451746463436911,-0.3428273507691868,-0.49103018315201746,-0.5718289464465051
1998-03-01,0.07285171543748745,-0.007742229306614992,0.008301051466519285,-0.03945894596548942,-0.02374177900088631,-0.03209128480397809,0.04240730389416778,0.09087654394653623,0.25714285714285723,-0.17246833082168259,0.1411382961085714,-0.14585368235983584
1998-04-01,-0.09250269687162879,-0.058668424522082735,-0.024350688067924214,-0.0003531696980398693,-0.06233988044406498,-0.07575964027796707,-0.10847645429362882,-0.0937515435910099,-0.12501321412930222,0.2113192182410421,0.48428182989076,0.6613538846073732
1998-05-01,0.04353622258156104,0.06141393558612107,0.027649990415947907,0.008632086476397882,-0.03850516048542592,0.014034058452084967,0.05575006733099918,0.049988758150341164,-0.06870344462509932,-0.23795756105116433,-0.44470283588093307,-0.1829789632914604
1998-06-01,0.011056826947801645,-0.02168349482422758,0.01485275288092185,0.06426934057125165,0.1252807433160016,0.017775496125647695,0.061329469299040075,-0.012597313316363337,-0.10004612971676337,0.20420112271382865,0.28240093374781894,0.8519789280322627
1998-07-01,-0.1648353020502961,-0.1037715307303543,-0.08492116864679071,-0.03895517831782653,-0.05990895459887352,-0.06365424076607384,-0.06498777731654437,-0.003774920372773286,-0.04833195803371435,0.35745268138801267,1.0605703846544199,0.9665965895818732
1998-08-01,0.09051556820721544,0.0038186157517899793,-0.06475350396462119,-0.002528043497592775,0.005340205637769254,-0.004801938079513061,0.05553940098865935,-0.03880879059350516,-0.02336546322173429,0.06312630347423583,-0.25221518987341784,-0.25232972146171545
1998-09-01,-0.1765160293549633,-0.07305997061573401,-0.040657834627683846,-0.0192715765961406,0.034810000398739875,0.03468866740707632,0.012936610608020652,0.06391163378578889,0.04026371556392754,0.1000212359311956,0.42111693136746253,0.19509278993606044
1998-10-01,-0.021497714673015735,-0.06924789314676413,0.04782620299447559,0.06695361071257758,0.04236312136209405,0.03350618268847212,0.03622471198384727,0.13472582540632824,0.16457738902661492,0.13582707011197961,0.08212667182491461,0.26241778180993397
1998-11-01,-0.07920814028242693,0.05999256229081455,0.0008370166962804861,0.018636655746955423,0.06450994404838661,0.05217762927852702,0.05513266159193912,0.09157789691104454,0.3709536095020199,0.4355605371857938,0.660596185181635,0.38737316798196164
1998-12-01,0.022787787343569663,0.061825318940137555,0.023393739703459693,-0.006940753981673877,0.019870198338393198,0.10476151767025019,0.038489111927592135,-0.06235116878067757,-0.11847460181882126,-0.2492671308171492,0.03582261166068643,0.6783116107392826
1999-01-01,0.004036919811231238,0.02216512310819966,0.009846418831634644,0.014861207763086668,0.06365680678083366,0.11782854911150165,0.16651297589250444,0.08169286800977368,-0.006899270648531585,0.1688335237266316,0.06379662858695215,-0.08255992643055075
1999-02-01,-0.05174182913085156,0.016067868173110702,0.05050197748707025,0.04261876020734201,0.022782826700093874,0.08472009407404756,0.06876829198309012,-0.015627750503647703,0.15767895922550776,0.13162593380851045,0.26701636224789976,-0.014176612093327781
1999-03-01,-0.025724311939908862,0.03263880982200473,0.08135030437188726,0.10554523671113993,0.08988292364382654,0.020071460326346484,0.011253959381404582,0.01605107703323581,-0.15140913508260428,-0.24566926784142265,-0.14128040548542198,0.09772416487595272
1999-04-01,-0.08387270765911542,0.04062009865205873,0.07081017911230902,0.004679498499028856,-0.004839168801594051,-0.01757732661125504,-0.03833795013850422,0.03798468757717956,-0.077759487744839,0.22818268186753518,0.3114773648809809,0.4110560299937513
1999-05-01,-0.08631947958969548,0.001641478462670712,0.0207015526164463,0.02962905358114941,0.0876715436089372,0.0946256812462367,-0.019660651764072255,0.07996702390766713,-0.0097175483041555,0.18299000120467396,0.9011464199517301,-0.5606249941277611
1999-06-01,-0.15273849318590885,-0.12643400094220703,-0.07989756722151095,-0.05837681240946755,-0.038981017136879605,0.007106989876951136,-0.030556058685020756,-0.12909459133052142,0.06297628932558369,0.4676917969457353,0.7681115874868549,0.10722844504502625
1999-07-01,0.1571685438153983,0.02353911917395356,0.06859448554135848,0.07699454494777211,0.09072120385254419,0.07340116279069775,0.1422904847562382,0.13920018874601872,-0.10951314393492871,-0.2165812302839116,0.16370648533441598,-0.5697266993693063
1999-08-01,-0.17991366026372438,-0.1534606205250597,-0.13379854729609217,-0.0860932200160068,-0.09490156486622925,-0.05334044731567325,-0.005944880617750786,0.01777715565509515,-0.0007794824996674024,0.07506316021499919,0.4170886075949364,0.2750549492924074
1999-09-01,0.21962147547315566,0.03726459195939615,0.07734846481209874,-0.006763045231742814,0.005143745763387464,0.041265811830205994,0.03622250970245793,0.02038797604000672,-0.034612667765481574,-0.03546400509662345,0.19940421401435893,0.7741505085685568
1999-10-01,-0.21416033784605756,-0.021704563523612545,0.0014812244789026334,0.035572622162207655,0.05059607183988536,-0.013960909453530346,-0.034344194148620284,-0.06111000243907858,-0.04789746947939567,0.09896250731009966,0.04613684094174877,0.2723973690179178
1999-11-01,-0.2474672460041233,-0.07058386017106721,-0.007562519273410778,0.06312011160049545,0.062209130048282116,0.07739228408252084,0.00866810401724819,-0.0504072965257955,-0.03826120819743953,-0.03945866284741702,-0.004044857663184141,0.00011273957158946533
1999-12-01,-0.0829857104819384,-0.0320575727837749,-0.01416803953871504,0.030259110746090744,0.043067245986874406,0.00818989168207769,0.020252710816381275,0.1343733294454972,0.5602170527056223,0.8884206669109563,0.823047796522808,0.3198045732314334
2000-01-01,-0.13314254306995432,-0.030014682629320145,0.03795033730443497,-0.007252764246501189,-0.0017989967133713752,0.0061316149189612115,-0.08611074518069638,-0.13839841408879253,-0.18422147753904117,-0.28194527552630144,-0.4283181538725496,-0.3601393947460765
2000-02-01,-0.06489596124409158,0.04394229641502789,0.06601764526924235,0.08573457359937484,0.07215606392980242,0.07570466450486402,-0.0014729230828090525,-0.10998102763706062,-0.16581762091291036,-0.2903769515348027,-0.1779566594474142,-0.0266833267160243
2000-03-01,-0.13227574606304904,-0.11002315078371085,-0.08716104039845035,-0.035588197762622675,-0.011987499416950629,-0.04042283437340497,-0.01621017328116302,-0.10121924538059149,-0.16540330417881438,-0.12126050044016032,-0.06312024821771166,0.10558702871654632
2000-04-01,-0.033171521035598645,0.02749301025163124,-0.05565360490352726,-0.04962034257460705,-0.10987759749501866,-0.08625153290639054,-0.0941828254847645,-0.07231415164238067,0.0376791458386818,-0.151126492942454,-0.3682201974908172,-0.03750052072484931
2000-05-01,0.08970165282115207,0.06503650874511807,0.029087598236534506,0.019519402752935667,0.021038902120902876,-0.08601071467168951,-0.021007271747912816,-0.05381098703439997,-0.11143040798578295,-0.14605813413186033,-0.26270866854384534,-0.09080830193642955
2000-06-01,0.27462072512213953,0.17088325545270497,0.06991037131882194,0.01724162178125907,0.03613512598837027,0.020518826303884047,0.014870494475638435,-0.11638579736534052,-0.10425315988559813,0.14141063560089323,0.5053910068991023,0.0031882436155950163
2000-07-01,-0.1538221411982121,-0.09943959935364823,-0.0608607935440484,-0.05512124550389553,-0.06586607950938154,-0.05258207934336512,-0.11535445782021121,-0.1131296449215524,0.0793351408699753,0.8137815457413248,0.3947427179539227,0.46858210698434943
2000-08-01,0.11380612376930545,0.08949880668257756,-0.004077556794540751,-0.11012868884739008,-0.049602805600574,-0.022884912108670757,0.06158120900778632,-0.03957866741321392,-0.15846308865187553,-0.29162215779032497,-0.39493670886075966,0.07965398012827928
2000-09-01,-0.2414059482425647,-0.05890209696807809,0.013873193719795061,0.03165601538747913,0.016308465249810552,-0.029351949344448996,-0.0056921086675291695,0.09600483596197194,0.1664704497292206,-0.21172223401996168,-0.45803557980352466,-0.6245083259690528
2000-10-01,-0.15859995481482766,0.08496316319499671,0.02051028850516443,0.015838186063521432,-0.05177887757960603,-0.0630235341045075,-0.021596262718239022,-0.012151045477726852,0.05860891529070581,-0.3434122463124608,-0.44215762131093167,-0.43070991154456806
2000-11-01,-0.25429515174355444,-0.04996653030866478,-0.09478846972789616,-0.12067587266258091,-0.07967439995816716,-0.0700493414662572,-0.012144145729748845,0.02699064726496317,0.3060166480066202,0.7516034622330154,,
2000-12-01,0.005547173160557361,-0.007523716061498244,0.0009884678747941065,0.01573344928096363,-0.02652389695856887,-0.06960391814172784,-0.13993189353884755,-0.18530398017203684,-0.285936793448224,-0.4437522902161964,-0.60442479630474,-0.3897967622869221
2001-01-01,-0.10729109413793764,0.002908290038400615,0.025319362709917956,0.06827495554009123,0.027884449057256483,-0.00031243897676233405,-0.001580819391384341,-0.1343414319302936,-0.18229406224675312,0.3044660827938857,1.4362534135914558,
2001-02-01,0.10378643879627932,0.0244601691491718,0.015515667782172103,0.03869914080806629,0.0018802883108740987,0.04538003777215553,0.04948638980813735,-0.07054980734249998,-0.26524730571735916,-0.35962519104686536,-0.5886778752863706,-0.5046360090618214
2001-03-01,0.07699892694527447,0.0618619302440321,0.16380741560597706,0.22940917920288073,0.06278277904753,0.2040900334249912,-0.016620085708962493,-0.16072955824731,-0.34421768707482997,-0.5378165052744661,-0.5849695649084579,-0.844281109591717
2001-04-01,-0.07038834951456302,-0.04888277680540055,-0.041379474826492284,0.06533639413738311,-0.07514944491887282,-0.06367806694826735,-0.07922437673130192,-0.13973820696468256,-0.20017518159989137,0.07379885993485326,0.606330200830034,-0.10228702353676301
2001-05-01,0.33311937590263296,0.2135620082639952,0.1225321065746598,0.1436866526686886,0.10865373709878642,-0.002948850565839634,-0.06308914624293031,-0.12500936820804906,0.13056301281808896,-0.2765071333918462,0.23932773531777982,0.18857873028102162
2001-06-01,0.001285677552070142,0.09419524058111246,0.05813060179257347,0.09873852082073482,-0.04424206996277267,0.14031091075353344,0.0011048723057416642,-0.04719347466602251,-0.10670726081741845,-0.41940303012011837,-0.13695353217847514,0.010630997751338418
2001-07-01,-0.04185500586869136,-0.058767576983462896,-0.06373757752372414,-0.1209004154334179,0.03086628213267757,0.09793946648426816,0.02024814353581477,-0.08764893240533186,-0.05045384887421897,-0.16039037854889585,-0.30497310463818117,-0.4417192244802617
2001-08-01,0.16789196946349375,0.12386634844868716,0.1585967498424854,0.06985784519227088,0.07460346980525513,0.039295138938959195,-0.018739297599431517,-0.11502659574468095,-0.1802125515694215,-0.2539464537022907,-0.15474683544303805,-0.5348269257959614
2001-09-01,-0.23182696021629967,-0.16762388139441708,-0.05825779615782269,-0.03356704101259529,-0.04334303600622047,-0.16297183078276653,-0.2804657179818887,-0.1739297686431829,0.2554744525547447,1.7993204502017417,1.4827205328602744,0.3792171336486975
2001-10-01,0.11920196034132183,0.04595325170933387,-0.03688382396114114,0.07342391763017964,-0.038176611572820526,-0.09652971679297981,-0.19870145294746425,-0.17993747089735918,-0.13503905701856958,-0.1790162230067796,-0.2223278434840277,-0.3014288954411432
2001-11-01,-0.004588884701500708,-0.08989215321680905,-0.061190325849131394,-0.09170990140911296,-0.09846438095902123,-0.04568942072341562,-0.004400052800633689,0.07609830815289284,0.01491992406172403,-0.08242522365444115,-0.20774465637879813,0.009582863585118222
2001-12-01,0.038630513890121655,-0.08734052993130517,-0.023393739703459693,-0.04555775641335334,-0.04052211536713511,-0.009693742760176476,0.12424948472085315,0.12742382271468128,0.30432598100788827,0.20570721876145087,0.3376286105108739,0.6210313509870887
2002-01-01,0.05657373538274929,0.016263835554551413,0.006057126453279678,-0.005211474522539305,-0.044040823386957334,-0.11802382347197812,-0.13731172880165096,-0.2022958830851504,-0.3653985150141272,-0.44709786215525216,-0.5664345662772908,-0.10506636980748527
2002-02-01,0.072835539706303,0.016967043277688578,0.007605719501064638,-0.031200738479017408,-0.02370730178627403,-0.027153191034458176,0.03433632381353172,-0.005769945430007384,0.0517139899738182,-0.11040009141681772,0.14893776837466657,0.044188056145923076
2002-03-01,-0.024448246860589672,-0.04652928004857861,0.015495296070835779,0.057905258829701045,0.005643919958953184,-0.04259628208716858,-0.03793553195453731,0.029178351930305952,0.17512147716229365,-0.27028841706330825,-0.14466734563368952,-0.03799570228560269
2002-04-01,0.20037756202804768,0.05255381537971991,0.14368336950559302,0.2947201130143034,0.5886706518645032,0.6271971658264068,1.6406648199445981,1.8152136329958022,2.4875787184559854,2.3544041802388698,1.4863807661117205,
2002-07-01,-0.2891266888095298,-0.00919102900560388,0.035903758499588954,0.09650531568957965,0.06887841251401458,-0.03313098495212027,-0.04238734375720675,-0.2564586528252919,-0.20712012259813742,-0.23876182965299683,0.6223688216786767,
2002-08-01,0.02012633361956408,0.23126491646778027,0.22502645062352192,0.25711091632048977,0.08980047291373305,0.07704731278930607,0.06051500759264622,0.012003079507278755,-0.0007794824996674024,0.4413754514471744,0.3205696202531643,-0.3569583156595843
2002-09-01,0.16523754345307062,0.1887271270201682,0.22564978000048092,0.10372898182043812,0.09095258981618067,0.11396056598058606,0.0773609314359637,0.07754025388800359,-0.08453025665175418,-0.25759184540242075,-0.3306277509079043,
2002-10-01,-0.2037677482143167,-0.0021996077807811282,-0.027676212335530557,-0.01651334852448883,-0.013119805770847011,-0.02991623454327906,-0.033433627617878665,-0.07742965475952916,-0.09899901772767668,-0.2123935974355088,-0.05064662319000756,-0.5105466092084374
2002-11-01,-0.05092110221906926,-0.0496392711044997,0.01052878896900102,0.042085299142619804,0.09020236704955452,0.041493453514122654,0.00382804593655111,0.09211167583373936,0.14311444287591857,-0.10772775390746642,0.02936835042653108,-0.3276211950394589
2003-01-01,-0.06934783844739684,0.0060142308561100585,-0.001205683938567642,-0.00010825021263436865,-0.02387130254281275,-0.04327279828158565,0.03223115092434035,0.06090083444746677,-0.008344832117747537,0.16045621860777165,0.16648317867917264,0.2981135728373848
2003-02-01,-0.06683039243721506,0.06492304885518056,0.03589899604502569,-0.012909181282397502,-0.06551237856471342,-0.051740726223140805,-0.0730914168754902,-0.18602695249085605,-0.1639503967851273,-0.36853833078604176,-0.3002416154433581,-0.6453978559917791
2003-03-01,0.07444679678663636,0.09028805647273154,0.045102379634753935,0.004905783436600365,-0.03059844209151565,-0.06867765465233071,-0.10106204583566265,-0.18435865306203636,-0.3294460641399416,-0.3044269706509897,-0.18400795812510368,0.05191443641336208
2003-04-01,0.011866235167206052,-0.03122087604846187,-0.02109518471702152,0.008387780328447838,-0.03700540848277834,-0.029658899940954758,-0.09950138504155122,-0.1916028649049147,-0.2287177008925201,-0.4031283930510316,-0.429160902542575,-0.35948344094980217
2003-05-01,-0.04805401602211996,0.06594215203486743,0.025733179988499603,-0.03854628405526605,-0.08018600430985594,-0.07921755106451957,-0.04221653649340155,-0.009593045042344244,0.18198661473891178,0.27970812466656325,0.016492357200322043,-0.06256518185149383
2003-06-01,0.1812805348418615,0.3312749080074865,0.19334186939820738,-0.0014625845556697382,0.12235793619050545,0.04063658094428314,-0.05292519471110312,-0.22723472250608487,-0.3216163852753943,-0.5065642542403573,-0.6420094068158968,
2003-07-01,0.13514222211123014,0.09501598688960461,0.024396622580886117,-0.02111675935388826,0.07001310297315896,-0.0070964432284541315,-0.03528435035284355,-0.07207738586764179,-0.1261346221855475,-0.2355086750788643,-0.4332792043032579,-0.5867787900023359
2003-08-01,0.59436792020044,0.39403341288782806,0.2707949452561257,0.17969434810777837,0.1844894922819415,0.1271720478174976,0.11204807599108245,0.1005389137737961,0.015950873590752767,0.11012767689099164,-0.3803797468354432,-0.47685702901065563
2003-09-01,0.061104673619158,0.058902096968077855,0.039263302156716536,-0.0031891791276291415,0.014075521352525794,-0.02035164644963995,0.0071151358344114625,0.0661097983184041,-0.015775841770661683,-0.1696750902527075,-0.3721988854116113,0.11465751763095401
2003-10-01,-0.14780765019725056,0.009990989558488508,0.03554938749366157,0.01422060933412081,0.0205279048775174,-0.00877542879936206,0.007541866265489577,-0.006541164992572023,0.11293792974414141,0.3131755073750784,0.19301425887034415,-0.4202767067362215
2003-11-01,-0.29331175596887527,-0.07123837857939738,-0.07669716148548436,-0.03929528675998048,-0.10613376095936984,-0.05039045805975352,-0.10652527830333965,-0.15929819675555248,-0.1916467896607118,-0.2991676526143181,-0.4730374772356944,-0.15310033821871485
2003-12-01,-0.08251974793645153,0.01537455021262681,-0.042833607907743106,-0.039534921171715136,-0.04292180995146083,-0.07183937244700955,-0.005376825880455381,0.19584973514117696,0.23026679395066074,0.0787376328325393,-0.1438653529726621,0.23219947008101924
2004-01-01,0.07075033640998421,-0.002371809351705521,0.03952920912874956,0.014861207763086668,0.060992907801418465,0.0804530365163055,0.1046853730294648,0.27997787100640825,0.4445977615699673,0.4963462619449129,0.5913412733589744,0.9195818157617704
2004-02-01,-0.03317128967686578,0.024759894184031093,0.06267112868877393,0.05797060285450516,-0.05397994359135083,-0.017318176958985125,0.010004399640377214,-0.051773035773661574,-0.03091067768058298,0.17413475410304388,-0.6631905757458155,-0.331503841931943
2004-03-01,0.02755140512166137,0.0860374207749821,-0.058107360265633526,-0.009386209927831297,-0.04267922944167188,0.023693873182618945,0.12807900130426636,0.17007776915885978,0.45150631681243936,0.36521388818430073,0.08434191516070187,-0.369090642703653
2004-04-01,-0.12971952535059328,-0.047689405132634345,0.01671873882038691,0.004414621225498836,0.0392826643894106,0.032656583549075725,-0.08155124653739615,-0.01215114843171138,0.5308304513946569,0.25454668838219313,0.890831464962076,0.8266194542803581
2004-05-01,-0.14556922962981245,-0.013528046640629265,0.07868506804677024,0.03870181714493086,0.022456617897243878,0.02669404517453803,0.0227578777269055,0.007269729446151739,-0.12126139070594033,-0.01388817182095104,0.0988912912308932,0.04465720218353325
2004-06-01,-0.10259706865518108,0.002024471918410016,-0.061459667093469963,-0.048223100397991936,-0.01618312155801001,-0.026727415654629175,-0.02573809092555681,-0.04331023206555053,0.022308331026847754,0.08349429588941862,-0.3247893867079609,
2004-07-01,-0.06466798191943673,0.03653491330407201,0.07513263094971269,0.07922434731826439,0.005619419416714919,0.041082421340629324,0.04769152714358193,0.05603397428335508,-0.003418601909701694,0.3506506309148267,0.6805541459453974,
2004-08-01,-0.07872913554397565,0.1298329355608591,0.17298113386987532,0.13972839412071084,0.10675097638088143,0.0903716094423696,0.10316306419824865,0.21948488241881295,0.30664081066179966,0.16682774640961742,0.2455696202531643,-0.5368063856861914
2004-09-01,0.1383545770567787,0.1291572058234272,0.08196484816426627,0.16239995036297086,0.12412775629012303,0.01911122008913776,0.06998706338939202,0.03401659614222123,-0.10007063809748054,-0.25291994053939265,-0.40222248255317733,-0.279894647467554
2004-10-01,0.1571748839957596,0.09776329040122976,0.13222930956257187,0.14589135510732248,0.010147228188128283,-0.019545273234942307,0.01892394789975851,0.07352712920463857,0.12262032835960532,0.1662154259351512,-0.512678235879297,0.10455885688364694
2005-01-01,0.06658074787256224,-0.019454483849107872,0.07679058418257484,0.042078404082579464,0.1237848123162083,0.15907049404413204,0.09695692267158484,0.09082107786639614,-0.01894561622533247,0.10700103356361858,-0.28269541470668125,-0.7347627748266641
2005-03-01,-0.2905078158986107,,,,,-0.029917837090214647,-0.12114775479783887,-0.14847743501004446,-0.34888241010689985,-0.24960833171692434,-0.2269960446223444,-0.5478853291658526
2005-11-01,0.05783768205901278,-0.01004090740052052,0.020866679393236335,0.018636655746955423,0.06681075804849128,0.04747659194218911,0.04690456285475433,0.19673234468193737,0.40342209024972,0.23266288893040213,0.13524393750599042,-0.2007891770011275
2005-12-01,-0.04477678175201923,-0.03238469087340522,-0.02240527182866559,0.06285327793613216,0.08506190121257295,0.0734651573963053,0.07693341697284702,0.05204840355736973,0.06556800482339346,0.06311835837303026,0.4444818904506077,-0.2984852893878365
2006-01-01,0.10535792127058717,0.06440591822904888,0.07615903545284891,0.10876053506533666,0.09372080954852098,0.08260105448154662,0.09260966934527742,0.07357890369277584,0.16608625183432973,-0.07530508259442593,-0.06441143249310109,-0.5660854518834021
2006-02-01,0.08792410301266633,-0.057364765367423874,0.06875570428962564,0.07952850955052172,0.04008147916013776,0.01218686526743403,0.05775006216883145,-0.09589844896043181,0.005033386779241235,-0.3119741747489608,-0.17855756832208722,-0.24224023168367728
2006-03-01,0.14782053884748148,0.0039470188621959805,-0.025733259546208937,0.0013327850954924494,0.0758430896963476,0.09795333673620597,0.02027203279299384,0.13682200608628203,0.35160349854227413,0.6580176362632613,0.9256057412188246,0.9894754834928698
2006-04-01,0.026159654800431614,0.03513058895733443,0.061544515728970545,0.06877979869327219,0.06575576430401361,0.01326247899350491,-0.028033240997229928,-0.10066683131637419,-0.020357310056329996,0.011095276872963956,-0.1847302389925106,-0.7092105811289315
2006-05-01,-0.18334094528038705,-0.08326257995132148,0.03795284646348484,-0.002255229800139904,-0.14483384371101285,-0.20025937533772836,-0.27854834365742,-0.15348872067750874,-0.27742277006843885,-0.1649887276920165,,
2006-06-01,0.22550784263306783,0.14911063293395635,0.15595390524967942,0.08751599701857755,0.031750915300126074,-0.03800555083182261,-0.06497011410976268,-0.10403002545474796,-0.10109788725897209,-0.24422043822055897,-0.43358025262038746,-0.363882056100419
2006-07-01,0.21354543865344733,0.24013568800925986,0.23518643054621527,0.17705692632361325,0.16504342892650167,0.16377393980848148,0.18038835847055024,0.13495340332664865,-0.12259813745137334,-0.3183162460567822,-0.5743732873236578,
2006-08-01,-0.28782656770141046,-0.12267303102625303,-0.023692625922799464,-0.005881829846157891,-0.03002205159541972,-0.04731278930595397,0.005783334948789844,0.07975223964165731,0.07492537880948298,0.4648761381555523,0.14905063291139212,0.4359567603696706
2006-09-01,-0.10637311703360376,0.002003472685988886,-0.08826428794691157,-0.13125271452503567,-0.10809840902747325,-0.1726644646694839,-0.10815006468305302,-0.10095070616035609,-0.07511184365434423,-0.24909747292418766,-0.4237778856291735,0.3403337318708736
2006-10-01,0.0736344519559968,0.039553188106217343,0.014064960367236968,-0.07377556474526696,-0.047125470787811,-0.007977662544874534,-0.016588146799160618,-0.05703008935896594,-0.10330230600121625,0.07106500032489312,0.01306510445451561,0.004762984803810165
2006-11-01,0.24950675031590158,0.08159166976571237,0.08547849454470689,0.0400163011959436,0.03498283104704449,0.06414390613465974,0.04593655123861482,0.029659541878437667,-0.058414058316701704,-0.1292110343109784,-0.17151346688392596,-0.1733934611048479
2006-12-01,0.174691577172273,0.03238469087340536,0.02998352553542016,0.011482036169219098,-0.04612140273056167,-0.057085374032149916,-0.07635092750246436,-0.08747630849978139,-0.11736924081796711,-0.09257053865884951,-0.0862954225561523,-0.3200496224710154
2007-01-01,0.06491291245759341,-0.07194488366839859,-0.040361705181570395,0.012139488131137388,-0.06839647119875462,-0.10427650849443466,-0.1150924340227461,-0.17998248121340646,-0.09266925115535415,-0.09564996645451412,-0.3460488125705951,-0.47993175465556676
2007-02-01,0.015963262628471662,0.0034794167090191216,-0.008214177061150161,-0.053411915074913184,-0.04713256032591675,-0.030021736806471192,0.04765001817242757,-0.13720734641187618,-0.24190700412007066,-0.22524246882543678,-0.6601860313724508,-0.7309830207627812
2007-03-01,0.09390678924625165,-0.0794717067061368,-0.11344770337576074,-0.1067504147230219,-0.08283968468678585,-0.11975367592577348,-0.1953419042295512,-0.28675139725918425,-0.31273080660835756,-0.3234657793825814,-0.2134482840292746,-0.04602949794881796
2007-04-01,0.1507551240560951,0.10530084331598254,-0.02134560805170632,-0.17358290658661482,-0.0984913179618561,-0.09610755325430355,-0.1370637119113573,-0.27977278340330936,-0.41487835450111005,-0.6088151465798046,-0.7983113104040452,-0.8200374921891272
2007-05-01,-0.14779109525631692,-0.1477896643459557,-0.1451025493578684,-0.10957306166887001,-0.0575025518883975,-0.0035664108937642374,-0.016294101804470777,0.052611856404107225,-0.07966877150527474,-0.25344622850947396,0.16361625100563174,0.3262428006351411
2007-06-01,-0.22113653895602972,-0.09256547702415366,-0.04404609475032014,-0.03833659133418659,-0.006830138756422456,-0.02398408547639296,-0.009907625430175752,0.02941231117965131,0.15167450871851668,0.16520794350214274,-0.451885407879075,-0.1005352448718896
2007-07-01,-0.312464101091327,-0.23204483205170798,-0.1707016364043936,-0.15351127510186752,-0.11465776925259019,-0.1618074555403556,-0.09565979428993127,-0.0703078919429043,-0.08440410232229162,0.1613761829652998,0.4789302750431342,0.8385891146928286
2007-08-01,-0.08959806147295128,-0.10668257756563257,-0.007477502110105581,-0.02097386841470085,0.07986397088126665,0.12241337044140359,0.043811185422118565,-0.04188829787234055,-0.15009791060666552,-0.1968733574105159,-0.35601265822784817,-0.23027288268486745
2007-09-01,-0.2330629586713016,-0.23173500734606653,-0.14971989132264193,-0.10861822919898227,0.014075521352525794,0.10980658002913592,0.14450194049159115,0.019069077320437507,0.15281375088297622,0.10554257804204732,0.3849346476327547,-0.35728024120185076
2007-10-01,0.1995446724943955,0.018829172629458962,0.12240785716192065,0.07148282555489895,0.07529492327325914,0.023534104507379222,0.17189912506433344,0.12197609703097627,-0.01669862949623459,-0.23979293465312232,0.039814303083895386,0.3585847130868676
2007-11-01,0.21536722161874586,0.04395686128672383,0.1316759423780085,0.00967099797802479,-0.027139146955779195,0.03850188430008961,-0.026664319971839656,-0.0632179906704728,-0.2218760648396049,-0.31730908939950614,-0.28946611712834286,-0.2609921082299888
2007-12-01,0.25576906008697964,0.13248282630029448,0.10345963756177926,0.05789329597243028,0.02906902757830817,0.008636982543133996,-0.008826955820413998,-0.03134567721242173,-0.1372657388333417,-0.1560553316233053,-0.07277521162500242,0.06911920113947882
2008-01-01,0.04448192862422518,-0.01541676078608554,-0.054255777235539114,-0.03957318487589892,-0.0668742432105173,-0.07678187853934774,-0.10688095551749871,-0.1809967267530312,-0.08447773616312958,-0.17184355110700097,-0.17130152557155304,-0.30278426485001764
2008-02-01,0.22101296909956447,0.019364843556563177,-0.027989047763918622,0.0004828516651280019,0.022782826700093874,-0.016908384705840458,-0.008818409625647962,-0.1653725037651338,-0.2209007326825111,-0.28180662486251756,-0.22873345935727787,-0.02815470490692973
2008-03-01,-0.04486528812969442,-0.1108201449770389,-0.09850581073602642,-0.12461540642856148,-0.06553477307710258,0.051948693461544675,0.2531022917831186,0.4881953974978616,0.6862973760932947,1.2324644514405938,0.8430165083726106,0.40164094549716745
2008-04-01,-0.2397518878101402,-0.3021162457663717,-0.11350139521572167,-0.03319795161575136,-0.049245658980928114,-0.060816641685969924,-0.12609418282548476,-0.22341318844159044,-0.35652475950284673,0.40418023887079263,0.7076754281352859,0.13031451780878986
2008-05-01,-0.18087220569538223,-0.022810890360559163,-0.0811290013417672,-0.047619047619047616,-0.048996257230350476,-0.01560883728829256,0.14664691624023699,-0.13137974968148078,-0.2566264604681061,-0.27306520728999956,-0.6302795655671761,
2008-06-01,-0.030341990228850466,0.07677714256611375,0.1190781049935979,0.07495745847806803,0.0466572316401564,0.1214124139701281,0.09505524361528708,0.13637799371992354,-0.0022326782913551354,-0.1630802197138891,,
2008-07-01,-0.03398846240291701,-0.02700008022095126,-0.0951206754838228,-0.0651553561711108,-0.0465763417039269,-0.041809165526675775,-0.04109589041095888,-0.03987259643741876,-0.05929506070965451,-0.23491719242902198,-0.34909164721404645,-0.1576734407848635
2008-08-01,-0.14885958618093703,-0.1632458233890216,-0.11522961518800715,-0.10929024226024889,-0.01190254788915765,-0.02605736369273359,-0.0844883848664019,-0.04612262038073908,-0.06435483564326316,-0.20134967868830217,-0.1465189873417723,0.27364104937081435
2008-09-01,-0.12120509849362694,-0.07840256444503814,0.0031978072179076563,0.025103927529937464,-0.030264364607839378,-0.10689302043818766,-0.06817593790426915,-0.07105566851678845,-0.1226748292912644,-0.1692503716287959,-0.42839690057402985,0.0914037185285299
2008-10-01,0.007681479293025853,-0.05492394127312214,0.00976807494195213,-0.027836385630292462,-0.017057303825442717,-0.1352213801356204,-0.10354725048497561,-0.14933812279651446,-0.2071191356003555,-0.05248110203816433,-0.3692052614126229,-0.36493535949194844
2008-11-01,0.15245294730541592,-0.03556712532539961,0.012144084347787753,-0.05101960845781282,-0.07162155095780115,-0.05252729321263432,0.030932371188454155,0.12200329550465308,0.312174463320839,0.08323473856819627,0.21374484807821328,-0.19605411499436318
2008-12-01,0.030709150616845763,-0.02126267582597316,-0.031630971993410244,-0.01438072692722677,-0.012925627647390369,-0.0007519255390493929,-0.10198046419930101,-0.13665743305632513,-0.04109933175903121,0.08377610846463887,0.05544872430267836,-0.36250440322852384
2009-01-01,0.28506718723347785,0.10354077253218867,0.053739055547581314,-0.00010825021263436865,-0.028057429510465283,-0.027807068931849258,0.004215518377025624,0.07915725416071191,0.03454015813566354,0.05234909064534263,0.20791810240059497,-0.13943104679162183
2009-02-01,-0.10281081262931248,-0.09962599528258866,0.04015819896562205,0.04033231555776447,0.06891256659354424,0.042101699746997845,-0.008818409625647962,-0.06350851800418553,0.04051064520711973,0.22178577040094852,0.281738629677387,0.30216969895135065
2009-03-01,-0.031147588527014776,0.06265892443736015,0.06972883231876058,0.08946674417615423,-0.009375437287187111,-0.010356807666342852,-0.039985094093534845,-0.15722895160809128,-0.3290573372206025,-0.5388012712433415,-0.5154070249401956,-0.5603633522172299
2009-04-01,0.13295577130528607,0.0609074170890828,0.020725512175344327,0.027723821296132798,-0.02419584400797051,0.016123904255802332,-0.09684210526315785,-0.1265991602864905,-0.17670688795928538,-0.29695982627578726,-0.40645422887945426,0.3164257446365338
2009-05-01,-0.07545702541567402,-0.06877228731533347,-0.039438374544757335,-0.018845426031054713,-0.09691505047068166,-0.1175062913958407,-0.09338809587934288,-0.05680881361013256,-0.06000680606496012,0.05735969848727338,-0.278233105390185,0.32302951152368115
2009-06-01,-0.10516842375932102,-0.054100510574364324,-0.03149807938540338,0.015371201147566153,0.00632249330831001,-0.09043363868255982,-0.06978808186922647,-0.08320172423403495,-0.040095949810868045,0.09381601979839431,0.4573399743450478,-0.260475280554881
2009-07-01,-0.2584471692930101,-0.16682519854685463,-0.1395800642606292,-0.10334072176579114,-0.10983533480122669,-0.08849179206566338,-0.07790231077902304,-0.07703196885690677,-0.15478014853235875,-0.22870662460567814,-0.3186136202171927,-0.2861480962391965
2009-08-01,-0.32509145660075517,-0.15966587112171837,-0.10267597094592151,-0.06317567996747858,-0.013656048247828114,-0.07523036324570627,-0.11149882071661676,-0.17661674132138871,-0.22162018289321092,-0.2628990962578632,-0.2734177215189875,-0.6547256391470327
2009-09-01,-0.09092313634607953,0.018832643248296928,-0.00978577096006352,-0.019867220946826147,-0.05546473144862241,-0.05946834749246351,-0.012289780077619689,-0.025333846238390863,-0.0718153991052507,-0.023147165003185387,-0.01730457048181703,-0.34622515638266543
2009-10-01,0.32825289793364737,-0.0707717178141728,-0.11085163735354557,0.0009564801530366378,0.010505182556727865,0.16194654966094918,0.218338018132151,-0.04071043703851536,-0.1947471818139295,-0.3249799649115208,,
2009-11-01,0.09246491830898516,-0.03556712532539961,-0.06894374366730788,-0.01791564131099215,-0.031740774955988364,-0.02517580325575951,-0.010208122497470056,-0.1181972197080462,-0.1496616852455826,-0.12157253461195192,-0.0748969615642673,-0.665163472378805
2009-12-01,-0.15334605485044822,-0.06280667320902837,-0.02998352553542016,-0.04732917854324686,-0.024524151471630885,0.020708435791655606,0.09516981808405765,0.0381493900957378,0.018037481786665418,0.20117259069256122,0.3132050036675061,1.0634371218966807
2010-01-01,-0.009722722362261516,-0.046476168963180665,-0.14740921487010203,-0.164432072991572,-0.13271060370178178,-0.0802187072837336,-0.04698546524392907,0.12074132128532573,0.2740215082024661,-0.014669350305535787,,
2010-02-01,0.13202913421588267,0.10478647849147076,0.11043504715546075,0.13179010154086457,0.11396114070824181,0.04742899903787904,0.10457753887943069,0.09703287890938271,0.25664183799801094,-0.10354383007898973,-0.049662614704740905,0.5692248406006956
2010-09-01,-0.2735419080726149,0.03432616535327885,0.019355148950494047,0.00961717441211155,0.187288169384744,0.565706538200805,0.3226390685640362,-0.006869264164422707,-0.15893571933129264,0.2270121044807815,,
2010-10-01,-0.05027719365322118,0.051439020512005273,-0.0028156609463822046,0.06501251863729689,0.0720733339558626,0.077383326685281,0.14867967853042488,0.1959245216080179,0.403947799242247,0.6917845307457384,-0.2850668729965733,-0.1766840553413474
2010-11-01,-0.041166951162739024,-0.11443659352919275,-0.1225715502430285,-0.0034326556842582535,-0.011800386955081966,-0.00038851548234180786,0.01689620275443299,0.0654227296989951,0.05466582290804635,0.30045457375926254,0.2487683312565895,0.29537767756482514
2010-12-01,0.2562350226324666,0.0811252862283285,0.09588138385502468,0.06923039760374888,0.12385696365917065,0.18434369093828112,0.34555067658392324,0.6176313359576223,0.38004320956639703,0.2873305240014657,0.648593461927324,0.7109950530684758
2011-01-01,0.07158425411746852,0.08770047436187013,0.1260513851011912,0.0699760303100595,0.08649022660439362,0.10923647725053698,0.13415009001888228,0.05025125628140716,-0.030991961802133355,-0.09764456291138547,-0.21093493087030477,0.47840712462035495
2011-02-01,0.002035358037982151,0.08080847570272476,0.06632187404928491,0.055357523254988154,0.0624255719210277,-0.010761500908669756,0.05453641180633929,-0.0672638723179532,-0.050049724990359486,-0.34008484623405555,-0.37625658808948537,-0.19540135927318605
2011-03-01,0.11368579797569695,0.09400736270826236,0.12866629773104604,0.10107898878475499,0.07192499650170232,0.01862249518383731,0.008384572386807926,-0.051335600771724665,-0.2645286686103012,-0.4399964190328403,-0.5654295255915304,-0.4234469622973236
2011-04-01,-0.1210895361380798,-0.07609165094446811,-0.10874335185670997,-0.12060745188062866,-0.03985197836606892,-0.029023027660444314,-0.1786149584487534,-0.11933810817485786,-0.23062053551202863,-0.3218987513572205,-0.3102847874827076,-0.26260362424494904
2011-05-01,0.2439978768839568,0.04465953472575998,-0.05501245926777832,-0.07198589833320368,-0.047862084609277544,-0.14776674746414298,-0.0008079719903043966,0.1009518099377953,0.08632359057738115,-0.23176209406784037,-0.3864264883346741,-0.28478949198087067
2011-06-01,0.06171252249935723,0.016539553597575685,-0.01895006402048663,-0.04047421491554989,-0.005661015906224012,-0.02032631190541129,0.0475638471291433,0.2193381765481877,0.1702555586308702,0.12076718778294186,-0.016097904845550036,-0.47758200225921893
2011-07-01,-0.060210273955498,-0.07850193103290189,-0.0315699021146231,-0.02055930876126525,0.0356887165840412,0.041082421340629324,0.07158341404916742,0.1703432818213992,0.2851585523989155,0.1211553627760253,0.15987009032781904,-0.026395701938799445
2011-08-01,-0.08804535776881185,-0.16205250596658716,-0.1434753147326998,-0.10286215175883238,-0.0639230585297165,0.01772246816733257,0.001873929759942915,0.06089025755879043,0.1669423373067929,0.12057242653915941,0.3702531645569618,0.6494556485301862
2011-09-01,0.029895712630359245,-0.02016829170562317,0.03464691880454912,0.003362908729912657,-0.0025120618844453897,0.00041828330761151767,0.0851228978007763,0.14612298730559997,-0.028490699317164952,-0.26438734338500736,-0.35064348233561515,-0.47774254474883476
2011-10-01,0.024469508698145785,0.014562463560714656,0.023886412767888318,-0.014895771795088355,0.004062003921934774,-0.006781013163143336,0.04851736014885782,0.11075633606066639,0.11885495112025823,0.1059368840564014,0.04078700121587294,0.6330233613064185
2011-11-01,0.23731406149548884,0.3463443659352921,0.22310166081733943,0.17657016567657807,0.1296996740513499,0.07952911923540164,0.06771681260175115,-0.0034347513286453754,-0.06345227084651715,-0.19509309421508209,-0.4078213361449248,-0.32593010146561446
2011-12-01,0.20963876808378457,-0.00556100752371603,-0.018451400329489307,0.009710614039325582,0.013071063682803948,0.015790436320035663,0.04637512321892649,0.18996938329202492,0.38059589006682426,0.6803316233052399,0.5609301587930935,-0.619928629408972
2012-02-01,-0.1093878786859324,-0.0243950115328982,-0.048372376026772204,-0.06941702762195569,-0.055781886555938694,-0.06977158536150806,-0.08640511123438614,-0.09824554540653656,0.005033386779241235,-0.20501649787884413,-0.17435120619937655,-0.2959455356517272
2012-03-01,0.05275369043821243,-0.011727200273255007,-0.016878804648588687,-0.033801698592068656,-0.046270814870096606,-0.037162662802759726,-0.028097633687348935,-0.07277681643693934,-0.25947521865889206,-0.4025753122155741,-0.36690272613154595,-0.2354219574135573
2012-04-01,-0.02804746494066873,0.004341599799968578,0.0024446087433520488,-0.028695037965742555,-0.07486478793054378,-0.0525503020393333,-0.08620498614958444,-0.10481600395159292,-0.005451772203512696,0.04339712269272511,-0.08505462004484082,0.5031368464903143
2012-05-01,0.01045511214249562,-0.03367860983755017,0.01183630438949596,-0.12227493065816414,-0.10882386299194748,-0.10731654598508593,-0.06207918125504986,-0.04181968073146958,0.5903505123454456,0.5633228354587224,0.192993262268705,-0.7265321845668167
2012-07-01,0.06958769322977772,0.11547232950182798,-0.07812149742210273,-0.06794260913422621,-0.06388037120587894,0.0024794801641587366,0.055763110557631064,0.09425504305768566,0.248732759636921,0.39885646687697185,0.0507459656957272,0.37748189675309496
2012-08-01,0.12493383364897141,0.012171837708830586,-0.09587608031479185,-0.06121930459748223,-0.05340205637769345,-0.007339899346763269,0.03776937740299159,-0.023026315789473666,0.09876613623833141,0.02470454583990372,0.029746835443037786,-0.5172945667682104
2012-09-01,0.09571263035921211,0.2100975023373847,0.0727320814599312,0.1841409691629957,-0.013357789385541862,-0.05081421009360877,-0.05109961190168182,0.030499532890036804,-0.05109489051094882,-0.17816946273094067,-0.1628035412447913,-0.2661710938989102
2012-10-01,-0.021097999687179594,-0.12136269677214172,-0.06143745496276904,-0.08898078600163169,-0.04175615525881665,-0.07339449541284426,-0.025693812106575804,0.07760704228475121,0.12100659525702796,0.06508696311377743,0.24359456173317146,0.5808573372646856
2012-11-01,-0.009465960229665716,0.13886203049460782,0.05220340974169959,0.035878305302591035,0.02731345104669588,0.014996697618400274,0.023188278259338998,-0.055211306830049434,-0.08080611400477065,-0.1750420325051374,-0.41023674877791627,0.23043968432919937
2012-12-01,0.09827371971243466,-0.03794569839712125,0.015156507413509147,0.0334476705798991,0.041467449597323985,0.014449163736866747,-0.019177345640290396,0.011420518054137935,0.05175099231271674,0.34073836570172217,0.37339174910294803,0.4876020400349193
2013-01-01,-0.266152417413718,-0.05610458549808005,-0.02173101765465776,0.0043145441892831725,0.028265006054315773,0.05983206404999031,0.05396741755587766,0.07408602646258838,0.14681209891144822,0.013653919382037772,-0.05059979125262702,0.1432305216412763
2013-02-01,-0.20146680347861184,-0.06995321683151545,-0.1411621539397628,-0.0880352197685155,-0.09182074584769678,-0.10911164166340027,-0.10844157086290349,-0.10293973829874616,-0.10746686691968921,0.06134925509577348,-0.39428385432967367,
2013-03-01,0.02755140512166137,0.04884435841967446,0.06640841173215294,0.012349529980575156,0.054946592658239604,0.056295588889071886,0.032979318054778876,0.043180778487180875,0.13119533527696808,-0.0066993927276523535,0.001752682314487984,1.03631080289119
2013-04-01,-0.09196332254584676,-0.06368058554770042,-0.11500393522383066,-0.10365530637471304,-0.09194420723028761,-0.07830312940000912,-0.09551246537396119,-0.10585329711039745,-0.3114910068411436,-0.39291530944625414,-0.24266564900062004,
2013-05-01,-0.07323515978916965,-0.10658289466236472,-0.03847996933103308,-0.04684138217072345,-0.033968470001134204,0.019592101403405848,0.0072717479127389715,0.10619800644532727,0.3642379097818277,0.7082279243464641,0.44735518905872906,0.54897447220317
2013-06-01,-0.047312933916173645,-0.06450298577776649,-0.004865556978233067,0.0033470685023976256,-0.03255084146078823,-0.08525179279033569,0.04309001992392689,-0.022128908790249043,-0.12634006827198072,-0.2336119997585562,-0.09327077531115285,0.26685176778607106
2013-07-01,0.26153135379467046,0.06950572433789078,0.033026974519913335,0.05441779594653776,-0.004025449486012334,-0.04031292749658005,-0.019786910197869136,-0.012976288781408347,-0.08935518095013546,-0.28341876971608826,-0.22035928143712571,-0.5003503854239665
2013-08-01,-0.0008351663863173627,-0.02434367541766117,-0.06449196970957777,-0.05590914287892077,0.0024177050399851034,-0.009560615455607236,-0.0361539207133858,-0.025720884658454672,-0.00747162493583521,-0.17822201875307306,0.37278481012658204,0.8510777773493233
2013-09-01,-0.2862108922363847,-0.12488313075998414,0.013296145800774182,0.11355711360675069,0.1065831970971727,0.044381301293793675,0.005174644243208227,0.10391822827938682,0.007299270072992629,-0.1892121469526438,1.0058072398038589,-0.17544315641732083
2013-10-01,-0.08465268243513314,0.03711506863836342,-0.004964103659024692,-0.06859931921118533,-0.0754038659071809,-0.06581571599521358,-0.04527099251751851,-0.019800882502938117,-0.05596613499228221,0.030713249149862277,-0.38914557311816056,-0.1340440009072353
2013-11-01,0.009554634330178075,0.00697657121606559,0.14556748263557473,0.09656891173842864,0.028463858046748215,-0.08073351723066156,-0.0978131737580851,-0.0391979391492028,-0.12391082120430331,-0.22516968677999882,0.29305089619476654,0.28759864712514077
2013-12-01,0.15279133753439259,0.16813869807000334,0.10181219110378903,0.10465884020162014,0.0882614939916738,0.04574552401081144,0.05327538309884394,-0.004616805170821865,-0.001859016228709169,0.12005313301575675,-0.20230755506214929,-0.36991714272586657
2014-01-01,0.039061463525576545,0.0715495821097808,0.09194775369599525,0.11726590891517812,0.07849852966614768,0.052099199375122016,0.030782066482237802,0.02844497717947541,0.03309459666644758,-0.10761754519574236,0.07370497991164007,-0.12515276550948054
2014-02-01,0.1386062002725026,0.13595788211684054,0.05476118040766647,0.038372505858126536,0.06855217800062653,0.023251256102341075,0.005872563460030061,-0.12359418702446841,-0.07992531103488874,0.015069491065434593,0.4124363099187522,0.3065838335240668
2014-03-01,-0.02700037701922791,0.05229799992409585,0.04316546762589945,0.03468076961249966,0.01870423060777077,-0.028468871947705632,-0.02194894727035615,-0.08109075720508388,-0.247424684159378,-0.4193163336864564,-0.5740271428909784,-0.24670345770658322
2014-04-01,-0.06040992448759433,-0.02978883004114247,0.014214505473538723,0.07142857142857144,0.06376316538571014,0.05427624108643324,0.0753462603878116,0.20464312175845897,0.15882628328072843,-0.10124864277958757,-0.32514430186519105,0.2862820245782128
2014-05-01,-0.019169762877562915,-0.05201788645497238,-0.03680276020701552,-0.06343157840163827,-0.038788703640694124,-0.011285914992820887,-0.08126851602477782,0.16090834145244726,0.019775399856316326,-0.24931591718725807,0.09674175382139995,0.23779278983022165
2014-06-01,0.06582669066598104,-0.09546849335998682,-0.08169014084507041,-0.04688708565963979,-0.03605821001138356,-0.06696292493542737,-0.06600253577250498,-0.17463443637241957,-0.21328535842789909,-0.20149996981952076,-0.13903366345787177,-0.2124932698499836
2014-07-01,0.22980296181604762,0.19609438567941426,0.2106030038108046,0.12270549354286404,0.030015264288319247,0.04287790697674417,-0.013329643466629794,0.01639731036923448,0.20806318519391742,-0.09621451104100938,-0.20330863696336135,-0.3415089932258819
2014-08-01,-0.1951819133544282,-0.17732696897374708,-0.09509147754966148,-0.10761334908596627,-0.0387895533887723,-0.011464086406044821,-0.07880197731898823,-0.0542063269876821,-0.12667541208007754,-0.05736134425284421,0.1854430379746833,0.856450597051376
2014-09-01,0.8339127076091153,0.22398824629357533,0.11774181914356471,0.07722280821492841,0.038956896207982636,0.1001139461424184,0.053686934023285844,0.02918063417046779,0.2842006121968448,0.015926948396687235,-0.16472813080514806,-0.06603593768952203
2015-02-01,0.012094400242224539,0.09879197779428425,0.06388804380894417,0.10337286089611568,0.08260733312441224,0.026939386380643426,0.1376322283222067,0.23598098851878666,0.14274116620324315,0.6050507791855335,-0.03433943840058095,
2015-03-01,-0.037527913923610004,-0.008007894037724303,0.06474820143884905,0.012647279842334117,-0.022762255702224954,0.06824955131477106,0.1416061114216505,0.08606320981761043,0.5366375121477163,1.133987854553051,0.7169181213140378,-0.08824965813635471
2015-04-01,0.3392664509169365,0.32321051076307633,0.29418779365117204,0.2828006357054565,0.24679760888129787,0.20179861016487247,0.07468144044321334,0.10091380587799471,-0.17892686168204544,-0.3447000542888166,-0.3208033201354767,-0.18237033951260148
2015-05-01,-0.0026292076580302047,0.12299767928907013,0.2741997316465402,0.3396583456463692,0.4650674832709542,0.7517098701579408,0.6149340156207916,0.11032001798695963,0.06212424849699394,-0.01216720877002778,0.19681466210780396,0.19432882658573927
2015-07-01,0.26126913567914456,0.010302662189573793,0.16195920197265196,0.10514579987523716,0.14064758405489722,0.2071648426812585,0.09644389096443898,0.0004718650465967786,-0.022515619474242635,-0.21273659305993686,-0.26192022734192627,-0.16374678813361374
2015-08-01,0.5195793584510606,0.3591885441527446,0.1975653538439595,0.15202561073211615,-0.005765296633810701,-0.04540931835551639,-0.026202707505411902,-0.009938409854423347,-0.127093670982338,-0.16852332265120293,-0.46740506329113934,-0.2684481805678736
2015-09-01,0.17203553495558133,-0.042874315480165695,-0.017864441826356714,-0.01837811007011215,-0.000279117987160772,-0.039736914223074654,0.05756791720569215,-0.06182337747980437,0.06757711325641627,0.3828838394563602,0.23943567686978043,0.544280986293774
2015-10-01,0.07043673206930713,0.07307733078920892,0.0020950652539434025,-0.02395420147973123,-0.05034706010520755,-0.030714000797766407,0.023476780553466206,-0.09068937226989525,-0.1527901211469199,-0.28662089280686187,-0.2388637117276444,-0.004762984803810567
2015-11-01,0.12806756966459046,0.08911863146151011,0.037342692256861404,0.04484396307152151,0.06719422704850868,0.010295660282062368,0.009152109825317833,-0.03279259207686414,-0.1071167794382516,-0.2113249060755134,-0.2439758458736702,-0.09661781285231118
2015-12-01,0.21942398153900775,0.09748119070984627,0.021087314662273492,0.054704736138621764,0.06706419183013074,0.06944133964679816,0.007930818173671398,-0.030276522330757734,-0.13339697533035214,-0.3107365335287651,-0.3580080486886188,-0.506378938017858
2016-01-01,0.20334325190000563,0.09639710865145676,0.042371178412515996,0.03799582463465554,0.07964020065732572,0.058972856863893745,0.05348438940851022,0.01170992577566742,0.12657423834242276,0.06830586230031373,0.004346520638824436,0.1819512844403035
2016-02-01,0.09411428283066177,-0.013005460208243783,0.0003042287800425585,-0.039366612227508466,-0.010372923848323414,-0.002155863592630882,0.022859001090345662,-0.05412013221976632,-0.1732865174240427,-0.22387121655787118,0.032060992250779255,0.28917252493168605
2016-03-01,0.07955105710391241,0.0374207749819728,0.06391809629219723,0.009669781224744253,0.12481925462941347,0.07150972288541647,0.06823178684553732,0.12194442786960233,0.02662779397473284,0.2601721848375885,0.5658084839297978,0.39770951357687057
2016-04-01,0.03209277238403458,0.014127247516650657,-0.006320207970616841,-0.05041497439519687,-0.03700540848277834,0.004360267066357697,-0.012742382271468069,0.012052358607063572,0.17848890768231723,0.11441368078175884,0.06253875876544387,0.3429702145386377
2016-05-01,0.11611716638070428,0.03582951265070486,0.056402146827678815,0.15820307437073905,0.2291595780877849,0.12643003813435028,0.09715863183409633,0.09420670014239689,0.0012477785760199108,-0.024558142736675524,-0.07952031375703923,-0.14374301203574094
2016-06-01,0.08099768578040639,0.04121519245215713,0.009987195902688784,0.04984038139704932,0.048410915915454,0.06197359344167613,0.20552436152870862,0.1392021701566304,0.12362764092628488,0.11187903663910179,0.0693954907376378,0.22298702532647832
2016-07-01,0.06434333091926163,-0.04938172566726625,-0.09302846895314956,-0.009410296908803833,-0.04090288940820508,-0.06844220246238028,-0.04174161708408289,0.0266603751327121,-0.057173169869149894,0.01942034700315467,-0.044524510301430856,0.07988787666433067
2016-08-01,-0.03085410466634515,-0.039379474940334135,-0.08776851840844485,-0.07659082536173904,-0.09081006402933128,-0.05429218279089198,0.09285645051856144,0.21101623740201572,0.4572140154755793,0.3387930888312394,0.3661392405063289,0.13564441702335503
2016-09-01,0.3033603707995365,0.19674101776412445,0.026568247938255924,-0.055308059812620096,-0.01750468519478462,-0.030736611328265762,0.047477360931435904,0.0028026597790845706,-0.16505768777960916,-0.26905924824803557,-0.46534902013288043,-0.28446916532376854
2016-10-01,0.03246380841486952,0.011210049292415472,-0.008954068696789214,0.05207190480209278,0.03770971457029903,-0.016354208216992565,-0.04709212557900155,-0.018780904232909956,-0.0010992095046541137,0.19909463059628738,0.4595335470321658,0.3300068042640052
2016-11-01,0.28267086390742435,0.12249907028635203,0.02442032922656726,0.09967240865844303,0.09710480904986836,0.12483002447647563,0.17613411360936332,0.14388823133514342,0.021637540768144715,-0.02083981983103984,0.26044282564938154,1.3428410372040585
2016-12-01,0.19379604153723257,0.2162250572456657,0.13970345963756176,0.08836175660659935,0.05786536259021577,0.025626435263275554,0.005466439645129466,-0.05059046508237363,-0.13394965583077928,-0.3243404177354343,-0.4570108835715559,-0.276584013600233
2017-01-01,0.22419119458711603,0.06440591822904888,0.002267834074924433,-0.000788680120621764,-0.006365680678083367,-0.0020308533489552666,0.06507706494533015,0.1501544419344428,0.19547933504172396,0.24781954341873844,0.05809182024849541,1.0836610481226479
2017-02-01,0.13357667917038146,0.03734834564812281,0.027076361423790676,0.004402471064403727,0.02494515825759928,0.08144175604888987,0.07519559270807424,0.03178359770766921,0.1324714335004363,-0.08400348526617997,-0.003993540229597343,0.5429852628628815
2017-03-01,0.026913372582001775,0.018558579073209725,-0.08328721638074137,-0.05285768974464421,0.017724707309109414,0.010290945614410588,-0.023588596981554216,-0.04652226664279886,-0.05461613216715252,-0.056594201817340574,-0.03341938845598175,-0.021244383668685186
2017-04-01,-0.027777777777777714,-0.03981315209237807,-0.06116291826659335,-0.04564718347165805,-0.027042413891261084,-0.0201208157332971,-0.028033240997229928,-0.0021239812299331928,-0.10661914614071913,-0.1751153637350706,-0.0516624528931928,-0.11383461778796093
2017-05-01,0.09982348511967215,0.031074885379520915,-0.08735863523097552,-0.09376053088627925,-0.11959850289214023,-0.07767365024470826,-0.024373821707514145,-0.04444277898523564,-0.16171966574658758,-0.1198994957578262,-0.29829545454545436,-0.1537211203292214
2017-06-01,0.04551298534327604,-0.019990068628324774,-0.01587708066581313,-0.11769586679229904,-0.027582069347444872,-0.08067957582660872,0.00351385618547379,0.015997473105293626,-0.025721930067349293,-0.24479386732661323,-0.2276472559601538,-0.0865998754262428
2017-07-01,0.08269859900606816,0.002120125144684273,-0.07289098109541961,-0.10083219409898722,-0.07607829364168105,-0.08849179206566338,-0.03786725704533928,0.055680075498407616,0.31238948485205703,0.24832413249211369,-0.1325484623972393,0.15954216304601723
2017-08-01,-0.04560478985566912,-0.08377088305489269,-0.09430687478453109,-0.031873674047537506,-0.00927229735115176,0.0266053326027083,0.010403541081063401,0.02047172452407599,0.0067491777410216836,-0.028265255947233607,0.3867088607594933,-0.263640920834458
2017-09-01,-0.07516415604480486,-0.005743288366502074,0.04936164073958306,-0.015399888316684155,-0.0005981099724871055,0.028803853975855113,0.06494178525226399,0.025663570918283363,0.1287967977395808,0.18666383520917404,0.9192007095878033,0.4367798166727312
2017-10-01,0.12719626005804555,0.07460115545661744,0.021431049667725514,0.06307142656201635,0.08209605627665197,0.24890307140007942,0.0817530385209232,0.047517683318920624,0.05753309322232095,-0.05895730901687293,0.04078700121587294,-0.10682694488546166
2017-11-01,0.2363386463898559,0.12446262551134281,0.0683563635295672,0.006912334049123081,-0.0002963169545589605,-0.02560317028633582,-0.019888238658864,-0.05894775928891371,-0.1787713576400721,-0.18793200074724478,-0.30878941819227457,-0.41961668545659536
2017-12-01,-0.05502795775272918,0.022244030094864267,0.04645799011532126,0.045847625489154026,0.0486665333503008,-0.025789013758205026,-0.0975445828479255,-0.11420518054138137,-0.18811234487263218,-0.36666361304507156,-0.36018872787106226,-0.6660897799151517
2018-01-01,0.14496901237609697,-0.02193923650327548,-0.00720539687096326,0.04786205830047164,-0.014357377616329478,-0.05573130247998436,-0.056163000043911566,0.14051910930800804,0.3236524519788858,0.6674826379444777,0.09532320098368653,0.24511452875621634
2018-02-01,-0.07534188968695846,-0.1260017983502091,-0.11591116519622761,-0.09293474401761004,0.013052334691319308,0.12406015037593994,0.06739101325630774,0.9823576583801124,,1.0503649530774615,1.4093441330011642,1.6511782703131928
2018-06-01,-0.03111339676009246,-0.158851016692344,-0.15006402048655576,-0.019097979101917014,-0.24153155093375991,0.11257279450692244,-0.1881724325303387,0.4526857546310922,0.25439616200756554,-0.17024808353956664,-0.010897576647059398,
2018-09-01,0.4980301274623406,0.20929611326298905,-0.13471664542809741,-0.08925978780169992,-0.05546473144862241,-0.05531436154101321,-0.12871927554980592,-0.016980821014452797,-0.22769013421238524,-0.39520067954979815,-0.549261124964437,-0.166675330526243
2018-10-01,0.3854121409082221,0.18340223670959893,0.07483519709626629,-0.01651334852448883,0.22527780371650002,0.2911846828879136,0.0817530385209232,0.22958380451894708,0.3910379344216289,0.4257618748510904,0.6175969934785015,0.1326831481061463
