,0.0km,0.5km,1.0km,1.5km,2.0km,2.5km,3.0km,3.5km,4.0km,4.5km,5.0km,5.5km,6.0km,6.5km,7.0km,7.5km,8.0km,8.5km,9.0km,9.5km,10.0km,10.5km,11.0km,11.5km
1994-08-01,20.5,30.462,35.714,37.416,44.153999999999996,51.342,53.393,55.619,57.678999999999995,56.843999999999994,60.82899999999999,57.626999999999995,57.113,59.031000000000006,65.273,65.824,71.90899999999999,77.377,80.75399999999999,98.738,108.459,137.4,172.295,210.27900000000002
1994-09-01,26.631,33.644,40.162,43.108999999999995,44.504,45.195,48.075,51.273,53.766000000000005,54.162,53.095,54.202,54.667,56.211000000000006,56.269,59.282,63.555,61.64,67.547,80.876,63.153,118.98,130.989,243.261
1994-10-01,14.212,28.11,33.808,35.088,35.196,40.405,42.898999999999994,43.86600000000001,46.403999999999996,45.74,45.588,46.36,45.51,44.547,46.016000000000005,45.547,49.677,46.812,54.22,64.933,95.022,92.395,120.346,119.227
1994-11-01,5.809,19.374000000000002,27.038,34.638000000000005,33.828,40.131,37.404,40.885,42.631,42.711999999999996,42.532,43.481,39.848,41.661,41.321000000000005,43.724,41.1,40.588,40.641,50.027,50.792,60.428000000000004,96.70100000000001,216.15400000000002
1994-12-01,11.022,25.884,32.009,35.893,38.563,38.996,40.149,40.816,39.75,40.765,39.966,39.442,38.574,39.736,39.84,41.927,44.652,46.503,53.638999999999996,51.903999999999996,55.1,79.859,109.97,214.267
1995-01-01,14.06,26.96,30.875,34.202,35.492,37.83,39.353,40.515,40.695,41.098,42.433,42.756,41.526,43.733000000000004,44.131,49.104,57.073,55.25899999999999,81.002,113.57700000000001,131.235,178.105,215.355,294.367
1995-02-01,16.21,27.01,32.213,35.891,37.81,39.844,41.5,42.15,43.312,43.975,44.589,44.411,45.136,44.766000000000005,50.68,50.695,59.938,73.382,108.992,142.181,200.832,232.03099999999998,207.66400000000002,195.041
1995-03-01,25.969,33.24,37.363,39.027,41.206,42.527,42.306999999999995,42.603,44.946999999999996,46.284,49.522,47.747,50.167,53.156000000000006,63.213,75.189,102.62100000000001,130.319,159.311,201.825,219.19,248.787,341.352,439.43300000000005
1995-04-01,24.331999999999997,32.695,40.24,46.32,48.971000000000004,50.857,52.63,55.22,55.977,57.256,57.262,56.903,57.818999999999996,59.103,64.17699999999999,64.993,67.906,73.192,75.28399999999999,112.023,139.935,174.783,171.142,276.404
1995-05-01,32.854,49.12,55.629,53.113,56.012,52.745,55.466,58.011,59.236999999999995,60.626999999999995,58.868,58.901,60.903999999999996,58.211000000000006,61.138999999999996,60.648999999999994,66.051,74.21,100.45200000000001,99.057,120.96700000000001,160.872,259.197,400.611
1995-06-01,29.835,37.628,42.708999999999996,43.698,47.056999999999995,52.18899999999999,54.806999999999995,58.333999999999996,58.625,62.317,63.794,63.131,69.043,69.888,72.597,76.788,96.891,108.62700000000001,135.722,219.97299999999998,290.395,284.889,286.687,320.369
1995-07-01,36.008,47.576,51.946000000000005,49.663999999999994,51.373000000000005,56.577,59.431999999999995,60.00899999999999,63.463,64.44,71.54,73.35,73.46600000000001,75.21600000000001,75.039,77.128,79.67,81.061,92.87799999999999,108.994,139.47299999999998,117.249,144.124,192.52700000000002
1995-08-01,36.942,47.821999999999996,48.835,54.34,56.773999999999994,50.255,54.108000000000004,55.135,56.161,57.477,59.251000000000005,62.312,59.888000000000005,59.61600000000001,65.105,66.295,66.969,71.959,86.78200000000001,105.31,94.054,112.039,232.34599999999998,333.36400000000003
1995-09-01,17.375999999999998,25.252,32.719,34.291,38.012,41.623000000000005,44.688,45.935,43.644,45.156000000000006,47.747,48.644,50.975,49.288000000000004,50.975,50.347,52.945,78.046,70.506,112.465,95.98200000000001,153.31,160.094,139.486
1995-10-01,8.821,24.29,31.24,34.527,38.04,43.559,40.885,40.165,42.535,39.674,39.951,40.974,41.016000000000005,39.594,37.998000000000005,41.47,41.75899999999999,41.585,41.85,53.248000000000005,82.184,77.51,71.23100000000001,65.37
1995-11-01,7.807,16.995,26.413,31.715,35.615,36.117,37.756,39.765,40.759,40.058,40.371,40.667,40.126999999999995,39.719,40.576,40.654,40.488,42.07,41.263000000000005,61.739,61.596000000000004,91.75399999999999,125.375,131.379
1995-12-01,2.66,12.794,21.199,25.925,28.214000000000002,33.971,36.562,38.031,38.964,38.783,40.4,41.931999999999995,41.46,42.658,41.776,42.403,40.711,52.396,61.463,52.52,58.558,56.38399999999999,117.68299999999999,146.286
1996-01-01,3.4,25.759,37.37,38.658,38.048,41.273999999999994,39.594,41.207,42.218,41.938,42.272,41.398,40.1,42.131,42.451,40.733000000000004,40.054,41.621,43.702,56.258,64.27,67.738,149.782,171.05599999999998
1996-02-01,14.472000000000001,26.636999999999997,31.045,34.393,36.781,38.080999999999996,39.44,40.385,41.302,43.5,44.49100000000001,44.786,43.097,47.376000000000005,52.803999999999995,60.21,62.582,76.649,111.838,144.586,165.03900000000002,200.093,228.054,-9999.0
1996-03-01,32.909,40.244,48.733000000000004,50.519,48.238,49.455,48.953,52.125,53.74100000000001,54.29,55.938,56.27,56.912,60.156000000000006,63.023,63.281000000000006,67.77,73.235,125.556,61.511,115.529,191.106,-9999.0,-9999.0
1996-04-01,42.573,61.028,59.943000000000005,61.349,59.125,52.288000000000004,51.361999999999995,52.549,55.355,57.931999999999995,56.321999999999996,54.528,55.958999999999996,59.158,62.553999999999995,58.044,65.637,64.05,159.241,159.874,188.428,274.596,-9999.0,-9999.0
1996-05-01,37.645,46.055,45.505,48.519,48.791000000000004,51.906000000000006,55.227,56.757,58.215,59.855,62.299,62.831,67.19800000000001,66.59899999999999,66.17399999999999,70.27,73.329,82.109,129.16,148.537,195.59799999999998,242.394,419.409,474.333
1996-06-01,35.703,45.17100000000001,46.426,48.701,48.076,58.59,57.913000000000004,61.397,61.641000000000005,60.87,62.607,66.633,72.60600000000001,64.89399999999999,68.791,78.47,91.075,124.189,149.446,139.127,120.652,159.851,163.319,163.262
1996-07-01,30.22,41.246,48.705,50.886,51.239,47.803000000000004,50.773,55.558,56.735,59.097,59.766000000000005,62.538000000000004,64.96,68.05199999999999,73.054,79.79899999999999,91.285,100.523,126.59,124.052,178.873,139.877,214.171,235.533
1996-08-01,30.418000000000003,41.394,47.232,49.181999999999995,51.648,54.771,57.494,62.273999999999994,64.914,66.759,69.308,65.327,63.074,66.51,67.943,70.855,71.405,83.412,112.257,95.617,138.421,157.011,197.037,190.757
1996-09-01,16.718,28.58,32.474000000000004,39.029,41.86,46.434,48.958,51.1,52.599,53.468,54.324,56.955,57.0,55.907,58.6,60.722,64.79,58.231,73.899,86.212,92.84700000000001,102.02600000000001,119.165,149.833
1996-10-01,14.155999999999999,27.455,32.801,39.714,43.821999999999996,44.931999999999995,45.373000000000005,44.641999999999996,45.287,46.126000000000005,45.674,47.473,48.619,47.24100000000001,49.716,53.673,47.345,46.68600000000001,44.349,67.165,83.77799999999999,108.39,121.39,-9999.0
1996-11-01,10.088,21.011,26.756,34.76,36.482,35.891,39.056,41.196999999999996,40.78,41.453,42.785,44.358000000000004,46.251999999999995,48.397,52.806999999999995,54.72,58.703,61.39,96.366,143.069,162.17,171.67,152.782,259.237
1996-12-01,5.66,22.967,32.621,35.256,38.626999999999995,38.167,39.57,40.326,41.559,42.461000000000006,42.8,46.398999999999994,47.13399999999999,43.397,41.352,41.083999999999996,41.915,41.824,45.756,51.27,78.311,81.248,146.196,156.8
1997-01-01,8.231,25.759,34.898,37.887,36.926,40.104,39.718,42.308,42.228,42.503,42.545,43.261,43.146,44.218999999999994,45.638999999999996,44.786,52.086999999999996,51.698,50.309,53.717,75.634,106.745,79.753,100.584
1997-02-01,17.78,30.682,34.874,37.624,38.431,39.303000000000004,41.721000000000004,42.768,44.081,44.29,44.603,45.708,45.7,46.841,53.317,59.873000000000005,70.32,77.331,122.70100000000001,99.087,168.88400000000001,181.282,102.76100000000001,145.42600000000002
1997-03-01,19.468,30.529,33.381,38.615,41.488,42.66,44.912,49.552,51.224,48.159,48.163000000000004,47.138999999999996,47.52,53.50899999999999,52.367,55.615,60.798,60.54,92.464,79.932,125.99600000000001,130.933,310.98900000000003,364.57099999999997
1997-04-01,30.041999999999998,41.111999999999995,45.696999999999996,47.466,51.02,53.195,51.589,54.373999999999995,52.50899999999999,52.247,53.365,52.791000000000004,54.065,55.559,57.72,55.208,59.403999999999996,58.355,65.96600000000001,57.762,70.759,89.79700000000001,147.22899999999998,181.58700000000002
1997-05-01,40.841,45.905,48.452,48.169,49.836000000000006,53.77,55.43899999999999,55.75899999999999,56.61,57.56,60.091,58.323,56.778999999999996,62.463,70.569,69.555,68.553,68.83,81.95200000000001,107.306,126.764,171.86599999999999,182.368,274.21299999999997
1997-06-01,31.788,38.466,43.188,43.223,46.758,47.019,50.794,53.681999999999995,56.145,60.24100000000001,59.603,62.048,61.891999999999996,62.903,70.638,72.146,75.604,80.437,149.934,153.183,200.597,258.487,434.725,438.0
1997-07-01,29.284000000000002,41.321000000000005,46.869,48.64,51.168,54.04,51.888999999999996,54.677,56.123000000000005,59.46,62.504,64.993,68.12100000000001,68.77600000000001,70.04,74.108,80.97,80.202,96.277,118.145,97.25,161.002,209.68599999999998,343.585
1997-08-01,35.079,55.306000000000004,55.18,52.461999999999996,52.316,49.341,49.952,50.599,51.971000000000004,52.258,51.175,55.479,55.745,62.282,62.121,59.545,59.768,64.585,69.848,81.447,85.46799999999999,89.348,101.44200000000001,126.759
1997-09-01,22.141,40.703,44.349,43.297,40.885999999999996,47.117,46.833999999999996,49.82,48.317,49.208,52.70399999999999,52.553999999999995,51.72,52.91,55.213,54.18600000000001,62.961999999999996,69.717,87.76,67.127,62.114,55.492,60.843,77.3
1997-10-01,15.649000000000001,27.938000000000002,36.165,36.428000000000004,38.562,42.718,43.571000000000005,46.431000000000004,46.065,46.56,52.086000000000006,52.128,49.058,51.678999999999995,51.955,55.917,55.869,60.483999999999995,81.813,91.429,105.719,134.945,65.467,103.50399999999999
1997-11-01,18.559,31.683000000000003,35.669000000000004,39.668,41.36600000000001,41.146,44.205,42.887,44.1,46.257,49.846000000000004,47.907,49.943999999999996,49.615,55.227,59.751000000000005,65.181,70.0,72.27199999999999,126.20299999999999,157.032,197.225,137.442,185.333
1997-12-01,9.679,25.226,32.826,35.131,36.900999999999996,39.451,41.205,40.835,40.395,41.195,42.058,41.956,42.464,43.428999999999995,42.388999999999996,44.655,46.38399999999999,49.70399999999999,54.858999999999995,68.579,90.875,101.88600000000001,122.23,144.338
1998-01-01,15.902999999999999,29.141,33.293,36.145,40.027,42.684,42.446999999999996,43.758,44.33,45.36,46.842,47.218999999999994,47.847,47.011,52.236000000000004,50.935,54.739,54.20399999999999,59.849,105.03,120.243,186.513,197.65599999999998,239.554
1998-02-01,21.656999999999996,38.349000000000004,42.607,44.795,46.339,46.257,47.751999999999995,48.376999999999995,50.015,50.355,48.199,47.971000000000004,46.282,45.672,44.053999999999995,49.178000000000004,50.118,48.065,74.844,58.76,61.691,77.36,85.102,79.837
1998-03-01,30.105,38.579,41.645,47.321000000000005,48.083999999999996,49.479,48.933,48.791000000000004,51.17100000000001,52.39,51.953,53.838,56.467,59.195,60.323,72.11399999999999,81.50399999999999,110.985,72.89,116.291,156.488,197.88,215.515,264.967
1998-04-01,30.433000000000003,38.847,44.328,49.67100000000001,52.965,51.86600000000001,56.91,57.351000000000006,57.346000000000004,56.86600000000001,56.993,58.358999999999995,59.558,62.461999999999996,66.891,70.516,75.047,90.3,140.14700000000002,234.94,337.399,379.676,442.949,616.511
1998-05-01,39.527,48.438,53.294,57.913999999999994,57.727,57.235,58.126000000000005,60.098,55.599,62.815,65.488,65.117,69.843,72.798,73.949,71.058,72.861,76.484,75.915,79.88,85.91,101.876,194.296,298.652
1998-06-01,39.398,42.662,45.073,51.434,50.341,56.2,58.835,62.36600000000001,65.832,67.62100000000001,64.867,67.539,68.439,71.98100000000001,70.833,75.486,75.33800000000001,79.89699999999999,120.448,196.862,236.847,260.328,579.68,533.88
1998-07-01,26.078000000000003,37.672,42.498999999999995,45.672,45.794,47.864,49.76,55.743,56.919,58.09,60.223,63.781000000000006,63.318999999999996,68.491,71.15,76.253,78.092,84.581,133.287,303.625,377.03,404.67699999999996,419.82,364.483
1998-08-01,38.978,47.605,48.818999999999996,50.183,47.292,48.608999999999995,52.951,55.425,57.725,61.621,60.69,63.666000000000004,68.27199999999999,66.968,63.442,66.999,70.508,70.86,106.146,81.737,96.07799999999999,91.166,116.544,146.502
1998-09-01,18.794,34.685,39.055,43.715,46.49,43.06,48.723,51.413000000000004,54.949,57.465,59.265,59.035,58.35,60.373000000000005,62.253,64.432,65.086,68.543,88.949,92.009,136.791,166.907,132.78,175.49200000000002
1998-10-01,18.77,29.551,34.115,39.381,45.016000000000005,46.027,46.96,53.278,49.628,51.229,51.161,51.541000000000004,52.438,50.495,52.173,64.76100000000001,69.95100000000001,63.236000000000004,71.273,94.366,97.98299999999999,76.28699999999999,112.994,163.44299999999998
1998-11-01,9.638,26.660999999999998,36.155,40.847,39.605,43.333,44.403999999999996,45.07899999999999,47.605,48.418,48.776,48.648,49.053000000000004,50.281000000000006,52.411,54.455,68.458,79.508,108.054,100.20200000000001,137.734,208.015,184.388,208.894
1998-12-01,15.08,29.019000000000002,37.148,39.374,40.957,42.326,42.129,42.608999999999995,43.251999999999995,45.114,47.255,50.718,50.174,45.155,45.888999999999996,45.854,46.886,49.48,46.818999999999996,69.30199999999999,83.175,108.844,249.615,188.53900000000002
1999-01-01,16.694000000000003,30.948,37.746,40.204,42.315,42.82,44.341,46.107,47.24,49.617,51.14,52.031000000000006,52.673,57.315,57.503,54.677,60.599,64.29,95.955,113.645,133.752,153.727,173.12599999999998,190.47299999999998
1999-02-01,17.637999999999998,31.044,37.141999999999996,44.148999999999994,45.239,47.31,48.501999999999995,47.968999999999994,48.156000000000006,50.129,52.145,52.537,51.151,54.761,55.473,54.508,66.771,83.803,94.24700000000001,160.664,194.097,103.57700000000001,188.293,196.493
1999-03-01,25.975,35.758,45.035,46.985,50.038999999999994,54.59,56.261,56.063,58.181999999999995,56.842,55.792,55.406000000000006,56.11,56.034,60.315,61.221000000000004,67.778,64.845,73.02199999999999,90.124,141.124,114.595,277.887,359.32
1999-04-01,29.31,40.566,50.053999999999995,53.122,55.667,58.958,57.651,57.32899999999999,60.141999999999996,60.905,60.034,62.532,65.154,66.557,76.021,81.048,81.023,93.586,148.054,216.209,291.443,352.199,372.19,644.8
1999-05-01,31.628,44.431999999999995,51.108000000000004,53.563,57.162,57.206,59.224,61.431999999999995,66.225,66.89,70.737,69.582,65.86,66.373,73.018,77.979,80.508,78.362,97.355,175.301,266.865,368.20300000000003,107.075,221.667
1999-06-01,30.415,37.613,41.583999999999996,43.731,47.173,49.096000000000004,52.87,54.225,55.21,58.663000000000004,64.062,66.74,66.01,62.565,63.591,65.442,77.097,104.859,183.49,147.179,235.0,421.70099999999996,287.342,384.17900000000003
1999-07-01,41.238,49.926,50.966,49.238,53.743,55.857,58.641999999999996,58.28,64.331,68.817,68.39399999999999,73.85600000000001,78.27,82.876,88.68299999999999,79.88600000000001,75.53399999999999,77.301,83.697,130.498,177.02200000000002,265.556,76.35300000000001,103.23100000000001
1999-08-01,28.625,36.83,40.548,43.31399999999999,42.893,45.879,47.619,51.823,53.585,53.758,59.245,59.005,59.26,68.149,68.442,69.086,72.706,72.208,86.387,131.429,168.71599999999998,195.273,213.231,216.607
1999-09-01,34.717,45.748000000000005,43.442,48.86,49.777,50.184,51.832,49.555,53.583999999999996,55.879,59.221000000000004,59.958999999999996,58.488,62.593999999999994,61.786,59.352,62.567,61.478,79.545,79.342,100.682,156.588,206.86700000000002,237.317
1999-10-01,12.288,27.258000000000003,36.986999999999995,38.66,41.028999999999996,46.795,47.604,49.675,50.693999999999996,51.0,50.07,47.551,48.184,48.22,47.312,48.78,50.54,56.506,74.51,87.279,84.76700000000001,89.321,135.379,115.402
1999-11-01,8.767999999999999,22.930999999999997,31.278000000000002,36.617,39.644,42.562,45.964,47.518,47.497,48.254,49.687,50.521,48.312,46.65,46.297,46.626000000000005,52.54600000000001,52.023999999999994,71.765,67.979,71.556,154.95,135.859,147.952
1999-12-01,12.28,26.695999999999998,33.11,37.114000000000004,39.304,40.859,43.391000000000005,44.851000000000006,45.138999999999996,44.913000000000004,44.867,43.875,45.968,48.211999999999996,51.33,60.238,72.92399999999999,95.819,123.242,155.904,158.83700000000002,179.58599999999998,188.766,179.0
2000-01-01,14.755,28.495,35.115,39.029,42.876999999999995,45.159,43.945,44.006,44.425,46.229,47.244,44.74,42.872,42.946999999999996,45.566,42.19,45.411,56.091,66.414,53.575,84.48,68.051,116.869,137.88
2000-02-01,16.968,33.927,39.227,43.493,43.185,50.86,49.614,51.063,51.645,51.46,50.75899999999999,53.538999999999994,49.078,49.599,48.585,50.606,54.396,53.601000000000006,61.563,99.494,119.811,99.663,170.84,218.361
2000-03-01,24.229,31.699,36.794000000000004,43.37,42.903999999999996,45.65,48.966,49.903,52.576,52.201,53.136,52.288999999999994,54.442,54.248999999999995,52.015,55.608000000000004,60.678999999999995,69.063,95.024,79.441,104.98899999999999,203.354,284.745,345.07099999999997
2000-04-01,31.964000000000002,42.405,50.281000000000006,51.236000000000004,50.369,50.494,54.238,54.581,54.452,54.016999999999996,55.787,58.163000000000004,61.531000000000006,62.653,66.92,73.571,84.699,110.537,136.737,71.005,119.205,183.52700000000002,251.56099999999998,354.464
2000-05-01,40.634,51.393,54.098,57.333,56.614,58.786,58.445,61.205,61.718,62.885,59.115,58.426,66.245,65.58800000000001,64.906,67.153,71.185,70.961,81.033,96.029,136.201,110.539,278.638,189.71400000000003
2000-06-01,48.549,54.838,54.527,60.411,54.915,57.55,56.986000000000004,58.391999999999996,60.711999999999996,62.184,66.14699999999999,66.188,66.083,67.91,66.058,64.683,73.058,80.156,108.4,286.717,313.77299999999997,135.143,280.122,332.279
2000-07-01,30.758000000000003,36.417,43.214,45.208,46.903,49.26,50.486000000000004,52.907,52.451,60.577,61.623999999999995,63.708,63.486999999999995,60.756,65.623,65.17699999999999,81.065,99.67299999999999,210.208,224.984,238.986,382.529,280.58299999999997,321.12
2000-08-01,39.698,49.708,54.299,52.21,51.878,49.748999999999995,49.553999999999995,46.867,55.295,57.486999999999995,58.905,63.243,68.774,67.19800000000001,68.47800000000001,62.412,58.477,63.318000000000005,60.34,78.23100000000001,71.638,83.58200000000001,148.118,219.2
2000-09-01,17.381,32.78,40.485,42.82,46.25,48.034,52.155,52.618,54.567,55.821999999999996,55.708999999999996,55.312,57.901,58.651,60.986000000000004,69.76899999999999,71.09,77.05199999999999,63.16,68.77600000000001,50.047,65.366,44.111000000000004,50.0
2000-10-01,12.279000000000002,31.926,40.543,43.478,44.566,44.526,46.254,49.063,47.065,45.078,45.463,47.659,48.73,48.81100000000001,47.123999999999995,54.708999999999996,58.06,60.544,45.699,44.265,45.553000000000004,46.611999999999995,52.065,68.818
2000-11-01,5.035,25.768,34.016,34.361999999999995,36.119,39.045,38.309,38.836999999999996,41.519,41.8,41.982,44.2,47.403,45.605,45.75,53.708,66.626,73.423,126.32,-9999.0,-9999.0,-9999.0,-9999.0,-9999.0
2000-12-01,11.433,28.975,34.11,37.775,39.531,41.841,43.527,42.548,42.015,42.3,41.136,40.857,39.43,39.912,40.37,40.092,39.205999999999996,39.459,39.219,38.494,38.255,36.629,61.028999999999996,113.77799999999999
2001-01-01,14.462,29.284000000000002,35.75,40.602,42.968999999999994,44.076,46.942,48.222,46.506,47.145,46.54,45.602,46.861999999999995,46.95,43.631,46.019,48.92,53.733999999999995,103.993,146.588,273.874,376.925,-9999.0,-9999.0
2001-02-01,25.344,34.194,38.45,42.757,45.813,42.413999999999994,48.388999999999996,47.505,46.242,50.303999999999995,50.023999999999994,51.207,53.119,50.233999999999995,50.015,53.556999999999995,47.968999999999994,47.785,67.905,45.925,52.956,59.20399999999999,78.255,148.444
2001-03-01,28.541999999999998,42.833,46.85,46.227,50.68899999999999,61.46,56.214,67.571,54.125,58.75,63.765,-9999.0,54.527,52.353,48.077,-9999.0,52.2,52.181999999999995,42.636,56.0,63.181999999999995,67.0,41.333,-9999.0
2001-04-01,28.205,41.55,46.463,47.632,48.745,53.979,60.846000000000004,60.521,57.093999999999994,55.288999999999994,56.945,59.718999999999994,60.045,66.21600000000001,62.391000000000005,67.741,77.977,75.34100000000001,134.436,248.96,331.12300000000005,438.45599999999996,261.694,430.14300000000003
2001-05-01,55.516999999999996,57.555,64.154,62.318000000000005,59.856,65.373,65.544,68.175,70.34100000000001,65.475,62.67,65.21300000000001,62.777,63.547,55.151,66.387,66.057,104.24600000000001,71.027,112.64299999999999,181.533,244.8,318.25,-9999.0
2001-06-01,35.473,46.232,53.598,51.661,55.558,54.972,64.024,58.702,50.492,63.082,75.271,73.242,64.312,67.973,70.259,71.101,73.956,80.293,72.118,59.849,94.603,227.465,234.0,389.81800000000004
2001-07-01,28.979,46.06399999999999,43.00899999999999,50.052,48.507,47.631,46.121,49.292,59.75899999999999,66.089,72.553,73.02199999999999,72.624,71.33,66.161,68.639,76.833,84.572,92.99,110.583,127.19,137.68,84.07700000000001,149.208
2001-08-01,41.048,53.275,53.411,58.14,56.351000000000006,62.368,59.575,53.976000000000006,59.373000000000005,68.5,67.529,61.348,57.68899999999999,67.0,65.516,57.891999999999996,57.964,61.11,64.3,86.209,96.426,119.898,75.468,-9999.0
2001-09-01,19.902,31.364,38.638000000000005,36.278,42.097,45.531000000000006,48.95,48.417,51.632,52.03,51.013000000000005,44.633,42.178999999999995,42.185,42.433,57.457,74.483,87.368,211.67700000000002,256.563,261.89799999999997,66.933,139.56,214.75
2001-10-01,20.495,33.793,40.080999999999996,41.163999999999994,40.113,43.816,50.02,45.47,44.868,48.61,45.221000000000004,44.746,39.135,40.855,39.915,45.383,46.895,50.461999999999996,55.74,59.977,68.0,65.01100000000001,64.62100000000001,93.609
2001-11-01,16.066,24.761,31.43,34.625,39.067,37.814,38.856,40.235,40.344,41.044,43.693000000000005,44.816,45.443999999999996,48.131,51.463,54.06,56.29600000000001,53.148999999999994,64.753,71.167,87.509,66.15100000000001,122.88600000000001,169.644
2001-12-01,18.862000000000002,27.254,31.555999999999997,34.288000000000004,39.113,40.271,40.448,40.922,41.173,41.934,42.615,45.178000000000004,49.68899999999999,53.931000000000004,51.826,59.083999999999996,72.458,71.24600000000001,74.234,115.868,114.691,146.898,217.52,250.028
2002-01-01,19.314,32.683,37.121,40.38,41.723,42.855,43.43,44.66,44.518,42.833,40.989,40.468,40.696999999999996,40.413000000000004,41.248000000000005,40.043,39.158,40.448,52.451,43.805,54.835,63.184,112.82,233.33
2002-02-01,23.511,34.576,38.466,42.161,43.772,43.912,43.943000000000005,45.446999999999996,44.928000000000004,49.059,47.257,46.727,49.907,52.568999999999996,55.261,55.809,62.923,73.721,73.767,105.53200000000001,169.03,64.936,171.378,246.324
2002-03-01,28.429000000000002,35.245,39.28,46.831,48.031000000000006,50.455,54.953,52.79,52.735,54.007,53.672,51.504,53.623999999999995,53.44,57.31,65.362,80.042,101.279,65.873,88.70299999999999,119.069,324.776,-9999.0,279.711
2002-04-01,44.294,48.869,50.045,54.3,56.7,65.3,65.61399999999999,86.256,94.469,98.62899999999999,91.60700000000001,110.676,162.876,198.638,194.68900000000002,226.75,303.1,362.289,461.912,530.289,588.705,-9999.0,-9999.0,-9999.0
2002-05-01,-9999.0,-9999.0,-9999.0,-9999.0,-9999.0,-9999.0,-9999.0,-9999.0,-9999.0,-9999.0,-9999.0,-9999.0,-9999.0,-9999.0,-9999.0,-9999.0,-9999.0,-9999.0,-9999.0,-9999.0,-9999.0,-9999.0,-9999.0,-9999.0
2002-06-01,-9999.0,-9999.0,-9999.0,-9999.0,-9999.0,-9999.0,-9999.0,-9999.0,-9999.0,-9999.0,-9999.0,-9999.0,-9999.0,-9999.0,-9999.0,-9999.0,-9999.0,-9999.0,-9999.0,-9999.0,-9999.0,-9999.0,-9999.0,-9999.0
2002-07-01,22.342,33.577,48.229,48.278999999999996,50.973,55.038000000000004,59.773999999999994,59.406000000000006,59.153999999999996,72.097,68.459,60.306000000000004,69.182,65.833,55.873000000000005,55.358000000000004,64.342,71.377,77.63600000000001,105.927,301.835,-9999.0,-9999.0,-9999.0
2002-08-01,33.427,48.773999999999994,58.581,63.763999999999996,62.782,62.595,65.987,71.093,65.551,63.297,66.667,67.571,69.329,67.343,69.029,68.095,70.77199999999999,73.60600000000001,122.774,148.495,166.612,61.0,103.947,116.571
2002-09-01,30.92,47.76,49.873999999999995,55.412,55.215,58.62,55.75,56.416000000000004,57.823,60.852,67.0,59.034,65.941,60.266000000000005,61.946000000000005,66.32,60.724,56.923,63.865,61.07899999999999,68.804,-9999.0,-9999.0,-9999.0
2002-10-01,13.725,27.394000000000002,37.583,39.961999999999996,41.216,43.433,45.5,45.299,48.294,47.107,47.408,48.766999999999996,48.075,48.372,48.286,47.258,49.675,51.076,49.833,61.042,77.42699999999999,80.304,49.773999999999994,47.6
2002-11-01,11.224,27.910999999999998,30.131999999999998,39.309,40.85,43.019,44.47,47.688,49.841,48.836000000000006,49.185,47.271,46.701,47.633,49.074,58.869,65.55,58.753,66.593,64.548,106.994,64.88600000000001,77.78,105.36399999999999
2002-12-01,-9999.0,-9999.0,-9999.0,-9999.0,-9999.0,-9999.0,-9999.0,-9999.0,-9999.0,-9999.0,-9999.0,-9999.0,-9999.0,-9999.0,-9999.0,-9999.0,-9999.0,-9999.0,-9999.0,-9999.0,-9999.0,-9999.0,-9999.0,-9999.0
2003-01-01,19.267,27.756999999999998,35.935,41.555,40.364000000000004,44.68600000000001,43.99,43.573,44.543,44.288999999999994,43.983999999999995,44.176,47.511,49.456,51.277,58.718,54.975,69.335,87.865,110.73899999999999,151.138,174.747,232.46900000000002,286.04900000000004
2003-02-01,17.613,32.379,39.705999999999996,44.778999999999996,45.39,45.665,45.443000000000005,45.625,44.938,44.867,46.181000000000004,45.63399999999999,45.769,45.96,44.692,46.169,51.946000000000005,56.528999999999996,63.107,66.277,95.54,83.37899999999999,58.196000000000005,78.127
2003-03-01,28.384,41.986000000000004,47.371,49.656000000000006,50.183,50.99100000000001,50.663000000000004,51.196999999999996,51.341,51.345,51.255,50.598,50.016999999999996,49.0,48.724,48.961999999999996,52.172,52.331,66.359,80.97,111.881,215.13299999999998,318.704,78.227
2003-04-01,36.657,41.895,47.243,48.411,50.768,54.717,56.5,58.72,59.295,57.946999999999996,59.611000000000004,61.295,61.611999999999995,61.64,59.562,62.98,72.337,74.945,79.0,97.598,129.36,155.034,193.28599999999997,-9999.0
2003-05-01,34.366,47.086000000000006,55.173,55.184,55.74100000000001,58.911,56.119,56.065,55.838,56.571999999999996,57.488,60.827,62.115,67.12,64.487,73.346,84.523,104.573,142.865,115.29899999999999,123.92299999999999,235.53400000000002,251.9,-9999.0
2003-06-01,35.544000000000004,60.723,64.311,64.569,62.909,61.12,57.988,53.673,61.576,71.54,66.358,68.729,64.846,60.857,57.051,58.163999999999994,58.756,58.644,62.405,59.476000000000006,61.976000000000006,82.385,-9999.0,-9999.0
2003-07-01,40.435,50.019,53.761,52.985,52.735,52.258,51.95399999999999,54.692,62.855,68.197,66.155,65.06,70.521,65.97800000000001,67.601,69.538,71.929,77.628,84.97399999999999,96.21799999999999,106.67299999999999,83.11399999999999,81.157,-9999.0
2003-08-01,62.681000000000004,66.418,68.414,68.711,67.11399999999999,62.398999999999994,63.282,64.73899999999999,69.206,71.145,69.954,70.957,68.839,73.442,75.282,74.818,71.42699999999999,75.553,76.322,125.914,77.896,73.024,84.84100000000001,-9999.0
2003-09-01,29.595,42.137,46.093,47.492,48.313,47.852,49.104,53.343999999999994,54.271,55.972,55.346000000000004,56.85,57.99,60.021,62.957,64.28699999999999,64.429,62.325,64.158,72.062,59.918,132.743,152.838,120.12899999999999
2003-10-01,17.323,26.281999999999996,37.268,41.488,43.86600000000001,46.453,46.419,48.975,49.022,49.833,49.101000000000006,49.306000000000004,50.838,49.82,50.32,51.888999999999996,54.903,69.257,79.928,101.51799999999999,100.65700000000001,69.862,58.53,-9999.0
2003-11-01,9.251,20.283,31.531999999999996,36.306,36.407,40.911,43.703,39.935,41.034,40.479,44.181000000000004,43.558,41.67100000000001,42.206,39.885,41.938,42.532,44.855,44.332,57.03,51.031000000000006,57.958999999999996,87.56,132.155
2003-12-01,13.993,27.256999999999998,34.515,39.321999999999996,38.549,38.973,40.268,42.104,41.7,41.328,41.485,40.751,43.603,48.18600000000001,57.394,59.886,65.947,68.861,66.057,82.845,68.277,111.056,174.517,174.06099999999998
2004-01-01,19.831,31.878,36.173,40.283,43.994,44.483000000000004,43.313,48.363,47.633,48.92100000000001,50.0,49.458,49.286,54.708,62.618,69.01100000000001,77.40100000000001,102.12100000000001,115.25,145.393,190.048,290.98900000000003,372.29699999999997,299.529
2004-02-01,18.389,34.754,39.123000000000005,41.629,45.983999999999995,47.676,48.548,46.93600000000001,45.681999999999995,45.19,46.188,48.961999999999996,49.54,50.442,51.875,53.801,59.972,65.527,84.90899999999999,144.476,41.576,53.368,92.75399999999999,210.312
2004-03-01,26.435,41.761,46.729,49.552,44.626000000000005,46.755,49.516000000000005,50.833,50.69,50.93,53.678999999999995,58.294,60.945,64.237,69.214,70.847,92.089,131.69799999999998,133.579,156.385,167.46,166.02,146.961,268.0
2004-04-01,27.135,40.106,44.882,49.957,54.848,52.085,56.488,55.982,61.67,65.111,66.5,61.858000000000004,60.949,64.722,66.503,81.791,121.82700000000001,165.97799999999998,157.82,212.715,457.05699999999996,332.0,610.9,532.2669999999999
2004-05-01,30.616,42.073,48.83,55.288999999999994,59.69,60.839,59.748999999999995,61.24,63.022,61.575,66.408,65.25399999999999,67.63600000000001,70.694,69.646,70.566,69.163,71.508,78.08800000000001,121.596,150.23,304.11400000000003,282.473,-9999.0
2004-06-01,32.475,40.72,49.129,47.708,48.258,49.368,53.372,54.151,56.746,60.022,62.481,63.93,62.63399999999999,66.165,70.002,72.192,76.601,98.81299999999999,104.09,155.26,117.637,499.7,-9999.0,-9999.0
2004-07-01,30.776999999999997,44.263999999999996,49.42,52.218999999999994,53.458999999999996,56.777,57.313,60.361000000000004,60.306999999999995,62.571999999999996,69.10600000000001,68.85600000000001,72.817,74.80199999999999,78.555,78.237,82.32799999999999,88.3,132.141,182.322,312.043,-9999.0,-9999.0,-9999.0
2004-08-01,29.089000000000002,46.056999999999995,54.596000000000004,56.787,57.287,62.927,60.541000000000004,63.281000000000006,64.711,66.562,67.35,68.634,68.632,72.514,79.75,86.035,91.874,97.31299999999999,110.712,110.49,157.1,115.0,74.0,-9999.0
2004-09-01,30.715,47.427,50.245,48.736999999999995,46.152,54.763000000000005,59.507,56.045,59.342,62.919,59.472,57.056999999999995,61.64,63.451,62.593999999999994,60.65,58.788999999999994,57.13399999999999,59.188,63.958999999999996,62.588,62.633,97.949,80.658
2004-10-01,24.340999999999998,37.12,40.858000000000004,45.336999999999996,49.942,49.12,53.651,53.407,48.31100000000001,49.586999999999996,48.238,49.261,49.422,52.287,53.653,56.8,61.275,64.995,74.798,87.46600000000001,43.075,38.071,110.7,-9999.0
2004-11-01,-9999.0,-9999.0,-9999.0,-9999.0,-9999.0,-9999.0,-9999.0,-9999.0,-9999.0,-9999.0,-9999.0,-9999.0,-9999.0,-9999.0,-9999.0,38.727,36.868,39.63,41.675,118.87299999999999,-9999.0,-9999.0,-9999.0,-9999.0
2004-12-01,-9999.0,-9999.0,-9999.0,-9999.0,-9999.0,-9999.0,35.591,38.375,38.778,34.5,38.3,40.885999999999996,43.537,44.74100000000001,44.765,44.558,44.216,47.418,54.324,59.393,40.795,57.303999999999995,91.46700000000001,136.29399999999998
2005-01-01,23.526999999999997,32.515,34.9,41.857,46.137,46.24,46.676,47.136,50.63,51.748000000000005,54.703,50.931999999999995,52.101000000000006,51.903,49.031000000000006,61.693999999999996,59.622,63.78,89.15799999999999,104.18,86.085,115.772,50.82,35.857
2005-02-01,-9999.0,-9999.0,-9999.0,-9999.0,-9999.0,-9999.0,-9999.0,-9999.0,-9999.0,-9999.0,-9999.0,-9999.0,43.0,44.167,66.14399999999999,71.946,96.522,123.02799999999999,141.162,177.815,198.72099999999998,50.4,-9999.0,-9999.0
2005-03-01,22.68,-9999.0,-9999.0,-9999.0,-9999.0,-9999.0,-9999.0,-9999.0,-9999.0,-9999.0,47.5,56.882,55.188,45.333,48.443999999999996,53.226000000000006,51.751999999999995,50.786,68.348,91.01799999999999,117.15700000000001,130.641,114.792,144.385
2005-04-01,-9999.0,-9999.0,-9999.0,-9999.0,-9999.0,-9999.0,-9999.0,-9999.0,-9999.0,-9999.0,-9999.0,-9999.0,-9999.0,-9999.0,-9999.0,-9999.0,-9999.0,-9999.0,-9999.0,-9999.0,-9999.0,-9999.0,-9999.0,-9999.0
2005-05-01,-9999.0,-9999.0,-9999.0,-9999.0,-9999.0,-9999.0,-9999.0,-9999.0,-9999.0,-9999.0,-9999.0,-9999.0,-9999.0,-9999.0,-9999.0,-9999.0,-9999.0,-9999.0,-9999.0,-9999.0,-9999.0,-9999.0,-9999.0,-9999.0
2005-06-01,-9999.0,-9999.0,-9999.0,-9999.0,-9999.0,-9999.0,-9999.0,-9999.0,-9999.0,-9999.0,-9999.0,-9999.0,-9999.0,-9999.0,-9999.0,-9999.0,-9999.0,-9999.0,-9999.0,-9999.0,-9999.0,-9999.0,-9999.0,-9999.0
2005-07-01,-9999.0,-9999.0,-9999.0,-9999.0,-9999.0,-9999.0,-9999.0,-9999.0,-9999.0,-9999.0,-9999.0,-9999.0,-9999.0,-9999.0,-9999.0,-9999.0,-9999.0,-9999.0,-9999.0,-9999.0,-9999.0,-9999.0,-9999.0,-9999.0
2005-08-01,-9999.0,-9999.0,-9999.0,-9999.0,-9999.0,-9999.0,-9999.0,-9999.0,-9999.0,-9999.0,-9999.0,-9999.0,-9999.0,-9999.0,-9999.0,-9999.0,-9999.0,-9999.0,-9999.0,-9999.0,-9999.0,-9999.0,-9999.0,-9999.0
2005-09-01,-9999.0,-9999.0,-9999.0,-9999.0,-9999.0,-9999.0,-9999.0,-9999.0,-9999.0,-9999.0,-9999.0,-9999.0,-9999.0,-9999.0,-9999.0,-9999.0,-9999.0,-9999.0,-9999.0,-9999.0,-9999.0,-9999.0,-9999.0,-9999.0
2005-10-01,-9999.0,-9999.0,-9999.0,-9999.0,-9999.0,-9999.0,-9999.0,-9999.0,-9999.0,-9999.0,-9999.0,-9999.0,-9999.0,-9999.0,-9999.0,-9999.0,-9999.0,-9999.0,-9999.0,-9999.0,-9999.0,-9999.0,-9999.0,-9999.0
2005-11-01,17.992,28.135,34.192,37.492,41.656000000000006,43.141999999999996,43.735,45.995,47.768,48.648999999999994,48.903,48.131,48.131,50.226000000000006,54.94,62.078,73.88,77.928,80.495,99.583,122.37799999999999,89.021,92.852,167.40200000000002
2005-12-01,15.635,26.91,32.678000000000004,37.876,38.448,41.471000000000004,44.178999999999995,47.013999999999996,47.367,46.338,47.641000000000005,47.45399999999999,48.792,50.427,50.605,52.661,56.236000000000004,60.458999999999996,75.994,71.169,146.16899999999998,86.257,88.976,148.066
2006-01-01,21.961,31.67,38.258,43.111999999999995,44.695,47.18,49.293,49.005,50.07,50.126000000000005,49.854,50.178000000000004,50.839,52.162,53.333,57.498999999999995,67.408,79.497,81.021,82.321,123.876,128.363,66.04899999999999,245.0
2006-02-01,26.081999999999997,31.954,33.595,42.688,47.207,46.58,48.416000000000004,51.121,50.195,49.861999999999995,48.733999999999995,48.955,53.843,50.338,49.471000000000004,51.141999999999996,57.858999999999995,73.077,62.776,79.035,113.101,106.51100000000001,145.918,147.525
2006-03-01,33.883,40.99,43.744,45.59,46.076,48.276,50.273999999999994,51.64,53.99100000000001,60.188,59.778999999999996,60.287,55.953,57.361999999999995,66.766,69.938,100.21799999999999,110.566,156.859,194.933,273.503,329.353,542.5,-9999.0
2006-04-01,31.845,46.113,50.626000000000005,51.068999999999996,55.975,57.303000000000004,58.284,64.525,68.407,64.457,61.857,64.63600000000001,63.20399999999999,69.825,72.137,65.033,72.699,111.861,139.668,157.516,149.368,276.25,86.926,99.273
2006-05-01,28.644000000000002,38.75,44.37,52.506,56.507,59.851000000000006,59.526,55.693999999999996,49.931000000000004,54.533,52.288000000000004,50.816,46.148999999999994,51.375,59.45,59.02,59.032,57.461000000000006,62.244,168.90400000000002,-9999.0,-9999.0,-9999.0,-9999.0
2006-06-01,44.871,54.418,54.931999999999995,57.605,58.157,62.863,62.09,59.379,61.351000000000006,60.729,62.708999999999996,62.403999999999996,60.599,62.849,64.895,68.15,73.801,80.575,84.40299999999999,100.56299999999999,110.819,103.45,166.722,265.85200000000003
2006-07-01,42.714,54.898999999999994,60.442,60.961999999999996,62.376999999999995,63.516000000000005,63.754,64.568,69.06,73.291,75.643,78.384,79.55,86.52799999999999,90.94200000000001,77.678,75.517,74.77199999999999,71.793,89.618,78.166,-9999.0,-9999.0,-9999.0
2006-08-01,23.224,34.603,41.82899999999999,45.411,49.86,49.927,52.653999999999996,55.886,59.461999999999996,56.55,59.42100000000001,59.698,61.152,67.595,73.767,73.264,68.827,83.77,127.17299999999999,146.201,117.22200000000001,177.364,231.429,-9999.0
2006-09-01,23.648000000000003,35.826,42.284,46.976000000000006,41.129,43.70399999999999,43.466,45.018,47.248000000000005,49.611000000000004,49.32899999999999,45.515,51.357,53.12,52.442,54.833,57.876999999999995,61.016000000000005,66.11,59.43,60.552,57.213,86.053,305.75
2006-10-01,23.17,31.296,38.226,42.99100000000001,46.313,42.812,42.928000000000004,43.415,45.103,47.198,49.028999999999996,49.438,49.92,48.411,48.766999999999996,48.25899999999999,49.369,51.398999999999994,63.442,87.66,91.226,69.921,85.63600000000001,119.069
2006-11-01,21.156,31.763,36.769,42.019,44.418,45.052,45.123999999999995,45.793,46.608000000000004,47.42100000000001,48.703,49.266999999999996,48.351000000000006,49.565,50.285,50.707,50.832,50.98,59.602,68.122,59.81,111.319,111.25200000000001,121.723
2006-12-01,21.013,30.489,35.728,39.102,41.178000000000004,42.648999999999994,42.678999999999995,43.02,41.625,41.0,42.098,41.852,40.996,44.24100000000001,44.885,44.70399999999999,46.983999999999995,49.678999999999995,55.568999999999996,71.303,104.49,53.99100000000001,82.71799999999999,116.973
2007-01-01,23.191,30.287,34.11,36.218,39.062,43.033,45.336000000000006,43.552,43.165,42.3,41.70399999999999,40.516,41.618,41.79,41.373000000000005,43.233999999999995,53.287,60.699,79.608,80.368,88.64299999999999,83.615,89.044,115.92399999999999
2007-02-01,25.186999999999998,30.318,37.339,42.562,43.25899999999999,44.42,43.552,44.318000000000005,45.316,46.251999999999995,46.805,47.016000000000005,50.178999999999995,53.717,48.335,47.833999999999996,48.351000000000006,49.955,52.57899999999999,103.891,43.208999999999996,49.917,58.652,36.75
2007-03-01,32.964,39.084,40.104,41.8,43.297,42.883,45.0,46.667,47.65,48.937,48.395,47.806000000000004,46.126999999999995,42.568999999999996,42.19,43.49,45.636,59.605,69.727,74.855,130.679,119.229,257.224,276.932
2007-04-01,36.376,52.315,55.667,52.132,53.643,50.393,44.11600000000001,53.971000000000004,55.0,54.511,55.098,57.56,56.756,61.136,56.693999999999996,53.533,55.958999999999996,55.032,58.39,55.75,52.342,49.306999999999995,53.217,62.393
2007-05-01,30.924,40.92,43.422,45.857,46.663000000000004,48.723,50.835,53.183,55.613,59.663000000000004,61.468999999999994,66.429,65.98100000000001,66.884,69.82600000000001,76.804,72.47,75.173,82.09899999999999,73.798,185.03799999999998,225.21900000000002,310.615,450.911
2007-06-01,23.396,38.178000000000004,43.133,45.333,49.17,50.809,51.615,59.461999999999996,57.68600000000001,59.92,62.652,64.373,70.413,62.893,69.699,82.25200000000001,88.208,109.723,114.64,177.43200000000002,105.51799999999999,105.84299999999999,284.65,219.125
2007-07-01,22.747,31.566,36.209,39.426,42.527,42.153999999999996,43.548,50.28,53.61600000000001,54.61,53.953,56.858000000000004,62.393,64.986,65.615,71.712,76.872,79.934,105.73100000000001,166.083,257.381,320.894,365.599,377.125
2007-08-01,31.745,41.123000000000005,43.869,44.13399999999999,51.047,49.843,50.468999999999994,56.728,63.405,64.513,68.07,72.235,65.663,67.89699999999999,67.488,64.124,58.463,63.873999999999995,69.37899999999999,80.488,81.265,65.7,108.0,151.636
2007-09-01,22.146,29.377,33.571999999999996,33.815,37.093,42.455,42.457,52.27,57.483999999999995,52.618,60.708,66.423,70.778,64.387,60.748000000000005,61.111999999999995,71.339,76.479,81.112,105.22,168.567,51.828,71.155,102.14299999999999
2007-10-01,31.866999999999997,32.061,35.067,45.038000000000004,47.085,50.702,48.906000000000006,52.071000000000005,53.643,51.074,49.5,52.044,57.364,59.735,56.571000000000005,58.852,55.873000000000005,54.573,52.183,54.575,107.98299999999999,72.635,137.067,149.86700000000002
2007-11-01,20.785999999999998,30.506999999999998,36.801,37.921,43.005,52.004,43.992,44.623999999999995,44.739,42.417,46.946999999999996,49.159,46.496,45.303000000000004,47.148999999999994,45.306000000000004,41.413999999999994,42.413999999999994,47.229,53.17100000000001,54.979,81.28399999999999,106.32600000000001,74.283
2007-12-01,23.656,31.651999999999997,39.222,42.762,44.886,44.781000000000006,44.099,46.248999999999995,43.869,45.178999999999995,44.068000000000005,45.251000000000005,44.93899999999999,46.482,46.931999999999995,48.193000000000005,47.101000000000006,47.443999999999996,48.867,66.892,72.885,129.721,141.554,170.167
2008-01-01,21.537,30.261,36.063,38.876,39.289,40.975,42.333,42.967,42.661,42.417,41.70399999999999,43.406000000000006,42.331,41.823,41.665,42.843999999999994,51.45,63.481,65.32,78.52,129.539,90.891,119.902,164.27599999999998
2008-02-01,28.36,37.425,39.936,40.341,42.69,43.026,44.431999999999995,49.066,49.828,48.43,47.215,47.783,49.044,49.038000000000004,47.078,46.633,48.227,52.747,59.133,87.48700000000001,101.08,101.10700000000001,174.11900000000003,219.3
2008-03-01,27.185,35.041,38.246,41.448,42.674,44.42100000000001,43.458,45.39,48.882,50.277,56.111999999999995,59.0,67.34899999999999,71.815,83.34899999999999,93.825,117.679,144.093,160.05100000000002,301.784,280.103,298.42900000000003,370.75,414.05300000000005
2008-04-01,26.296,33.391,37.45,31.211,45.364,49.7,52.885,58.176,59.428999999999995,58.475,57.733000000000004,58.727,60.727,58.833,58.3,61.438,60.083,62.9,124.455,240.5,427.31,417.039,356.375,364.714
2008-05-01,31.0,38.28,50.31399999999999,51.266999999999996,49.718999999999994,53.082,55.417,55.31100000000001,57.661,58.521,60.928999999999995,65.33800000000001,79.458,76.87,59.949,61.949,57.354,61.695,68.86,78.325,63.903999999999996,53.758,-9999.0,-9999.0
2008-06-01,36.496,42.511,50.153,56.082,55.626999999999995,61.753,62.766000000000005,58.062,60.667,63.6,74.238,71.697,70.115,74.494,81.852,86.991,85.887,86.895,85.51799999999999,114.324,-9999.0,-9999.0,-9999.0,-9999.0
2008-07-01,34.128,42.548,49.361999999999995,43.816,43.583999999999996,49.674,50.345,50.842,56.193000000000005,60.343,58.621,68.57,67.402,67.546,71.253,70.553,79.544,81.095,90.757,90.415,125.288,124.493,173.209,167.232
2008-08-01,30.430999999999997,38.054,40.538000000000004,42.15,43.979,46.968,45.50899999999999,52.12,56.495,60.706,60.883,60.751000000000005,56.825,60.465,63.338,66.387,69.14399999999999,67.035,73.658,75.668,99.40299999999999,182.636,196.421,296.4
2008-09-01,24.255,34.846,40.021,41.146,44.888999999999996,48.937,52.083,51.955,56.655,47.888999999999996,49.71,52.53,53.056000000000004,56.167,52.702,57.931999999999995,58.398,54.481,70.778,64.812,53.258,64.893,122.4,152.714
2008-10-01,20.796999999999997,30.596999999999998,34.78,38.866,43.681999999999995,44.077,44.995,45.534,45.443000000000005,49.391999999999996,42.361999999999995,43.093,44.663000000000004,45.09,43.858000000000004,43.543,42.718,46.378,53.838,77.258,54.226000000000006,51.29,58.816,72.252
2008-11-01,21.669,26.796,33.989000000000004,35.592,41.952,41.417,41.553000000000004,41.318000000000005,42.075,41.711999999999996,42.75899999999999,44.93899999999999,46.916000000000004,49.723,54.021,56.228,64.105,78.05,71.292,88.866,121.55799999999999,119.257,90.741,163.977
2008-12-01,19.477,26.081999999999997,33.349000000000004,37.721,38.403,40.387,41.011,43.052,43.013999999999996,42.687,45.183,43.317,41.838,41.278,41.504,43.18899999999999,46.516000000000005,57.293,72.899,78.50399999999999,98.061,92.23200000000001,91.53299999999999,86.42299999999999
2009-01-01,21.131999999999998,36.926,41.4,42.09,44.75,44.526,44.263999999999996,44.42100000000001,44.178999999999995,44.269,44.81100000000001,44.748000000000005,45.458,49.103,53.413999999999994,57.957,64.248,65.875,79.135,105.035,160.659,149.734,165.422,165.562
2009-02-01,21.796,26.264,32.955,39.063,44.315,47.74100000000001,46.946000000000005,49.531000000000006,50.663999999999994,52.071000000000005,52.232,48.29,48.078,49.858999999999995,51.02,53.543,57.973,76.903,111.831,135.655,234.15200000000002,86.897,225.667,293.195
2009-03-01,27.228,36.488,45.256,49.556000000000004,52.176,49.74100000000001,53.68,57.828,54.051,50.705,52.86600000000001,55.45,52.254,53.735,52.817,48.608000000000004,53.177,51.655,47.042,51.283,104.948,55.498999999999995,98.792,168.24
2009-04-01,41.732,46.146,51.446999999999996,53.43,54.861000000000004,54.71,58.328,58.506,59.11600000000001,59.74,63.013999999999996,63.4,62.303999999999995,61.693999999999996,62.328,69.882,70.87899999999999,86.152,94.495,114.354,136.703,383.125,458.667,398.538
2009-05-01,35.371,43.388000000000005,47.427,49.628,53.042,54.461999999999996,55.958999999999996,59.371,58.365,53.071999999999996,54.832,58.428999999999995,58.898999999999994,63.486999999999995,68.32300000000001,64.545,71.416,79.362,107.544,107.649,123.95299999999999,106.57600000000001,401.667,169.645
2009-06-01,32.466,40.535,45.393,46.161,49.266999999999996,52.64,56.948,57.876999999999995,59.068000000000005,60.086000000000006,58.86600000000001,59.31100000000001,59.919,63.06100000000001,66.131,69.964,76.997,87.889,119.512,145.273,312.547,147.879,206.547,350.27
2009-07-01,25.177,33.882,39.808,41.872,42.711000000000006,45.43600000000001,45.808,53.511,54.361000000000004,54.44,59.293,61.32,63.341,66.63600000000001,67.212,69.249,69.992,74.66199999999999,81.262,99.33200000000001,127.338,128.60399999999998,108.324,223.40900000000002
2009-08-01,21.462,32.286,41.638000000000005,40.491,42.736000000000004,50.495,46.855,57.674,58.42100000000001,58.69,56.816,58.77,58.86600000000001,54.24,57.007,55.398,55.083999999999996,57.479,67.306,71.39,88.40299999999999,129.407,56.933,57.167
2009-09-01,25.978,35.414,45.343999999999994,44.206,44.256,47.65,49.386,50.11,51.176,51.295,53.992,53.788000000000004,56.472,59.332,57.871,58.364,56.211000000000006,63.045,78.153,83.155,112.35,90.147,73.846,94.045
2009-10-01,35.125,35.2,36.375,-9999.0,35.667,42.333,45.6,48.833,47.571000000000005,50.25,49.286,67.429,67.333,56.25,52.778,46.833,47.625,45.118,44.946000000000005,-9999.0,-9999.0,-9999.0,-9999.0,-9999.0
2009-11-01,15.357000000000001,29.208000000000002,32.931999999999995,37.571,38.018,39.114000000000004,41.81399999999999,44.723,43.272,43.917,45.221000000000004,45.123000000000005,46.105,46.773999999999994,43.312,43.227,44.575,47.461999999999996,62.33,67.28,92.71600000000001,44.133,45.143,-9999.0
2009-12-01,11.412,25.548000000000002,32.821999999999996,35.14,38.42,40.976000000000006,40.172,41.058,41.17,43.211000000000006,43.705,46.808,49.817,51.178000000000004,50.043,51.733999999999995,53.891999999999996,57.645,70.89699999999999,94.603,108.741,213.09400000000002,273.658,322.8
2010-01-01,22.7,27.733,35.226,36.952,35.846,36.231,36.714,37.933,38.308,40.667,39.056,46.188,43.158,46.428999999999995,53.2,61.933,85.40899999999999,74.714,66.294,101.97399999999999,-9999.0,-9999.0,-9999.0,-9999.0
2010-02-01,24.77,37.098,41.778,45.625,47.553999999999995,50.398,52.455,51.309,54.99,51.464,50.56,50.924,54.191,55.161,57.559,64.622,75.63600000000001,86.818,78.97,104.36200000000001,116.617,176.47099999999998,296.343,296.786
2010-03-01,-9999.0,-9999.0,-9999.0,-9999.0,-9999.0,-9999.0,-9999.0,-9999.0,-9999.0,-9999.0,-9999.0,-9999.0,-9999.0,-9999.0,-9999.0,-9999.0,-9999.0,-9999.0,-9999.0,-9999.0,-9999.0,-9999.0,-9999.0,-9999.0
2010-04-01,-9999.0,-9999.0,-9999.0,-9999.0,-9999.0,-9999.0,-9999.0,-9999.0,-9999.0,-9999.0,-9999.0,-9999.0,-9999.0,-9999.0,-9999.0,-9999.0,-9999.0,-9999.0,-9999.0,-9999.0,-9999.0,-9999.0,-9999.0,-9999.0
2010-05-01,-9999.0,-9999.0,-9999.0,-9999.0,-9999.0,-9999.0,-9999.0,-9999.0,-9999.0,-9999.0,-9999.0,-9999.0,-9999.0,-9999.0,-9999.0,-9999.0,-9999.0,-9999.0,-9999.0,-9999.0,-9999.0,-9999.0,-9999.0,-9999.0
2010-06-01,-9999.0,-9999.0,-9999.0,-9999.0,-9999.0,-9999.0,-9999.0,-9999.0,-9999.0,-9999.0,-9999.0,-9999.0,-9999.0,-9999.0,-9999.0,-9999.0,-9999.0,-9999.0,-9999.0,-9999.0,-9999.0,-9999.0,-9999.0,-9999.0
2010-07-01,-9999.0,-9999.0,-9999.0,-9999.0,-9999.0,-9999.0,-9999.0,-9999.0,-9999.0,-9999.0,-9999.0,-9999.0,-9999.0,-9999.0,-9999.0,-9999.0,-9999.0,-9999.0,-9999.0,-9999.0,-9999.0,-9999.0,-9999.0,-9999.0
2010-08-01,-9999.0,-9999.0,-9999.0,-9999.0,-9999.0,-9999.0,-9999.0,-9999.0,-9999.0,-9999.0,-9999.0,-9999.0,-9999.0,-9999.0,-9999.0,-9999.0,-9999.0,-9999.0,-9999.0,-9999.0,-9999.0,-9999.0,-9999.0,-9999.0
2010-09-01,17.055999999999997,31.951,45.091,46.193999999999996,45.273,49.385,51.06399999999999,51.192,58.133,70.657,91.02600000000001,87.62200000000001,82.62200000000001,72.415,72.615,50.217,50.295,57.775,68.295,117.459,-9999.0,-9999.0,-9999.0,-9999.0
2010-10-01,17.88,31.749000000000002,40.115,41.335,44.585,42.323,48.58,51.641000000000005,50.81,53.023,53.481,53.678999999999995,55.538999999999994,59.206,61.648,61.818999999999996,70.242,86.96799999999999,116.95100000000001,120.156,52.857,67.905,85.611,85.2
2010-11-01,16.903,24.188000000000002,30.829,33.236,35.343,38.014,42.04600000000001,45.568000000000005,44.17100000000001,44.973,45.48,47.25,46.75,48.74,50.516000000000005,53.908,54.63,59.586000000000006,76.67699999999999,112.962,122.366,138.2,176.158,184.90900000000002
2010-12-01,24.575,32.792,37.143,41.701,44.568999999999996,44.133,44.696000000000005,47.066,48.148,49.173,52.13,52.986000000000004,56.552,66.863,84.045,76.273,73.645,77.432,86.85,92.524,117.199,283.254,238.986,204.889
2011-01-01,20.756,34.064,38.806999999999995,44.836000000000006,47.32899999999999,47.215,47.393,47.398,49.835,48.897,50.32,51.976000000000006,53.507,52.343999999999994,53.657,54.951,57.722,63.893,80.03699999999999,77.563,92.914,147.829,249.56,335.505
2011-02-01,20.65,33.891,40.586999999999996,45.062,45.941,47.931999999999995,48.291000000000004,48.50899999999999,50.123000000000005,51.909,48.066,47.846000000000004,51.284,52.282,50.841,53.563,60.075,63.006,67.188,66.741,88.99600000000001,75.098,119.99600000000001,226.093
2011-03-01,32.861999999999995,40.223,47.132,50.163000000000004,53.87,55.181999999999995,56.063,55.123999999999995,56.523,57.28,55.945,55.472,54.644,56.971000000000004,57.122,56.852,56.14,58.589,58.099,61.843999999999994,64.493,71.836,124.32700000000001,224.44799999999998
2011-04-01,28.538,40.508,43.99100000000001,47.544,48.97,47.117,48.217,54.49,56.908,59.86600000000001,61.373000000000005,59.879,55.076,56.97,67.789,64.885,70.321,76.429,88.973,114.272,102.684,241.93200000000002,219.442,254.0
2011-05-01,49.24,56.466,53.221000000000004,55.505,53.865,51.75899999999999,53.681000000000004,54.262,56.458,60.08,52.953,57.305,65.393,69.28399999999999,76.038,78.079,84.63799999999999,89.613,76.28,80.374,84.694,159.866,176.296,237.45
2011-06-01,40.614000000000004,46.299,48.38399999999999,50.935,49.707,53.007,52.773999999999994,56.648999999999994,56.923,60.997,62.71,64.667,67.796,70.933,86.919,93.49700000000001,98.34100000000001,104.16799999999999,117.36,161.203,194.169,150.36700000000002,133.19799999999998,213.57
2011-07-01,34.111999999999995,41.045,43.918,46.653,48.809,50.465,50.941,56.793,61.763000000000005,64.774,68.689,69.366,74.196,76.548,83.02,90.10799999999999,100.66,118.521,122.43799999999999,146.858,218.361,216.007,188.61599999999999,212.729
2011-08-01,32.787,40.995,41.538999999999994,40.711,41.718999999999994,46.151,47.019,51.04600000000001,53.887,57.126000000000005,61.501000000000005,65.699,63.331,64.778,67.058,77.281,80.723,88.175,96.307,119.4,140.735,299.606,278.915,235.36599999999999
2011-09-01,29.228,39.861999999999995,42.589,43.82,44.763999999999996,51.269,50.979,50.961000000000006,52.097,56.342,56.549,57.997,60.435,66.547,64.384,72.085,63.942,61.387,55.861999999999995,66.44,57.911,98.73200000000001,61.533,70.182
2011-10-01,21.879,31.445999999999998,38.872,39.256,44.761,44.461000000000006,44.78,48.62,48.47,49.026,49.55,49.089,50.732,53.717,57.184,56.781000000000006,61.818999999999996,64.191,64.14399999999999,95.723,74.068,110.962,135.514,216.252
2011-11-01,13.09,39.652,48.37,46.923,48.933,52.739,51.993,50.853,52.65,49.406000000000006,50.13,49.99,50.646,49.525,48.06,50.121,51.558,49.854,52.45,65.355,55.88399999999999,69.26100000000001,92.605,74.667
2011-12-01,21.599,31.819000000000003,34.955999999999996,36.724000000000004,38.650999999999996,41.361000000000004,42.333999999999996,44.224,43.393,44.385,44.693999999999996,45.291000000000004,46.67,49.818000000000005,53.465,63.165,66.683,84.072,117.977,114.635,145.0,94.29700000000001,60.812,44.519
2012-01-01,-9999.0,-9999.0,-9999.0,-9999.0,-9999.0,-9999.0,-9999.0,-9999.0,-9999.0,-9999.0,-9999.0,-9999.0,-9999.0,-9999.0,-9999.0,-9999.0,-9999.0,-9999.0,-9999.0,-9999.0,-9999.0,-9999.0,-9999.0,-9999.0
2012-02-01,18.283,30.041999999999998,35.586,41.799,41.507,42.31,42.675,43.766000000000005,45.486000000000004,45.242,44.023999999999994,45.855,45.36600000000001,45.123000000000005,47.332,53.196000000000005,62.117,68.343,77.035,85.62700000000001,97.35799999999999,139.32,104.309,174.98
2012-03-01,28.614,40.406,42.445,44.864,47.353,47.742,48.382,49.037,50.567,50.36600000000001,52.88,52.468,53.773999999999994,53.996,52.854,58.216,56.185,58.971000000000004,63.975,64.52600000000001,85.12799999999999,123.476,171.333,319.594
2012-04-01,30.515,44.216,47.996,51.758,53.806000000000004,53.739,54.887,55.895,55.482,57.317,58.352,59.747,60.95399999999999,64.157,61.053000000000004,74.027,83.66799999999999,105.881,156.963,150.42600000000002,213.408,-9999.0,471.476,455.57099999999997
2012-05-01,38.25,46.898999999999994,48.957,51.891999999999996,58.976000000000006,53.771,50.457,52.523,54.292,54.419,56.185,58.418,62.058,64.642,68.027,65.56,86.579,162.47,137.957,183.166,197.263,81.8,74.75,78.222
2012-06-01,-9999.0,-9999.0,-9999.0,-9999.0,-9999.0,-9999.0,-9999.0,-9999.0,-9999.0,-9999.0,-9999.0,-9999.0,-9999.0,-9999.0,-9999.0,-9999.0,-9999.0,-9999.0,-9999.0,-9999.0,-9999.0,-9999.0,-9999.0,-9999.0
2012-07-01,37.911,46.922,56.74100000000001,50.15,51.342,44.93899999999999,48.827,52.608999999999995,53.305,61.611000000000004,66.85,65.959,72.836,76.126,77.51100000000001,84.509,98.10600000000001,115.41,178.293,133.30200000000002,196.078,186.107,260.347,332.526
2012-08-01,42.576,48.613,52.074,42.77,47.133,45.753,49.577,52.763000000000005,55.33,56.777,61.67,62.505,66.227,66.594,63.50899999999999,69.257,77.905,81.214,93.175,99.955,118.891,153.352,78.02,82.53399999999999
2012-09-01,31.405,42.525,54.161,51.0,45.68899999999999,54.373000000000005,61.667,57.4,53.021,54.199,54.193000000000005,54.386,55.192,56.351000000000006,61.693000000000005,61.006,61.06399999999999,61.102,61.68,73.835,83.569,95.387,98.935,75.111
2012-10-01,15.667,32.733000000000004,31.164,37.87,39.802,42.033,40.631,45.443000000000005,46.161,46.68,46.318999999999996,45.79,46.903,50.446000000000005,53.38,57.383,61.248000000000005,64.697,78.444,74.189,97.90899999999999,145.8,163.2,156.333
2012-11-01,12.557,28.478,40.465,41.503,42.49100000000001,44.828,44.809,45.82899999999999,46.56399999999999,45.995,46.836999999999996,47.318999999999996,46.748999999999995,49.394,45.106,47.5,45.408,53.662,50.895,71.732,57.863,61.961999999999996,173.69799999999998,103.647
2012-12-01,17.069000000000003,30.348000000000003,33.631,36.066,39.385,43.263999999999996,43.527,44.873000000000005,44.708,45.562,44.81,45.167,44.591,46.052,47.293,51.785,53.471000000000004,61.777,82.36399999999999,104.177,119.93299999999999,152.711,197.178,227.105
2013-01-01,14.629000000000001,21.904,32.794000000000004,40.657,41.466,41.396,44.071000000000005,44.976000000000006,46.583999999999996,47.037,48.391999999999996,49.361000000000004,49.226000000000006,49.158,52.943000000000005,58.516000000000005,69.233,74.946,73.286,103.851,120.765,142.985,186.54,302.83799999999997
2013-02-01,17.648,24.903000000000002,34.635,39.025999999999996,37.306999999999995,38.329,43.327,40.031,44.324,43.165,42.0,44.053999999999995,42.736999999999995,45.333,47.354,52.598,55.092,60.559,101.20200000000001,116.431,69.696,111.96600000000001,-9999.0,-9999.0
2013-03-01,28.739,38.204,45.586999999999996,47.793,51.424,51.512,50.548,52.188,54.953,56.986999999999995,58.163000000000004,57.757,58.065,56.667,60.5,64.357,75.62899999999999,99.465,125.559,95.738,138.202,469.19,551.053,567.3330000000001
2013-04-01,30.236,39.945,45.532,46.923,46.946000000000005,47.701,48.898999999999994,54.431999999999995,54.655,55.82,55.828,59.165,60.56100000000001,63.141999999999996,69.15100000000001,66.452,63.813,67.518,78.957,99.501,143.192,336.43199999999996,-9999.0,-9999.0
2013-05-01,35.571,42.585,43.736000000000004,50.465,52.135,55.161,55.352,55.493,58.144,59.934,61.76,69.061,66.90100000000001,68.818,71.282,82.945,95.956,121.04899999999999,151.685,212.50599999999997,203.295,340.70300000000003,391.148,540.25
2013-06-01,35.407,42.019,44.093,47.403,51.489,52.236999999999995,57.157,55.63,56.458999999999996,58.196999999999996,56.952,62.019,66.525,71.289,71.09,74.142,71.60600000000001,79.222,80.87899999999999,109.169,157.047,241.239,417.30300000000005,255.80599999999998
2013-07-01,46.635,53.771,52.041000000000004,52.763000000000005,51.997,53.917,56.14,58.268,60.298,61.318999999999996,64.062,62.61,64.28,73.369,73.135,72.993,74.867,80.99,81.044,89.395,115.09200000000001,217.355,93.322,125.56700000000001
2013-08-01,36.736,43.754,47.177,49.378,47.643,47.963,49.68600000000001,52.931999999999995,58.168,60.861999999999995,62.218999999999994,61.496,59.858000000000004,63.466,63.758,68.64399999999999,73.068,71.192,74.91,80.477,167.03099999999998,174.2,298.481,326.9
2013-09-01,19.742,28.375,36.569,41.5,43.714,50.333,56.723,56.308,60.22,60.222,56.711000000000006,62.708,60.06100000000001,58.236999999999995,63.937,67.494,68.359,63.053000000000004,63.75,75.455,144.25799999999998,254.729,92.167,113.118
2013-10-01,13.030999999999999,34.053000000000004,39.716,40.272,43.598,43.473,42.641999999999996,45.14,44.898999999999994,44.545,44.802,48.036,47.1,48.285,50.937,49.508,48.735,57.183,66.063,76.883,49.266000000000005,57.549,82.045,116.167
2013-11-01,17.962,25.476,34.207,40.02,46.93899999999999,47.702,47.176,49.548,48.086000000000006,43.74100000000001,41.745,43.863,42.923,41.974,45.728,48.118,48.43,46.803000000000004,47.68,83.09100000000001,82.147,159.553,177.68400000000003,176.343
2013-12-01,17.177,35.259,41.011,42.825,44.961999999999996,44.534,46.398,47.473,47.724,46.565,46.17100000000001,46.53,47.428000000000004,49.677,47.625,49.978,54.168,55.102,86.13799999999999,63.346000000000004,75.688,62.388999999999996,76.944,112.08
2014-01-01,20.863000000000003,31.119,38.324,43.258,45.637,46.422,49.066,49.922,49.733999999999995,48.221000000000004,48.467,48.601000000000006,48.075,48.465,49.306000000000004,57.708,61.38,68.627,67.991,90.024,98.449,185.685,154.02700000000002,207.868
2014-02-01,23.991999999999997,36.378,42.87,46.785,46.242,46.817,47.693000000000005,48.402,51.246,51.36,51.108999999999995,48.174,49.458999999999996,50.17,47.835,49.963,52.346000000000004,67.575,93.29899999999999,113.522,158.878,253.18400000000003,229.38099999999997,293.129
2014-03-01,25.811,38.567,44.5,50.033,50.03,51.308,51.105,54.965,54.698,53.119,53.765,52.562,53.378,55.191,54.395,55.172,59.169,57.815,63.266999999999996,61.852,58.681000000000004,82.397,192.709,247.923
2014-04-01,30.276,42.262,46.091,49.683,51.471000000000004,57.151,59.453,63.976000000000006,64.683,64.67699999999999,66.583,64.868,71.94,74.993,86.292,96.505,111.369,110.265,160.709,93.705,143.58,185.09900000000002,402.115,368.343
2014-05-01,37.244,45.922,45.943000000000005,53.655,53.397,54.306999999999995,55.478,52.946000000000005,57.336000000000006,60.045,63.251999999999995,63.692,61.846000000000004,62.716,67.842,95.405,96.47,66.905,69.051,83.568,93.089,348.996,335.33099999999996,379.85699999999997
2014-06-01,40.418,46.247,43.912,44.552,47.913000000000004,48.074,52.68,55.922,57.668,55.93600000000001,59.31,62.016999999999996,63.262,60.93600000000001,61.343999999999994,60.63,64.532,71.214,85.505,121.086,165.50400000000002,88.3,200.27599999999998,327.7
2014-07-01,45.68899999999999,52.483999999999995,56.213,62.47,63.693000000000005,57.196000000000005,59.637,63.012,62.5,63.99100000000001,70.593,68.05199999999999,69.956,69.60600000000001,70.80199999999999,79.265,97.296,109.14299999999999,106.295,106.306,152.747,156.975,118.706,144.783
2014-08-01,28.491999999999997,36.634,38.144,44.953,45.873000000000005,46.433,47.63,49.193999999999996,54.598,59.653,61.401,62.07,54.768,63.523999999999994,61.356,67.05199999999999,62.073,64.044,84.04899999999999,95.07799999999999,143.333,162.398,300.756,314.188
2014-09-01,60.333,-9999.0,53.571000000000005,55.636,55.5,48.455,56.3,53.833,53.0,59.292,60.6,65.467,63.0,60.556000000000004,60.056000000000004,62.435,88.24,78.194,83.26700000000001,85.488,83.934,86.25,106.06200000000001,135.429
2014-10-01,-9999.0,-9999.0,-9999.0,-9999.0,-9999.0,-9999.0,-9999.0,-9999.0,-9999.0,-9999.0,-9999.0,-9999.0,-9999.0,-9999.0,-9999.0,-9999.0,-9999.0,-9999.0,-9999.0,-9999.0,-9999.0,-9999.0,-9999.0,-9999.0
2014-11-01,-9999.0,-9999.0,-9999.0,-9999.0,-9999.0,-9999.0,-9999.0,-9999.0,-9999.0,-9999.0,-9999.0,-9999.0,-9999.0,-9999.0,-9999.0,-9999.0,-9999.0,-9999.0,-9999.0,-9999.0,-9999.0,-9999.0,-9999.0,-9999.0
2014-12-01,-9999.0,-9999.0,-9999.0,-9999.0,-9999.0,-9999.0,-9999.0,-9999.0,-9999.0,-9999.0,-9999.0,-9999.0,-9999.0,-9999.0,-9999.0,-9999.0,-9999.0,-9999.0,-9999.0,-9999.0,-9999.0,-9999.0,-9999.0,-9999.0
2015-01-01,-9999.0,-9999.0,-9999.0,-9999.0,-9999.0,-9999.0,-9999.0,-9999.0,-9999.0,-9999.0,-9999.0,-9999.0,-9999.0,-9999.0,-9999.0,-9999.0,-9999.0,-9999.0,-9999.0,-9999.0,-9999.0,-9999.0,-9999.0,-9999.0
2015-02-01,20.984,33.304,41.475,45.068000000000005,46.297,47.51,49.481,53.175,52.077,51.93,51.483999999999995,47.628,52.041000000000004,60.898999999999994,67.03399999999999,71.2,72.48100000000001,75.735,156.136,175.426,124.21700000000001,-9999.0,-9999.0,-9999.0
2015-03-01,28.162,35.878,41.761,46.629,50.895,51.897,48.828,56.0,50.525,52.966,59.763999999999996,57.016999999999996,69.111,57.901,63.174,67.012,98.883,143.51,223.547,233.18400000000003,253.715,323.70799999999997,248.553,264.02
2015-04-01,44.783,59.36600000000001,65.45100000000001,63.541000000000004,69.22800000000001,68.494,71.939,75.514,76.836,74.22399999999999,76.432,73.089,72.422,74.898,82.73,84.417,78.1,78.957,87.699,106.652,139.308,183.78599999999997,213.511,307.698
2015-05-01,35.446999999999996,50.106,58.376000000000005,58.361999999999995,66.594,75.792,77.91199999999999,77.75,83.493,95.914,117.291,107.583,119.699,83.59700000000001,77.61399999999999,77.181,85.154,84.725,96.74600000000001,107.69200000000001,158.014,287.768,302.133,366.029
2015-06-01,-9999.0,-9999.0,-9999.0,-9999.0,-9999.0,-9999.0,-9999.0,-9999.0,-9999.0,-9999.0,-9999.0,-9999.0,-9999.0,-9999.0,-9999.0,-9999.0,-9999.0,-9999.0,-9999.0,-9999.0,-9999.0,-9999.0,-9999.0,-9999.0
2015-07-01,51.111000000000004,50.358000000000004,46.745,52.49100000000001,59.766999999999996,59.665,60.156000000000006,59.388999999999996,68.5,70.859,78.824,80.91199999999999,82.053,72.043,73.616,74.226,82.927,84.005,89.03200000000001,97.551,144.88299999999998,136.507,178.47799999999998,139.082
2015-08-01,61.467,62.711999999999996,66.37899999999999,67.5,64.955,59.016999999999996,62.265,62.513000000000005,60.343999999999994,57.797,59.333,59.872,62.325,62.43899999999999,67.88,65.15899999999999,59.74100000000001,66.722,74.73899999999999,81.862,64.87899999999999,75.281,103.977,186.361
2015-09-01,39.629,39.773,41.617,42.688,43.812,47.242,48.074,52.082,55.167,52.736999999999995,52.935,57.047,58.688,65.226,56.034,53.86,60.08,77.885,130.953,99.262,113.925,144.24,166.27900000000002,223.2
2015-10-01,21.71,34.329,40.501999999999995,42.907,43.253,43.878,46.187,45.178999999999995,45.08,46.864,47.385,48.971000000000004,51.806999999999995,47.974,46.497,46.738,47.303000000000004,48.005,48.84,51.66,55.711999999999996,76.887,94.32600000000001,128.379
2015-11-01,17.679000000000002,30.748,38.308,40.117,42.136,43.886,44.857,47.297,49.312,47.111999999999995,46.42,47.512,46.223,48.608000000000004,47.68,46.861999999999995,48.739,47.661,54.101000000000006,62.043,76.237,73.819,106.816,150.441
2015-12-01,20.435,35.663000000000004,39.431,40.266,40.329,42.409,44.832,45.093,45.93899999999999,46.29600000000001,47.391999999999996,47.42100000000001,46.658,46.536,47.263999999999996,47.763999999999996,47.208,47.868,47.272,49.202,59.718,60.635,67.102,72.65100000000001
2016-01-01,24.284000000000002,36.012,41.31399999999999,41.508,43.508,44.666000000000004,45.107,47.803000000000004,48.897,49.291000000000004,48.461999999999996,49.145,48.885,49.873999999999995,51.055,53.375,66.971,74.762,84.331,105.291,127.20200000000001,152.107,206.093,260.176
2016-02-01,24.671999999999997,33.857,38.66,39.292,42.485,45.286,43.513999999999996,45.708999999999996,47.508,47.586999999999996,47.107,49.316,50.06399999999999,51.417,52.893,52.468999999999994,50.845,56.495,67.852,91.014,93.57799999999999,202.956,253.456,215.44799999999998
2016-03-01,27.980999999999998,42.83,44.773999999999994,47.43899999999999,51.545,49.653999999999996,51.01,51.326,57.771,61.667,58.108000000000004,59.038999999999994,58.924,59.176,64.04,70.146,76.08,83.66799999999999,101.109,171.88299999999998,248.424,240.942,365.655,424.671
2016-04-01,34.907,44.973,49.148999999999994,51.103,52.516999999999996,53.596000000000004,52.598,56.692,57.748000000000005,59.333999999999996,61.413999999999994,63.913000000000004,66.35600000000001,68.41199999999999,74.054,79.28399999999999,102.264,123.48899999999999,143.632,187.25900000000001,219.977,317.432,381.845,485.659
2016-05-01,42.907,51.548,53.9,54.464,57.785,60.041000000000004,64.815,71.429,74.796,74.741,71.264,73.23899999999999,73.291,75.258,74.161,78.714,76.575,83.75399999999999,88.934,111.84200000000001,138.35299999999998,202.734,283.466,231.637
2016-06-01,39.444,47.99100000000001,49.086000000000006,52.821999999999996,51.096000000000004,54.601000000000006,58.71,60.483000000000004,61.442,62.82899999999999,67.74600000000001,70.35,78.392,81.33800000000001,85.86200000000001,83.556,95.615,98.416,108.39,165.959,230.649,159.028,358.575,381.72900000000004
2016-07-01,41.016999999999996,44.047,46.613,46.395,46.318999999999996,46.301,51.733999999999995,57.11600000000001,59.358000000000004,58.047,62.483000000000004,60.513999999999996,67.60600000000001,67.44800000000001,78.922,73.115,75.23,86.265,104.22,136.966,180.47,181.013,235.829,191.75799999999998
2016-08-01,37.644,41.06100000000001,45.906000000000006,49.418,46.706,46.455,49.933,50.093,51.269,56.748000000000005,58.236999999999995,59.821000000000005,69.361,69.535,77.684,87.72399999999999,102.081,108.68299999999999,114.995,137.862,175.049,155.33700000000002,174.38400000000001,217.468
2016-09-01,41.073,48.096000000000004,53.363,53.071000000000005,49.81,46.832,46.79600000000001,49.652,53.943000000000005,52.669,54.0,56.956,61.196999999999996,61.562,62.675,57.44,54.723,53.619,59.809,59.376000000000005,53.782,60.865,67.914,133.256
2016-10-01,23.943,30.94,37.574,41.202,41.196999999999996,45.42,48.52,49.86,50.378,50.271,49.253,48.114,48.211000000000006,46.699,49.17,51.402,54.468999999999994,57.891999999999996,80.202,90.31299999999999,114.98700000000001,128.605,196.2,84.071
2016-11-01,21.456,33.477,41.42100000000001,38.93,41.511,43.395,47.51,48.93,47.81100000000001,51.443999999999996,50.423,53.882,55.67100000000001,55.295,55.453,56.728,54.08,56.325,59.651,87.572,75.785,234.702,240.729,359.82099999999997
2016-12-01,17.157,38.038000000000004,43.313,43.692,45.674,46.928000000000004,46.373999999999995,46.54,46.258,45.335,45.458999999999996,45.463,46.736000000000004,45.833999999999996,46.294,46.118,47.548,47.013000000000005,46.675,47.318000000000005,49.717,52.533,83.889,120.304
2017-01-01,24.703000000000003,36.641999999999996,39.86,40.698,42.144,42.754,43.434,46.043,44.876999999999995,45.556000000000004,45.623999999999995,46.117,48.03,52.256,57.175,61.611999999999995,64.806,85.27799999999999,115.706,100.445,113.76100000000001,205.269,325.52099999999996,492.358
2017-02-01,24.22,36.736999999999995,39.819,42.113,44.253,45.836000000000006,44.92100000000001,48.903999999999996,48.726000000000006,49.716,51.967,52.653999999999996,53.996,52.284,56.168,59.074,69.089,77.711,79.332,105.79299999999999,124.77600000000001,149.003,274.488,331.841
2017-03-01,29.17,38.8,44.724,45.544,44.538999999999994,44.331,46.153,50.937,53.187,54.786,55.556999999999995,54.765,54.348,54.06399999999999,56.026,57.61,69.396,77.937,97.21600000000001,103.96600000000001,172.005,127.257,240.28599999999997,322.70599999999996
2017-04-01,34.016999999999996,41.841,46.044,49.105,48.923,51.321999999999996,53.718,55.222,58.778,59.412,59.522,62.615,66.13,66.89,72.807,78.399,82.65899999999999,87.723,114.43,135.382,198.477,284.411,229.72099999999998,435.145
2017-05-01,41.497,51.724,52.382,54.966,51.821999999999996,50.138999999999996,52.496,52.284,53.905,53.525,55.942,62.38399999999999,65.363,66.337,65.12899999999999,68.392,63.886,70.112,83.304,95.485,92.499,161.118,251.976,207.99
2017-06-01,38.711,46.43899999999999,48.534,46.868,53.104,47.257,48.775,51.556999999999995,56.858000000000004,58.325,59.73,59.698,65.943,66.95100000000001,72.703,78.055,78.17699999999999,89.785,89.914,94.99700000000001,104.52600000000001,216.422,197.808,350.55699999999996
2017-07-01,39.025,47.696999999999996,47.803000000000004,50.396,48.06100000000001,46.942,45.534,54.873000000000005,55.731,56.99,58.45399999999999,62.298,66.47800000000001,69.14,74.755,81.494,100.911,123.639,131.441,163.015,163.755,167.278,213.929,266.631
2017-08-01,34.722,42.699,45.122,44.996,46.258,46.438,50.457,55.81,57.215,60.278,64.908,62.876999999999995,64.721,64.476,66.818,71.863,73.179,72.247,82.51299999999999,99.911,118.198,241.453,133.842,106.31700000000001
2017-09-01,24.837,36.866,42.324,45.65,48.019,49.132,49.301,51.049,53.754,54.855,56.437,61.352,63.823,61.19,60.74100000000001,61.494,70.214,74.793,79.066,117.83200000000001,152.19899999999998,256.95099999999996,183.58700000000002,176.768
2017-10-01,23.665,35.688,40.133,43.3,42.262,46.836000000000006,50.328,48.413999999999994,51.555,52.724,60.695,63.24,54.523999999999994,53.78,52.251999999999995,55.356,56.691,62.31399999999999,57.52,76.695,57.288000000000004,116.69,82.40100000000001,122.56200000000001
2017-11-01,18.546,33.727,39.359,41.6,43.955,44.843,43.676,44.748999999999995,45.541000000000004,44.869,45.385,45.03,46.053000000000004,45.913000000000004,46.15,45.651,44.12,44.74,46.827,71.992,67.836,73.359,90.025,80.938
2017-12-01,17.522000000000002,24.69,35.984,38.16,42.393,42.907,44.126000000000005,45.013999999999996,46.7,44.223,43.156000000000006,43.177,41.236000000000004,42.051,41.364,44.896,44.45399999999999,43.825,42.43600000000001,45.836999999999996,60.216,36.167,40.455,59.528999999999996
2018-01-01,23.593000000000004,33.679,36.885999999999996,37.359,40.403,43.995,46.79600000000001,45.04600000000001,45.248000000000005,44.096000000000004,43.6,43.637,44.68600000000001,44.43899999999999,53.43,64.679,67.219,96.406,121.986,171.827,145.119,148.735,228.709,269.04400000000004
2018-02-01,20.68,29.096999999999998,34.625,34.667,38.8,39.095,42.192,42.4,45.958,52.118,58.2,49.867,46.25,59.385,89.14299999999999,131.067,-9999.0,-9999.0,198.667,221.733,272.611,375.32,482.1,549.0
2018-03-01,-9999.0,-9999.0,-9999.0,-9999.0,-9999.0,-9999.0,-9999.0,-9999.0,-9999.0,-9999.0,-9999.0,-9999.0,-9999.0,-9999.0,-9999.0,-9999.0,-9999.0,-9999.0,-9999.0,-9999.0,-9999.0,-9999.0,-9999.0,-9999.0
2018-04-01,-9999.0,-9999.0,-9999.0,-9999.0,-9999.0,-9999.0,-9999.0,-9999.0,-9999.0,-9999.0,-9999.0,-9999.0,-9999.0,-9999.0,-9999.0,-9999.0,-9999.0,-9999.0,-9999.0,-9999.0,-9999.0,-9999.0,-9999.0,-9999.0
2018-05-01,-9999.0,-9999.0,-9999.0,-9999.0,-9999.0,-9999.0,-9999.0,-9999.0,-9999.0,-9999.0,-9999.0,-9999.0,-9999.0,-9999.0,-9999.0,-9999.0,-9999.0,-9999.0,-9999.0,-9999.0,-9999.0,-9999.0,-9999.0,-9999.0
2018-06-01,37.3,41.1,40.364000000000004,41.9,44.615,45.05,54.5,56.6,43.25,46.812,72.5,71.333,52.938,54.188,96.80799999999999,116.897,98.645,118.37899999999999,101.853,100.414,109.385,243.304,-9999.0,-9999.0
2018-07-01,-9999.0,-9999.0,-9999.0,-9999.0,-9999.0,-9999.0,-9999.0,-9999.0,-9999.0,-9999.0,-9999.0,-9999.0,-9999.0,-9999.0,-9999.0,-9999.0,-9999.0,-9999.0,-9999.0,-9999.0,-9999.0,-9999.0,-9999.0,-9999.0
2018-08-01,-9999.0,-9999.0,-9999.0,-9999.0,-9999.0,-9999.0,-9999.0,-9999.0,-9999.0,-9999.0,-9999.0,-9999.0,-9999.0,-9999.0,-9999.0,-9999.0,-9999.0,-9999.0,-9999.0,-9999.0,-9999.0,-9999.0,-9999.0,-9999.0
2018-09-01,46.0,55.846000000000004,54.245,51.778,44.25,31.824,44.02,49.5,47.57899999999999,55.15,56.327,50.707,54.25,48.0,52.385,62.595,48.928999999999995,50.286,49.608000000000004,49.548,45.833,50.817,100.46700000000001,106.8
2018-10-01,30.969,42.928999999999995,49.08,44.2,47.324,46.036,46.088,45.4,57.0,61.706,62.722,65.5,57.294,50.5,58.778,67.529,76.333,79.929,92.69200000000001,109.5,127.545,144.75,138.25,110.773
2018-11-01,-9999.0,-9999.0,-9999.0,-9999.0,-9999.0,-9999.0,-9999.0,-9999.0,-9999.0,-9999.0,-9999.0,-9999.0,-9999.0,-9999.0,-9999.0,-9999.0,-9999.0,-9999.0,-9999.0,-9999.0,-9999.0,-9999.0,-9999.0,-9999.0
