,linear_pre,linear_post,post_const,pre_const,gap_const,enso,qboA,qboB,solar,pre_tropop,temp_sur,AO,NOI,EA,AOD
1969-01,-2.8000574960471467,0.0,0.0,1.0,0.0,0.67,1.2593605280794917,0.8975870600876376,0.594144534786513,,,,,,
1969-02,-2.7915699843254824,0.0,0.0,1.0,0.0,0.8490000000000001,1.1323963520251747,0.5376264618015675,0.6729093208249544,,,,,,
1969-03,-2.7839038447059146,0.0,0.0,1.0,0.0,0.45799999999999996,1.3222473278030147,0.24972181370866434,1.0879116829280613,,,,,,
1969-04,-2.7754163329842503,0.0,0.0,1.0,0.0,0.622,1.4378460203716081,-0.26894645495228464,0.782558321084155,,,,,,
1969-05,-2.7672026119632847,0.0,0.0,1.0,0.0,0.674,1.4010924011236487,-0.5440632565126999,0.6127455914931622,,,,,,
1969-06,-2.7587151002416204,0.0,0.0,1.0,0.0,0.8009999999999999,1.3064256372333636,-0.7939389343256326,1.0155237360577605,,,,,,
1969-07,-2.7505013792206547,0.0,0.0,1.0,0.0,0.49,1.1087828800002224,-0.9639537188938513,0.4475038734562728,,,,,,
1969-08,-2.7420138674989905,0.0,0.0,1.0,0.0,0.212,0.9525275847125096,-1.1101086726912213,0.5674317390649345,,,,,,
1969-09,-2.733526355777326,0.0,0.0,1.0,0.0,0.162,0.5952898928675034,-1.0601622155281916,0.3969080668303918,,,,,,
1969-10,-2.7253126347563605,0.0,0.0,1.0,0.0,0.496,0.1813930234799909,-1.0348181775319183,0.7042823705495688,,,,,,
1969-11,-2.7168251230346963,0.0,0.0,1.0,0.0,0.659,-0.3195993696787955,-0.8917623745680768,0.7097204990328536,,,,,,
1969-12,-2.7086114020137306,0.0,0.0,1.0,0.0,0.41700000000000004,-0.5993973434917923,-0.7992246096082922,0.4053368163355594,,,,,,
1970-01,-2.7001238902920663,0.0,0.0,1.0,0.0,0.38,-0.7086867907550423,-0.6129864430636729,0.7163101215027414,,,,,,
1970-02,-2.6916363785704016,0.0,0.0,1.0,0.0,0.43200000000000005,-0.8581455869705417,-0.33670966770948385,1.100351514219123,,,,,,
1970-03,-2.6839702389508338,0.0,0.0,1.0,0.0,0.228,-0.9359509147047049,-0.251783046757442,0.7872179090987657,,,,,,
1970-04,-2.6754827272291695,0.0,0.0,1.0,0.0,0.013999999999999999,-0.9663050441082958,0.028604905775721917,0.9238261207967483,,,,,,
1970-05,-2.667269006208204,0.0,0.0,1.0,0.0,-0.099,-1.01169627195297,0.3525926185732263,1.12119778440312,,,,,,
1970-06,-2.6587814944865396,0.0,0.0,1.0,0.0,-0.636,-0.7951145248342761,1.18076407783881,0.8550348444149636,,,,,,
1970-07,-2.650567773465574,0.0,0.0,1.0,0.0,-1.055,-0.44101441823606197,1.5905727605023319,0.7921129240215699,,,,,,
1970-08,-2.6420802617439096,0.0,0.0,1.0,0.0,-1.0070000000000001,-0.3010965469396668,1.765511663431487,0.45967148197866636,,,,,,
1970-09,-2.6335927500222454,0.0,0.0,1.0,0.0,-1.251,-0.19343359187489148,1.885564034509024,0.5241574761878728,,,,,,
1970-10,-2.6253790290012797,0.0,0.0,1.0,0.0,-1.088,0.372895550864976,1.8213389797253157,0.5816272823410612,,,,,,
1970-11,-2.6168915172796154,0.0,0.0,1.0,0.0,-1.074,0.7696956176897889,1.7140817830446071,0.8248302713817849,,,,,,
1970-12,-2.60867779625865,0.0,0.0,1.0,0.0,-1.203,1.2470251497834242,1.4531068234772677,0.5977109028016981,,,,,,
1971-01,-2.6001902845369855,0.0,0.0,1.0,0.0,-1.204,1.272186399932153,0.946642498006575,0.8009938796672239,,,,,,
1971-02,-2.5917027728153212,0.0,0.0,1.0,0.0,-1.507,1.170799562122324,0.5296920768862028,0.3030684662978859,,,,,,
1971-03,-2.584036633195754,0.0,0.0,1.0,0.0,-1.79,1.3141405253731278,0.22930424949106365,-0.20898755647615289,,,,,,
1971-04,-2.575549121474089,0.0,0.0,1.0,0.0,-1.839,1.3755800685830215,-0.1211748804267254,-0.0634587628212349,,,,,,
1971-05,-2.567335400453124,0.0,0.0,1.0,0.0,-1.429,1.2733456313872973,-0.592550089268731,-0.1751420247242048,,,,,,
1971-06,-2.558847888731459,0.0,0.0,1.0,0.0,-1.42,1.1798441943995717,-0.7370426651516925,-0.3374677124427963,,,,,,
1971-07,-2.550634167710494,0.0,0.0,1.0,0.0,-1.207,1.2485169744531213,-1.184595281996588,0.016742560249653163,,,,,,
1971-08,-2.5421466559888293,0.0,0.0,1.0,0.0,-1.213,0.9119656792974836,-1.1457352764837663,-0.07661236720665138,,,,,,
1971-09,-2.533659144267165,0.0,0.0,1.0,0.0,-1.4669999999999999,0.717525743230235,-0.9652011032075474,-0.33197597189131,,,,,,
1971-10,-2.5254454232461994,0.0,0.0,1.0,0.0,-1.415,0.5238056688757854,-1.2283325831747987,-0.3033214869170189,,,,,,
1971-11,-2.516957911524535,0.0,0.0,1.0,0.0,-1.311,0.15093119369931712,-1.3035037495726611,-0.1937430814308546,,,,,,
1971-12,-2.5087441905035694,0.0,0.0,1.0,0.0,-0.9690000000000001,-0.12107281630911888,-1.340188478464283,0.004644880511869151,,,,,,
1972-01,-2.500256678781905,0.0,0.0,1.0,0.0,-0.575,-0.3313130048706155,-1.3015363151725887,-0.20199467801500698,,,,,,
1972-02,-2.491769167060241,0.0,0.0,1.0,0.0,-0.39799999999999996,-0.41127479631606206,-1.1390195255786772,0.38984156220061955,,,,,,
1972-03,-2.4838292367399744,0.0,0.0,1.0,0.0,-0.256,-0.6840997142715511,-1.277074615438787,0.14541152393474704,,,,,,
1972-04,-2.4753417250183096,0.0,0.0,1.0,0.0,-0.166,-0.8993077177508924,-1.1794551764883527,-0.14648520879042695,,,,,,
1972-05,-2.4671280039973444,0.0,0.0,1.0,0.0,0.423,-1.14668672162422,-0.28537660650122876,0.2618429503128354,,,,,,
1972-06,-2.4586404922756797,0.0,0.0,1.0,0.0,0.966,-1.1688441192879033,0.2461928199178859,0.4176466133866647,,,,,,
1972-07,-2.4504267712547145,0.0,0.0,1.0,0.0,1.8259999999999998,-1.0780323836294508,0.6348593335390331,0.12079659175151124,,,,,,
1972-08,-2.44193925953305,0.0,0.0,1.0,0.0,1.8,-0.9809372392409079,0.911631089264049,0.18268356613265715,,,,,,
1972-09,-2.4334517478113855,0.0,0.0,1.0,0.0,1.5219999999999998,-0.6843860100453495,1.3233174648979378,-0.1206162204031594,,,,,,
1972-10,-2.42523802679042,0.0,0.0,1.0,0.0,1.617,-0.10042688270196427,1.7023834663593356,-0.004422551892750472,,,,,,
1972-11,-2.4167505150687556,0.0,0.0,1.0,0.0,1.704,0.6653183180952167,1.7747468122644563,-0.4486031988663099,,,,,,
1972-12,-2.40853679404779,0.0,0.0,1.0,0.0,1.787,1.172230471536346,1.34694754469805,-0.44989221946264735,,,,,,
1973-01,-2.4000492823261257,0.0,0.0,1.0,0.0,1.723,1.1350492478542524,0.5949373949164422,-0.4657660535694504,,,,,,
1973-02,-2.3915617706044614,0.0,0.0,1.0,0.0,1.515,0.9704885847167637,0.10978247843110289,-0.5241765683727689,,,,,,
1973-03,-2.3838956309848935,0.0,0.0,1.0,0.0,0.87,0.8610498689226926,-0.29950033884583155,-0.4566753115699594,,,,,,
1973-04,-2.3754081192632293,0.0,0.0,1.0,0.0,0.491,0.8288431714276135,-0.5708014935059513,-0.3183911400007899,,,,,,
1973-05,-2.3671943982422636,0.0,0.0,1.0,0.0,-0.099,0.8341131879287447,-0.9333904597115856,-0.46157032649276236,,,,,,
1973-06,-2.3587068865205993,0.0,0.0,1.0,0.0,-0.758,0.5534728334409265,-1.110249708801118,-0.569782789719516,,,,,,
1973-07,-2.3504931654996337,0.0,0.0,1.0,0.0,-1.056,0.19932497963700527,-1.1881942305621365,-0.7172299630322756,,,,,,
1973-08,-2.3420056537779694,0.0,0.0,1.0,0.0,-1.334,0.0272321985255169,-1.2344938948785928,-0.7695366939216507,,,,,,
1973-09,-2.333518142056305,0.0,0.0,1.0,0.0,-1.734,-0.20920085150225567,-1.2634323480572172,-0.29577384009795493,,,,,,
1973-10,-2.3253044210353395,0.0,0.0,1.0,0.0,-1.66,-0.4385990777405381,-1.1763165205344186,-0.7223347643089124,,,,,,
1973-11,-2.3168169093136752,0.0,0.0,1.0,0.0,-1.489,-0.6702828833649496,-0.9817345407851255,-0.8828120011542744,,,,,,
1973-12,-2.3086031882927096,0.0,0.0,1.0,0.0,-1.8259999999999998,-0.8071705092486031,-0.8266281155350942,-0.843171704117523,,,,,,
1974-01,-2.3001156765710453,0.0,0.0,1.0,0.0,-1.912,-0.9591360387987427,-0.7268348825619521,-0.867227206023866,,,,,,
1974-02,-2.2916281648493806,0.0,0.0,1.0,0.0,-1.768,-1.0550651640120088,-0.6970795762413909,-0.9009079056406588,,,,,,
1974-03,-2.2839620252298127,0.0,0.0,1.0,0.0,-1.743,-1.1545744264740563,-0.7081040646360057,-0.9107229100521966,,,,,,
1974-04,-2.2754745135081484,0.0,0.0,1.0,0.0,-1.62,-1.2903810623829164,-0.4853303989450103,-0.7315000970119884,,,,,,
1974-05,-2.267260792487183,0.0,0.0,1.0,0.0,-1.048,-1.327158952655053,-0.0281954825373258,-0.6036656168232578,,,,,,
1974-06,-2.258773280765519,0.0,0.0,1.0,0.0,-0.6940000000000001,-1.021320348756387,0.6464479699013093,-0.6816408735840142,,,,,,
1974-07,-2.2505595597445534,0.0,0.0,1.0,0.0,-0.75,-0.8803010777933915,1.0703176369101681,-0.5399604940422139,,,,,,
1974-08,-2.242072048022889,0.0,0.0,1.0,0.0,-0.664,-0.7937112538548711,1.3203985956642588,-0.7666696137525811,,,,,,
1974-09,-2.2335845363012248,0.0,0.0,1.0,0.0,-0.628,-0.6793498040383924,1.4046889299558192,-0.6874939128559939,,,,,,
1974-10,-2.225370815280259,0.0,0.0,1.0,0.0,-1.05,-0.3275835133375783,1.489396011708478,-0.5068841789209916,,,,,,
1974-11,-2.216883303558595,0.0,0.0,1.0,0.0,-1.24,0.20851452811296972,1.5260910977333233,-0.6967431601006038,,,,,,
1974-12,-2.2086695825376292,0.0,0.0,1.0,0.0,-0.8859999999999999,0.8083498435280686,1.4332075551851784,-0.9072963996062353,,,,,,
1975-01,-2.200182070815965,0.0,0.0,1.0,0.0,-0.522,0.8074948795326069,1.3854059566153745,-0.9849872793095722,,,,,,
1975-02,-2.1916945590943007,0.0,0.0,1.0,0.0,-0.5760000000000001,0.9531296376079851,1.1844506747316204,-1.0420466700959334,,,,,,
1975-03,-2.184028419474733,0.0,0.0,1.0,0.0,-0.85,1.0899415867214537,0.9350133842683193,-1.057573357736272,,,,,,
1975-04,-2.175540907753068,0.0,0.0,1.0,0.0,-0.927,1.3583285852784839,0.39123434670685464,-1.0666407901408919,,,,,,
1975-05,-2.167327186732103,0.0,0.0,1.0,0.0,-0.838,1.438484819876077,0.05209065853448437,-1.058132788013164,,,,,,
1975-06,-2.158839675010438,0.0,0.0,1.0,0.0,-1.148,1.4255375784884892,-0.4654476142856567,-1.0517552828565973,,,,,,
1975-07,-2.150625953989473,0.0,0.0,1.0,0.0,-1.4969999999999999,1.3266137576976902,-0.7616391696607538,-0.8828213249922229,,,,,,
1975-08,-2.1421384422678083,0.0,0.0,1.0,0.0,-1.712,1.1540164739135736,-0.8585151966454803,-0.6015677532849136,,,,,,
1975-09,-2.133650930546144,0.0,0.0,1.0,0.0,-1.876,1.0971888173890583,-0.8690766852067434,-0.8672761561730944,,,,,,
1975-10,-2.1254372095251783,0.0,0.0,1.0,0.0,-1.9780000000000002,0.9774194579715451,-0.9344128525952486,-0.9793230477560432,,,,,,
1975-11,-2.116949697803514,0.0,0.0,1.0,0.0,-1.756,0.8347218632992004,-1.0697389637197199,-0.896974910997583,,,,,,
1975-12,-2.1087359767825484,0.0,0.0,1.0,0.0,-1.732,0.7888466349814947,-1.1162674869167115,-1.0440771023062594,,,,,,
1976-01,-2.100248465060884,0.0,0.0,1.0,0.0,-1.587,0.6463981489347252,-1.075328492090547,-1.0423988114755838,,,,,,
1976-02,-2.09176095333922,0.0,0.0,1.0,0.0,-1.3659999999999999,0.6577533360614918,-1.1076200511500318,-1.1183438829010344,,,,,,
1976-03,-2.0838210230189533,0.0,0.0,1.0,0.0,-1.213,0.39965558253631506,-1.201982664973456,-0.9656869347568078,,,,,,
1976-04,-2.0753335112972886,0.0,0.0,1.0,0.0,-1.157,-0.007776800274455795,-1.158120279050987,-0.9465450954491629,,,,,,
1976-05,-2.0671197902763234,0.0,0.0,1.0,0.0,-0.483,-0.6712596055606234,-0.9460177123643028,-1.0452658916446544,,,,,,
1976-06,-2.0586322785546587,0.0,0.0,1.0,0.0,0.276,-0.9771296541247287,-0.4591948682907786,-1.0324619311822947,,,,,,
1976-07,-2.0504185575336935,0.0,0.0,1.0,0.0,0.633,-1.140486649855449,-0.30306515703915243,-1.0984816967339777,,,,,,
1976-08,-2.0419310458120288,0.0,0.0,1.0,0.0,0.654,-1.1309759129548504,-0.15959848878721372,-0.9494634567269481,,,,,,
1976-09,-2.0334435340903645,0.0,0.0,1.0,0.0,1.018,-1.034922993907639,-0.15241849882848,-1.0091942935825737,,,,,,
1976-10,-2.025229813069399,0.0,0.0,1.0,0.0,0.927,-1.0623139327336244,0.15211072726865754,-0.975966466094693,,,,,,
1976-11,-2.0167423013477346,0.0,0.0,1.0,0.0,0.49,-0.9910308014366376,0.4056981593741024,-1.0654123744912172,,,,,,
1976-12,-2.008528580326769,0.0,0.0,1.0,0.0,0.565,-0.9518124882617286,0.6144976210766394,-0.9997422528625907,,,,,,
1977-01,-2.0000410686051047,0.0,0.0,1.0,0.0,0.529,-0.8627019410117399,0.815344496147629,-0.9861061398633553,,,,,,
1977-02,-1.9915535568834404,0.0,0.0,1.0,0.0,0.29,-0.8856715015138216,0.842978432563489,-0.8709459188912401,,,,,,
1977-03,-1.9838874172638725,0.0,0.0,1.0,0.0,0.145,-0.9424401023899972,0.9329982204763059,-0.9679945846489861,,,,,,
1977-04,-1.9753999055422082,0.0,0.0,1.0,0.0,0.552,-0.7039348838687554,1.2588964434374206,-0.9163405224159844,,,,,,
1977-05,-1.9671861845212426,0.0,0.0,1.0,0.0,0.31,-0.21516213090500394,1.421133290562589,-0.8454793540097008,,,,,,
1977-06,-1.9586986727995783,0.0,0.0,1.0,0.0,0.414,0.42144334491708996,1.482307178856551,-0.563062633518354,,,,,,
1977-07,-1.9504849517786127,0.0,0.0,1.0,0.0,0.888,0.8622384643910604,1.2199817910632929,-0.7959697745047841,,,,,,
1977-08,-1.9419974400569484,0.0,0.0,1.0,0.0,0.684,1.0475004392990241,1.0883077294940673,-0.7384883135541604,,,,,,
1977-09,-1.933509928335284,0.0,0.0,1.0,0.0,0.7829999999999999,1.1755009799467528,0.7243372235344793,-0.42331228843182994,,,,,,
1977-10,-1.9252962073143185,0.0,0.0,1.0,0.0,0.97,1.3442758717508023,0.47182139310760307,-0.5233174433046842,,,,,,
1977-11,-1.916808695592654,0.0,0.0,1.0,0.0,0.9620000000000001,1.4497015346241349,0.00507866404453425,-0.6241221172815977,,,,,,
1977-12,-1.9085949745716886,0.0,0.0,1.0,0.0,0.877,1.527574935983022,-0.5158508774712723,-0.46695484290784484,,,,,,
1978-01,-1.9001074628500245,0.0,0.0,1.0,0.0,0.777,1.4374780671578224,-0.7334011461597488,-0.3112933683627259,,,,,,
1978-02,-1.89161995112836,0.0,0.0,1.0,0.0,0.912,1.1743049563715162,-0.876845467700703,0.46418188858610665,,,,,,
1978-03,-1.8839538115087922,0.0,0.0,1.0,0.0,0.935,1.0048430266897752,-0.865946546955689,0.43037132122646365,,,,,,
1978-04,-1.8754662997871279,0.0,0.0,1.0,0.0,0.19899999999999998,0.7702433662382315,-0.9712799745819513,0.6512623660571574,,,,,,
1978-05,-1.8672525787661622,0.0,0.0,1.0,0.0,-0.37799999999999995,0.1451279037988921,-1.1085770051783965,0.6352626601380541,,,,,,
1978-06,-1.858765067044498,0.0,0.0,1.0,0.0,-0.605,-0.3578015161576009,-1.1523469149256318,0.5705482318991184,,,,,,
1978-07,-1.8505513460235323,0.0,0.0,1.0,0.0,-0.42,-0.5934378237513318,-1.2153090176558612,0.32435928375548356,,,,,,
1978-08,-1.842063834301868,0.0,0.0,1.0,0.0,-0.19899999999999998,-0.6710249803669202,-1.1616191482817004,-0.07640258085281748,,,,,,
1978-09,-1.8335763225802038,0.0,0.0,1.0,0.0,-0.391,-0.6641873676648177,-1.171367303207946,0.849181805142985,,,,,,
1978-10,-1.8253626015592381,0.0,0.0,1.0,0.0,-0.027999999999999997,-0.8026111786731395,-1.0543093447660679,0.7956093632521412,,,,,,
1978-11,-1.8168750898375738,0.0,0.0,1.0,0.0,0.175,-0.8743344596696412,-1.0534500177131176,0.6029205972552524,,,,,,
1978-12,-1.8086613688166082,0.0,0.0,1.0,0.0,0.406,-0.9275509754484322,-0.9606101219673991,1.0748350002057176,,,,,,
1979-01,-1.800173857094944,0.0,0.0,1.0,0.0,0.608,-1.026002364615877,-0.951688052308896,1.648810464296617,,,,,,
1979-02,-1.7916863453732794,0.0,0.0,1.0,0.0,0.379,-1.0570698152065194,-1.053919771343497,1.7055526780956334,,,,,,
1979-03,-1.7840202057537116,0.0,0.0,1.0,0.0,0.002,-1.1845748735438346,-0.6894141867937364,1.3776965663579692,,,,,,
1979-04,-1.7755326940320473,0.0,0.0,1.0,0.0,0.301,-1.1776809379850546,-0.42954139965014054,1.1819379267166368,,,,,,
1979-05,-1.7673189730110817,0.0,0.0,1.0,0.0,0.374,-1.2488335521446905,0.027131781685586755,1.0497305665302015,,,,,,
1979-06,-1.7588314612894174,0.0,0.0,1.0,0.0,0.429,-1.0029709701875815,0.6121881249455378,1.421045419938615,,,,,,
1979-07,-1.7506177402684517,0.0,0.0,1.0,0.0,0.396,-0.8217770247045038,0.9775960299937562,1.1049043775886471,,,,,,
1979-08,-1.7421302285467875,0.0,0.0,1.0,0.0,0.615,-0.5961134904748053,1.2463974283691042,1.2251818871203657,,,,,,
1979-09,-1.733642716825123,0.0,0.0,1.0,0.0,0.759,-0.3059962058456103,1.5012904654853891,1.774178789348048,,,,,,
1979-10,-1.7254289958041575,0.0,0.0,1.0,0.0,0.655,0.17834073036690304,1.729394125582154,2.080830495626241,,,,,,
1979-11,-1.716941484082493,0.0,0.0,1.0,0.0,0.7340000000000001,0.7799759423629634,1.7828233061176764,2.3056492071926122,,,,,,
1979-12,-1.7087277630615276,0.0,0.0,1.0,0.0,1.004,0.9797617818297057,1.4099251601927132,1.663915081772693,,,,,,
1980-01,-1.7002402513398631,0.0,0.0,1.0,0.0,0.677,1.2062702119749311,0.8036257890525946,1.7150330233236726,,,,,,
1980-02,-1.6917527396181988,0.0,0.0,1.0,0.0,0.601,1.123188025846196,0.6684801723118824,1.61778378596573,,,,,,
1980-03,-1.683812809297932,0.0,0.0,1.0,0.0,0.684,1.19364085390772,0.4873378548377393,0.9976336219946618,,,,,,
1980-04,-1.6753252975762678,0.0,0.0,1.0,0.0,0.912,1.3063733553354382,0.2322213761343767,1.9272971870927984,,,,,,
1980-05,-1.6671115765553022,0.0,0.0,1.0,0.0,0.958,1.336587185356128,-0.17940207081057,2.356279978210801,,,,,,
1980-06,-1.658624064833638,0.0,0.0,1.0,0.0,0.9109999999999999,1.1300814027540274,-0.8895898990683957,1.7100843963326686,,,,,,
1980-07,-1.6504103438126723,0.0,0.0,1.0,0.0,0.769,0.8640334195758913,-1.0844920055999865,1.5263651624419419,,,,,,
1980-08,-1.641922832091008,0.0,0.0,1.0,0.0,0.32899999999999996,0.74119515050021,-1.1650154690803114,1.0816880210976416,,,,,,
1980-09,-1.6334353203693435,0.0,0.0,1.0,0.0,0.263,0.5685264806118118,-1.1519923214875052,1.4186608483833658,,,,,,
1980-10,-1.625221599348378,0.0,0.0,1.0,0.0,0.192,0.4242144397014695,-1.1968133283025941,1.7875491729657615,,,,,,
1980-11,-1.6167340876267136,0.0,0.0,1.0,0.0,0.248,0.19559499325972252,-1.1741650073495884,2.0157431138693775,,,,,,
1980-12,-1.6085203666057482,0.0,0.0,1.0,0.0,0.111,0.040246625498679675,-1.2078362460684424,2.13138900690033,,,,,,
1981-01,-1.6000328548840836,0.0,0.0,1.0,0.0,-0.25,-0.0946815152964807,-1.2249879570649633,1.0526675754838852,,,,,,
1981-02,-1.5915453431624196,0.0,0.0,1.0,0.0,-0.14,-0.1622471471786854,-1.2002686916521759,1.7149206377769761,,,,,,
1981-03,-1.5838792035428517,0.0,0.0,1.0,0.0,0.455,-0.37427199285404805,-1.1506070036417557,1.7944021938576844,,,,,,
1981-04,-1.5753916918211872,0.0,0.0,1.0,0.0,0.669,-0.6615625870134295,-1.0540067460163658,2.2602700878987463,,,,,,
1981-05,-1.5671779708002218,0.0,0.0,1.0,0.0,0.18899999999999997,-0.8529758894437219,-0.34076096973890957,1.7017465542474965,,,,,,
1981-06,-1.5586904590785573,0.0,0.0,1.0,0.0,-0.024,-0.9001715650877549,0.13444025859060194,0.8983184311299718,,,,,,
1981-07,-1.550476738057592,0.0,0.0,1.0,0.0,-0.026000000000000002,-0.9184237835501335,0.36888900802734287,1.6861524352791395,,,,,,
1981-08,-1.5419892263359274,0.0,0.0,1.0,0.0,-0.09,-0.9467788642257615,0.47480068169518225,2.288379128353068,,,,,,
1981-09,-1.533501714614263,0.0,0.0,1.0,0.0,0.174,-1.0147641245796324,0.5324539920928532,2.200511279529276,,,,,,
1981-10,-1.5252879935932975,0.0,0.0,1.0,0.0,0.10099999999999999,-1.0758920688674782,0.5357543439366009,2.2199887770030564,,,,,,
1981-11,-1.5168004818716332,0.0,0.0,1.0,0.0,-0.039,-1.1606519619527502,0.5857240507576307,1.7973019074595729,,,,,,
1981-12,-1.5085867608506676,0.0,0.0,1.0,0.0,-0.126,-1.0457658603638198,0.7891338105236964,1.7542630714907035,,,,,,
1982-01,-1.5000992491290033,0.0,0.0,1.0,0.0,-0.258,-0.9550943126383351,0.8916952937751348,1.1470714347093611,,,,,,
1982-02,-1.491611737407339,0.0,0.0,1.0,0.0,-0.125,-0.7377341121940668,1.1587030571545116,1.917996325745262,,,,,,
1982-03,-1.4839455977877711,0.0,0.0,1.0,0.0,0.1,-0.7105557279627457,1.3237992421945346,1.9052393174668547,,,,,,
1982-04,-1.4754580860661068,0.0,0.0,1.0,0.0,0.008,-0.5495900559313233,1.534823244404092,0.9215138089855955,,,,,,
1982-05,-1.4672443650451412,0.0,0.0,1.0,0.0,0.44299999999999995,-0.05931824544655149,1.6469725890887699,0.5956130392633531,,,,,,
1982-06,-1.458756853323477,0.0,0.0,1.0,0.0,0.93,0.5723130319547267,1.5305127583542848,1.2343985009321576,,,,,,
1982-07,-1.4505431323025113,0.0,0.0,1.0,0.0,1.6119999999999999,0.9923995380548525,1.1839683915331087,0.9622496569812604,,,,,,
1982-08,-1.442055620580847,0.0,0.0,1.0,0.0,1.778,1.4406913800974697,0.5878984041961292,1.1194495647878306,,,,,,
1982-09,-1.4335681088591827,0.0,0.0,1.0,0.0,1.7830000000000001,1.4431986249823636,-0.03672676189532935,1.0106100734590624,,,,,,
1982-10,-1.425354387838217,0.0,0.0,1.0,0.0,2.001,1.3197633538138078,-0.4297411055895875,0.87623725190916,,,,,,
1982-11,-1.4168668761165528,0.0,0.0,1.0,0.0,2.394,1.2992567578528516,-0.5680633608052875,0.9373386929431708,,,,,,
1982-12,-1.4086531550955872,0.0,0.0,1.0,0.0,2.425,1.2728925452854003,-0.9120032631517838,1.576294314654528,,,,,,
1983-01,-1.400165643373923,0.0,0.0,1.0,0.0,2.677,1.0486134931287916,-0.9976097008886773,0.37526743895263004,,,,,,
1983-02,-1.3916781316522584,0.0,0.0,1.0,0.0,2.931,0.799720294774167,-1.18861148611656,-0.018461587889032644,,,,,,
1983-03,-1.3840119920326905,0.0,0.0,1.0,0.0,3.008,0.4404273951541927,-1.283272759238205,-0.0675216252071622,,,,,,
1983-04,-1.3755244803110263,0.0,0.0,1.0,0.0,2.812,0.20920540413694305,-1.3362039555160452,-0.012154344511291418,,,,,,
1983-05,-1.3673107592900606,0.0,0.0,1.0,0.0,2.498,-0.46533029168911194,-1.158333100602325,0.42736438348817096,,,,,,
1983-06,-1.3588232475683963,0.0,0.0,1.0,0.0,2.235,-1.0144470764108195,-0.7404740527624691,0.48997861722927577,,,,,,
1983-07,-1.3506095265474307,0.0,0.0,1.0,0.0,1.7930000000000001,-1.2332157538168185,-0.5052439588236792,0.18813801133235195,,,,,,
1983-08,-1.3421220148257664,0.0,0.0,1.0,0.0,1.159,-1.3028438524148884,-0.43654800379497344,0.1537330493035108,,,,,,
1983-09,-1.333634503104102,0.0,0.0,1.0,0.0,0.45899999999999996,-1.2197925009102415,-0.13192320881780284,-0.22192438162927403,,,,,,
1983-10,-1.3254207820831365,0.0,0.0,1.0,0.0,0.024,-1.2218074478341898,-0.058863153871630866,-0.18870820893882945,,,,,,
1983-11,-1.316933270361472,0.0,0.0,1.0,0.0,-0.132,-1.2631491503612962,0.29408030550304703,-0.650324995520907,,,,,,
1983-12,-1.3087195493405068,0.0,0.0,1.0,0.0,-0.17,-1.3180666993929293,0.324175518846137,-0.648140323836149,,,,,,
1984-01,-1.3002320376188423,0.0,0.0,1.0,0.0,-0.314,-1.2635300998199723,0.5389400594896168,-0.17346373389352904,,,,,,
1984-02,-1.291744525897178,0.0,0.0,1.0,0.0,-0.509,-1.2264053348179116,0.5665717388552645,0.36293103681220784,,,,,,
1984-03,-1.2838045955769113,0.0,0.0,1.0,0.0,0.151,-1.307805749671239,0.42203168688202203,0.008630821234722683,,,,,,
1984-04,-1.275317083855247,0.0,0.0,1.0,0.0,0.39,-1.182558497212995,0.7874456614732964,0.19985574467374612,,,,,,
1984-05,-1.2671033628342814,0.0,0.0,1.0,0.0,0.18,-1.0526427738252035,1.3526180367312908,0.2319833592837402,,,,,,
1984-06,-1.258615851112617,0.0,0.0,1.0,0.0,-0.049,-0.6481557953062181,1.797907391527337,-0.3681058439405663,,,,,,
1984-07,-1.2504021300916515,0.0,0.0,1.0,0.0,-0.054000000000000006,-0.24282359880038507,1.9103102808319352,-0.6124067148996902,,,,,,
1984-08,-1.2419146183699872,0.0,0.0,1.0,0.0,-0.155,0.22466855428334806,1.9264611547553665,-0.7517747826303393,,,,,,
1984-09,-1.2334271066483227,0.0,0.0,1.0,0.0,-0.12,0.6122255372773145,1.88490839306628,-0.8995762617851298,,,,,,
1984-10,-1.2252133856273573,0.0,0.0,1.0,0.0,-0.006,0.8158793767931464,1.6706004722948327,-1.0269445500764502,,,,,,
1984-11,-1.2167258739056928,0.0,0.0,1.0,0.0,-0.35,1.2978628471061502,1.0827664670868644,-0.9935861888572951,,,,,,
1984-12,-1.2085121528847274,0.0,0.0,1.0,0.0,-0.585,1.6151273243469482,0.740329665727205,-1.017713950507737,,,,,,
1985-01,-1.2000246411630628,0.0,0.0,1.0,0.0,-0.546,1.5333096274980802,0.25175676332624364,-1.0482728293829469,,,,,,
1985-02,-1.1915371294413986,0.0,0.0,1.0,0.0,-0.5760000000000001,1.1854216802903386,-0.07289804072958295,-1.0528856317107103,,,,,,
1985-03,-1.1838709898218307,0.0,0.0,1.0,0.0,-0.696,1.4447085015710994,-0.38912968166131107,-1.0382730131835076,,,,,,
1985-04,-1.1753834781001662,0.0,0.0,1.0,0.0,-0.46799999999999997,1.4121767212632268,-0.7041818401126021,-0.9700295122811795,,,,,,
1985-05,-1.1671697570792008,0.0,0.0,1.0,0.0,-0.706,1.3518895662424375,-0.8061822212456772,-0.8323327425027457,,,,,,
1985-06,-1.1586822453575363,0.0,0.0,1.0,0.0,-0.166,1.1108687551987246,-0.7125505112465079,-0.9091868077502316,,,,,,
1985-07,-1.1504685243365709,0.0,0.0,1.0,0.0,-0.126,0.758010755775498,-0.9184840826607272,-0.848696078101828,,,,,,
1985-08,-1.1419810126149064,0.0,0.0,1.0,0.0,-0.365,0.6515091268912168,-0.8955247104854678,-1.0224691078613168,,,,,,
1985-09,-1.133493500893242,0.0,0.0,1.0,0.0,-0.535,0.5191123024038148,-1.0267837645863478,-1.0883187133704455,,,,,,
1985-10,-1.1252797798722767,0.0,0.0,1.0,0.0,-0.14800000000000002,0.14919635679525808,-1.143713501737061,-1.0029589769547183,,,,,,
1985-11,-1.1167922681506124,0.0,0.0,1.0,0.0,-0.06,-0.25836164247854304,-1.1144760518845405,-1.0367252560841074,,,,,,
1985-12,-1.1085785471296468,0.0,0.0,1.0,0.0,-0.27899999999999997,-0.48670771432155674,-1.1001076656270588,-1.0406505918602973,,,,,,
1986-01,-1.1000910354079825,0.0,0.0,1.0,0.0,-0.293,-0.4414338342926359,-1.356904240048013,-1.0738667645507427,,,,,,
1986-02,-1.091603523686318,0.0,0.0,1.0,0.0,-0.183,-0.3952193238498614,-1.5030468097519631,-0.8440033571630805,,,,,,
1986-03,-1.08393738406675,0.0,0.0,1.0,0.0,0.027999999999999997,-0.7121364190556534,-1.4327570998491381,-0.9584143411572157,,,,,,
1986-04,-1.0754498723450858,0.0,0.0,1.0,0.0,-0.107,-1.0243128301226159,-1.2835880326116726,-0.9719805253718397,,,,,,
1986-05,-1.0672361513241202,0.0,0.0,1.0,0.0,0.353,-1.2410685075723686,-0.8882672313765726,-1.0012806861240433,,,,,,
1986-06,-1.058748639602456,0.0,0.0,1.0,0.0,0.27899999999999997,-1.419510316169658,-0.3698179825604421,-1.0992299347293208,,,,,,
1986-07,-1.0505349185814903,0.0,0.0,1.0,0.0,0.401,-1.4294843473037724,-0.19107693122123517,-1.0386925858911766,,,,,,
1986-08,-1.042047406859826,0.0,0.0,1.0,0.0,0.765,-1.510960023904276,-0.17855750588426889,-1.0916286758420553,,,,,,
1986-09,-1.0335598951381617,0.0,0.0,1.0,0.0,1.077,-1.505206240711907,-0.16859611010026274,-1.105299753233596,,,,,,
1986-10,-1.025346174117196,0.0,0.0,1.0,0.0,0.96,-1.4695744159376973,-0.09839977024399099,-0.8253398640415989,,,,,,
1986-11,-1.0168586623955318,0.0,0.0,1.0,0.0,0.865,-1.2803411630860657,0.32332746986465255,-0.9747986553916819,,,,,,
1986-12,-1.0086449413745662,0.0,0.0,1.0,0.0,1.202,-1.1746722753566003,0.5201974753284793,-1.0854050140116345,,,,,,
1987-01,-1.0001574296529019,0.0,0.0,1.0,0.0,1.249,-1.2462740995923136,0.477320084376919,-1.0893909547344882,,,,,,
1987-02,-0.9916699179312374,0.0,0.0,1.0,0.0,1.218,-1.1892162079583863,0.5453280294345874,-1.097944743566426,,,,,,
1987-03,-0.9840037783116695,0.0,0.0,1.0,0.0,1.716,-1.101118783592505,0.7577701753079567,-1.0221893927228707,,,,,,
1987-04,-0.9755162665900052,0.0,0.0,1.0,0.0,1.855,-0.9596140124545269,1.2128848716551768,-0.7569355269346646,,,,,,
1987-05,-0.9673025455690398,0.0,0.0,1.0,0.0,2.1069999999999998,-0.11433278624522579,1.7116642098415142,-0.6650630897121224,,,,,,
1987-06,-0.9588150338473754,0.0,0.0,1.0,0.0,1.9580000000000002,0.5596473816808565,1.5062055492432376,-0.8677097146376853,,,,,,
1987-07,-0.9506013128264099,0.0,0.0,1.0,0.0,1.8780000000000001,0.9745927529199839,1.0783563319631742,-0.7249221293395365,,,,,,
1987-08,-0.9421138011047455,0.0,0.0,1.0,0.0,1.973,1.2833517385431623,0.16243366288604438,-0.6121969285458561,,,,,,
1987-09,-0.9336262893830811,0.0,0.0,1.0,0.0,1.851,1.2982769443345425,-0.40725470770656463,-0.7249967200431217,,,,,,
1987-10,-0.9254125683621156,0.0,0.0,1.0,0.0,1.617,1.1828009147367333,-0.6009193316766378,-0.4990521550445073,,,,,,
1987-11,-0.9169250566404512,0.0,0.0,1.0,0.0,1.2570000000000001,1.0731194313727705,-0.5426515582755798,-0.46515068026486883,,,,,,
1987-12,-0.9087113356194857,0.0,0.0,1.0,0.0,1.2930000000000001,0.9543153137099485,-0.38684866063396345,-0.6282106202218812,,,,,,
1988-01,-0.9002238238978213,0.0,0.0,1.0,0.0,1.115,0.8282344517678946,-0.5644906914017994,-0.34422982591472584,,,,,,
1988-02,-0.891736312176157,0.0,0.0,1.0,0.0,0.716,0.3740392591784497,-0.6580950290965785,-0.3903394196850849,,,,,,
1988-03,-0.8837963818558903,0.0,0.0,1.0,0.0,0.495,-0.037417265074822216,-0.775604008446684,-0.14311464137215404,,,,,,
1988-04,-0.8753088701342259,0.0,0.0,1.0,0.0,0.389,-0.37600797612307646,-0.7513507844967235,0.06754815322936866,,,,,,
1988-05,-0.8670951491132604,0.0,0.0,1.0,0.0,0.193,-0.7838647942016402,-0.8273821388049779,-0.05605330453088111,,,,,,
1988-06,-0.858607637391596,0.0,0.0,1.0,0.0,-0.5820000000000001,-0.9604235346498321,-0.6625129943503222,0.5065983583719335,,,,,,
1988-07,-0.8503939163706304,0.0,0.0,1.0,0.0,-1.109,-1.1372844386476817,-0.4743770103106237,0.8066581112207523,,,,,,
1988-08,-0.841906404648966,0.0,0.0,1.0,0.0,-1.295,-1.3069125278962543,-0.6652288349931925,0.8150495653741284,,,,,,
1988-09,-0.8334188929273016,0.0,0.0,1.0,0.0,-1.526,-1.351747191090456,-0.7244716240326523,0.7298809676363395,,,,,,
1988-10,-0.8252051719063361,0.0,0.0,1.0,0.0,-1.328,-1.3458921828749062,-0.6531626551138304,1.0466537000072973,,,,,,
1988-11,-0.8167176601846717,0.0,0.0,1.0,0.0,-1.453,-1.0694816058724554,-0.43684035838843815,0.7009048102528357,,,,,,
1988-12,-0.8085039391637062,0.0,0.0,1.0,0.0,-1.311,-0.9882523474254544,-0.43138579745846173,1.5839864809617894,,,,,,
1989-01,-0.8000164274420418,0.0,0.0,1.0,0.0,-1.103,-1.2173916244704703,-0.5867779902593334,2.3283084643662146,,,,,,
1989-02,-0.7915289157203775,0.0,0.0,1.0,0.0,-1.2409999999999999,-1.2400969121690761,-0.787050860614605,2.0923487654343877,,,,,,
1989-03,-0.7838627761008097,0.0,0.0,1.0,0.0,-1.035,-1.2950866865348456,-0.8846301492262887,1.7902763955656091,,,,,,
1989-04,-0.7753752643791454,0.0,0.0,1.0,0.0,-0.76,-1.4319596838218582,-0.5639551187569259,1.5280621009485136,,,,,,
1989-05,-0.7671615433581798,0.0,0.0,1.0,0.0,-0.39299999999999996,-1.4449942484148657,-0.003050831962967895,1.603356754299164,,,,,,
1989-06,-0.7586740316365155,0.0,0.0,1.0,0.0,-0.242,-1.2000214115039944,0.8419880635387386,2.7480233605637103,,,,,,
1989-07,-0.75046031061555,0.0,0.0,1.0,0.0,-0.43,-1.0556016798938639,1.2636985438085568,1.460562176122554,,,,,,
1989-08,-0.7419727988938856,0.0,0.0,1.0,0.0,-0.494,-0.5027881796647131,1.4219621113535252,2.2131357561111327,,,,,,
1989-09,-0.7334852871722213,0.0,0.0,1.0,0.0,-0.315,-0.44956288039778297,1.539082420227919,2.3406951830803924,,,,,,
1989-10,-0.7252715661512557,0.0,0.0,1.0,0.0,-0.342,-0.014207186408473446,1.6163425027499936,1.884190753298804,,,,,,
1989-11,-0.7167840544295914,0.0,0.0,1.0,0.0,-0.073,0.4347124240631838,1.619311467517517,2.375090821271283,,,,,,
1989-12,-0.7085703334086257,0.0,0.0,1.0,0.0,0.131,1.1472461293837082,1.5406276906437741,1.8623030437154164,,,,,,
1990-01,-0.7000828216869615,0.0,0.0,1.0,0.0,0.243,1.2276386931913332,1.0748149553752298,1.7986678497189847,,,,,,
1990-02,-0.6915953099652971,0.0,0.0,1.0,0.0,0.573,1.3279287537204572,1.0065309087369976,1.162985228121656,,,,,,
1990-03,-0.6839291703457292,0.0,0.0,1.0,0.0,0.951,1.5514643805625468,0.30540043142139817,1.4427303360466308,,,,,,
1990-04,-0.6754416586240648,0.0,0.0,1.0,0.0,0.46,1.4227150640463375,-0.16245422211474642,1.4346302518291356,,,,,,
1990-05,-0.6672279376030994,0.0,0.0,1.0,0.0,0.652,1.0780307866142944,-0.6029696669525595,1.59447579865351,,,,,,
1990-06,-0.658740425881435,0.0,0.0,1.0,0.0,0.511,1.0859586739249472,-0.9568572064466624,1.2119257205175202,,,,,,
1990-07,-0.6505267048604695,0.0,0.0,1.0,0.0,0.147,0.8219373332326906,-0.8527734157664255,1.440702401292899,,,,,,
1990-08,-0.6420391931388051,0.0,0.0,1.0,0.0,0.127,0.8022177177793441,-0.9962318772375799,2.333623051996684,,,,,,
1990-09,-0.6335516814171407,0.0,0.0,1.0,0.0,0.366,0.8938503115383474,-0.9834133962522008,1.2753697758360154,,,,,,
1990-10,-0.6253379603961752,0.0,0.0,1.0,0.0,0.273,0.6904397864756602,-1.038702171938105,1.309655858931014,,,,,,
1990-11,-0.6168504486745108,0.0,0.0,1.0,0.0,0.38299999999999995,0.30864707288961646,-1.2967626376649148,1.3034065565462376,,,,,,
1990-12,-0.6086367276535453,0.0,0.0,1.0,0.0,0.36200000000000004,-0.04289031700421137,-1.2818419557934706,1.693145313740285,,,,,,
1991-01,-0.6001492159318809,0.0,0.0,1.0,0.0,0.319,-0.1573405890329141,-1.1535550936979106,2.203975085327031,,,,,,
1991-02,-0.5916617042102165,0.0,0.0,1.0,0.0,0.32299999999999995,-0.14380079130085757,-1.3305048374819208,2.5311718685240723,,,,,,
1991-03,-0.5839955645906487,0.0,0.0,1.0,0.0,0.39899999999999997,-0.26531555169076837,-1.1175257412788915,2.323623235797245,,,,,,
1991-04,-0.5755080528689843,0.0,0.0,1.0,0.0,0.449,-0.6849795067102906,-1.0377978456829964,1.7262705790107358,,,,,,
1991-05,-0.5672943318480188,0.0,0.0,1.0,0.0,0.741,-0.9888643238481407,-0.5918796431732203,1.6056644041913422,,,,,,
1991-06,-0.5588068201263544,0.0,0.0,1.0,0.0,1.051,-1.2143938300360404,-0.00014362437530199078,2.0136475812905217,,,,,,
1991-07,-0.5505930991053889,0.0,0.0,1.0,0.0,1.044,-1.277789651477494,0.3119431651990087,2.1343260158540125,,,,,,
1991-08,-0.5421055873837245,0.0,0.0,1.0,0.0,1.008,-1.1846991072003359,0.3753291556083157,2.0610406495811966,,,,,,
1991-09,-0.5336180756620601,0.0,0.0,1.0,0.0,0.7390000000000001,-1.1043412631857608,0.3911724174622763,1.3459675458202607,,,,,,
1991-10,-0.5254043546410946,0.0,0.0,1.0,0.0,0.99,-0.9424536422430136,0.518238909261874,1.7241237653231631,,,,,,
1991-11,-0.5169168429194302,0.0,0.0,1.0,0.0,1.172,-0.5300182732177976,1.0123907418284075,1.03835781519289,,,,,,
1991-12,-0.5087031218984647,0.0,0.0,1.0,0.0,1.34,-0.031165184801519006,1.3118653612045603,2.09222888751791,,,,,,
1992-01,-0.5002156101768003,0.0,0.0,1.0,0.0,1.7469999999999999,-0.10024062284420286,1.2411472699028718,1.9555181136024986,,,,,,
1992-02,-0.49172809845513593,0.0,0.0,1.0,0.0,1.886,-0.09980069041733929,1.2632952075091033,2.2983958239143107,,,,,,
1992-03,-0.48378816813486936,0.0,0.0,1.0,0.0,1.985,-0.029860592079909976,1.3163965684220986,1.0667232611907878,,,,,,
1992-04,-0.47530065641320496,0.0,0.0,1.0,0.0,2.247,0.15453853671227924,1.4166691591526168,0.8506270000249546,,,,,,
1992-05,-0.46708693539223944,0.0,0.0,1.0,0.0,2.085,0.5245303537794199,1.4124413411172096,0.16729923351813547,,,,,,
1992-06,-0.45859942367057505,0.0,0.0,1.0,0.0,1.735,0.6884842441567055,1.460826280038573,-8.696724683870473e-05,,,,,,
1992-07,-0.45038570264960953,0.0,0.0,1.0,0.0,1.045,0.8826292368014129,1.1377793175933355,0.3481350705233826,,,,,,
1992-08,-0.44189819092794513,0.0,0.0,1.0,0.0,0.5589999999999999,1.3515599536721898,0.9883834025262599,0.10170603355258162,,,,,,
1992-09,-0.43341067920628074,0.0,0.0,1.0,0.0,0.488,1.44284432723444,0.463936985634825,-0.05247528171826167,,,,,,
1992-10,-0.4251969581853152,0.0,0.0,1.0,0.0,0.624,1.4530406035657584,0.1667219500137141,0.2719826240814971,,,,,,
1992-11,-0.4167094464636508,0.0,0.0,1.0,0.0,0.569,1.5646299728676132,-0.2556075159551969,0.46810634020524966,,,,,,
1992-12,-0.4084957254426853,0.0,0.0,1.0,0.0,0.664,1.4445292100160227,-0.7470544488043559,0.3070169451718408,,,,,,
1993-01,-0.4000082137210209,0.0,0.0,1.0,0.0,0.6920000000000001,1.3071790867975663,-0.7890677291892718,-0.07108799322234703,,,,,,
1993-02,-0.3915207019993566,0.0,0.0,1.0,0.0,0.99,1.4235097582457803,-0.8826356565492726,0.40541923240313726,,,,,,
1993-03,-0.38385456237978877,0.0,0.0,1.0,0.0,0.987,1.2723176068678084,-0.9468795599224724,0.3158979008174973,,,,,,
1993-04,-0.3753670506581244,0.0,0.0,1.0,0.0,1.4080000000000001,0.6998674683303386,-1.0894914872151071,-0.08166821833406027,,,,,,
1993-05,-0.36715332963715885,0.0,0.0,1.0,0.0,1.993,-0.2927533099871385,-1.220658432398248,-0.12080735908109692,,,,,,
1993-06,-0.3586658179154945,0.0,0.0,1.0,0.0,1.6159999999999999,-0.8944283996081198,-1.007704314701039,-0.16628437867341908,,,,,,
1993-07,-0.35045209689452894,0.0,0.0,1.0,0.0,1.204,-1.035665058697758,-0.808045681763621,-0.3948582659734255,,,,,,
1993-08,-0.3419645851728646,0.0,0.0,1.0,0.0,1.026,-1.0778924632357456,-0.7693610420032434,-0.5301005354119978,,,,,,
1993-09,-0.3334770734512002,0.0,0.0,1.0,0.0,0.966,-1.2181622000346326,-0.7348460538170339,-0.7052698099042276,,,,,,
1993-10,-0.32526335243023474,0.0,0.0,1.0,0.0,1.045,-1.2726696896990517,-0.5443986084147031,-0.4499621482472594,,,,,,
1993-11,-0.31677584070857034,0.0,0.0,1.0,0.0,0.8220000000000001,-1.3865959258480955,-0.18398473303400142,-0.577297803105761,,,,,,
1993-12,-0.30856211968760483,0.0,0.0,1.0,0.0,0.595,-1.2695985516873294,0.028423873205988368,-0.4101726698033364,,,,,,
1994-01,-0.30007460796594043,0.0,0.0,1.0,0.0,0.35200000000000004,-1.3800520329176293,0.011408595198932675,-0.19737937823065052,,,,,,
1994-02,-0.29158709624427603,0.0,0.0,1.0,0.0,0.193,-1.3802974382852866,0.04855552842468965,-0.5043567528486051,,,,,,
1994-03,-0.28392095662470823,0.0,0.0,1.0,0.0,0.159,-1.46760060194342,0.20042345399423905,-0.6706573924810403,,,,,,
1994-04,-0.2754334449030439,0.0,0.0,1.0,0.0,0.465,-1.5307804786543338,0.45312657552236424,-0.8836791180834567,,,,,,
1994-05,-0.2672197238820783,0.0,0.0,1.0,0.0,0.58,-1.3015987901395525,1.1200815922920162,-0.8404444815176753,,,,,,
1994-06,-0.258732212160414,0.0,0.0,1.0,0.0,0.8029999999999999,-0.6975249126232158,1.8187217352685123,-0.882089403713289,,,,,,
1994-07,-0.25051849113944846,0.0,0.0,1.0,0.0,0.904,-0.14323926411018711,2.00427506116932,-0.808277240596402,,,,,,
1994-08,-0.2420309794177841,0.0,0.0,1.0,0.0,0.762,0.5139612563907081,1.9313229470947242,-0.9198835808362988,,,,,,
1994-09,-0.23354346769611972,0.0,0.0,1.0,0.0,0.893,0.9606366933900009,1.7420745103324078,-0.8784764165083642,,,,,,
1994-10,-0.22532974667515418,0.0,0.0,1.0,0.0,1.389,1.2530505312733777,1.0146091997403637,-0.7222648355243011,,,,,,
1994-11,-0.2168422349534898,0.0,0.0,1.0,0.0,1.2819999999999998,1.499276068699882,0.2599996483574656,-0.8951684173951203,,,,,,
1994-12,-0.20862851393252427,0.0,0.0,1.0,0.0,1.251,1.5293424426670514,-0.35251896120494314,-0.844570279809752,,,,,,
1995-01,-0.2001410022108599,0.0,0.0,1.0,0.0,1.219,1.4281696351821855,-0.6897157573672082,-0.8762480192387454,,,,,,
1995-02,-0.19165349048919553,0.0,0.0,1.0,0.0,0.9590000000000001,0.9667893914168543,-0.5191473252507903,-0.8008797741671458,,,,,,
1995-03,-0.18398735086962772,0.0,0.0,1.0,0.0,0.845,0.8657378072639679,-0.49029240396116963,-0.7858301007361221,,,,,,
1995-04,-0.17549983914796335,0.0,0.0,1.0,0.0,0.45299999999999996,0.8905998496001426,-0.7494952153374979,-0.9154011457427043,,,,,,
1995-05,-0.1672861181269978,0.0,0.0,1.0,0.0,0.57,0.4786901865986685,-1.3596944797637045,-0.9386244951121714,,,,,,
1995-06,-0.15879860640533344,0.0,0.0,1.0,0.0,0.507,0.05039819367393211,-1.4666595107398483,-0.9177857172979549,,,,,,
1995-07,-0.15058488538436793,0.0,0.0,1.0,0.0,0.23399999999999999,-0.29360738212659304,-1.352864097389857,-0.9561766200496487,,,,,,
1995-08,-0.14209737366270353,0.0,0.0,1.0,0.0,-0.147,-0.48445916865948496,-1.1948077740825944,-0.9708616648180564,,,,,,
1995-09,-0.13360986194103916,0.0,0.0,1.0,0.0,-0.445,-0.5373851914389378,-1.0115977383794568,-1.0336903468319694,,,,,,
1995-10,-0.12539614092007365,0.0,0.0,1.0,0.0,-0.48100000000000004,-0.6849526128412937,-0.7549886872636989,-0.9317714742202474,,,,,,
1995-11,-0.11690862919840928,0.0,0.0,1.0,0.0,-0.474,-0.7784049387414993,-0.410176217486863,-1.0365084768518111,,,,,,
1995-12,-0.10869490817744376,0.0,0.0,1.0,0.0,-0.537,-0.7799090646571912,-0.14892422787581988,-1.0872231624115323,,,,,,
1996-01,-0.10020739645577939,0.0,0.0,1.0,0.0,-0.597,-1.0618116290261004,-0.1960689593661638,-1.0471539688291633,,,,,,
1996-02,-0.091719884734115,0.0,0.0,1.0,0.0,-0.5660000000000001,-1.178635479400729,-0.20374942204528523,-1.0977124801032523,,,,,,
1996-03,-0.08377995441384833,0.0,0.0,1.0,0.0,-0.23600000000000002,-1.2933345485896173,-0.03288792230775478,-1.09379646816501,,,,,,
1996-04,-0.07529244269218396,0.0,0.0,1.0,0.0,-0.391,-1.407553446431653,0.23945302582082192,-1.0963395449653806,,,,,,
1996-05,-0.06707872167121844,0.0,0.0,1.0,0.0,-0.040999999999999995,-1.4506008350954829,0.7556888980335829,-1.0569439986747684,,,,,,
1996-06,-0.058591209949554066,0.0,0.0,1.0,0.0,0.087,-1.0247555327033755,1.5648662268556994,-1.0546456726205387,,,,,,
1996-07,-0.050377488928588544,0.0,0.0,1.0,0.0,-0.17300000000000001,-0.917843159845322,1.66898017118583,-1.016665018738565,,,,,,
1996-08,-0.04188997720692417,0.0,0.0,1.0,0.0,-0.374,-0.6306209291982661,1.8905192259245862,-1.0017701876163239,,,,,,
1996-09,-0.03340246548525979,0.0,0.0,1.0,0.0,-0.457,-0.020495833291169392,1.972366443951045,-1.0911368433902877,,,,,,
1996-10,-0.025188744464294272,0.0,0.0,1.0,0.0,-0.359,0.5751704435227997,1.904554556280513,-1.1211386229480933,,,,,,
1996-11,-0.016701232742629895,0.0,0.0,1.0,0.0,-0.149,1.0332767401173504,1.7842220686136705,-0.9427875887560402,,,,,,
1996-12,-0.008487511721664374,0.0,0.0,1.0,0.0,-0.325,1.4035827356934139,1.1138904107757717,-0.9777146857099792,,,,,,
1997-01,-0.0,0.0,0.0,1.0,0.0,-0.48,1.3771435334614748,0.8206010931683164,-1.0581327880131632,,,,,,
1997-02,-0.0,0.0,0.0,0.0,1.0,-0.605,1.4173620154650104,0.4137444529597933,-1.050485575924581,,,,,,
1997-03,-0.0,0.0,0.0,0.0,1.0,-0.248,1.5225095480937971,0.2210221663514487,-1.0336577133991507,,,,,,
1997-04,-0.0,0.0,0.0,0.0,1.0,0.527,1.494794405279123,-0.42794085128180753,-0.984409201356784,,,,,,
1997-05,-0.0,0.0,0.0,0.0,1.0,1.1320000000000001,1.366722118768771,-0.628377095629764,-0.9574353381726551,,,,,,
1997-06,-0.0,0.0,0.0,0.0,1.0,2.275,1.2575252635928564,-0.8968016975955777,-1.0067374622832246,,,,,,
1997-07,-0.0,0.0,0.0,0.0,1.0,2.825,0.8279516739884463,-1.0189524041487363,-1.0190425974153554,,,,,,
1997-08,-0.0,0.0,0.0,0.0,1.0,3.002,0.6699985751350839,-1.0688554108217925,-0.8551994550706941,,,,,,
1997-09,-0.0,0.0,0.0,0.0,1.0,2.99,0.5349935923839773,-1.100029096970946,-0.5038096433575733,,,,,,
1997-10,-0.0,0.0,0.0,0.0,1.0,2.3609999999999998,0.10717273957625814,-1.1215517560878014,-0.7824035902901598,,,,,,
1997-11,-0.0,0.0,0.0,0.0,1.0,2.516,-0.32262120511351866,-0.9430221409776823,-0.5003411756408453,,,,,,
1997-12,-0.0,0.0,0.0,0.0,1.0,2.344,-0.531452883186974,-0.6005907897420778,-0.5367437699500864,,,,,,
1998-01,-0.0,0.0,0.0,0.0,1.0,2.455,-0.6279325753576818,-0.578948211853764,-0.651496905497499,,,,,,
1998-02,-0.0,0.0,0.0,0.0,1.0,2.7769999999999997,-0.8286564116175037,-0.5925774992082234,-0.6355081883874062,,,,,,
1998-03,-0.0,0.0,0.0,0.0,1.0,2.7510000000000003,-1.0508577538128365,-0.404154872342516,-0.268846596103567,,,,,,
1998-04,-0.0,0.0,0.0,0.0,1.0,2.658,-1.3093185499511593,0.04554091580930505,-0.24822692848113317,,,,,,
1998-05,-0.0,0.0,0.0,0.0,1.0,2.206,-1.2706255173954917,0.79561616861467,-0.24723860165862477,,,,,,
1998-06,-0.0,0.0,0.0,0.0,1.0,1.3359999999999999,-0.8966934952220544,1.4807121701482562,-0.1868061459973969,,,,,,
1998-07,-0.0,0.0,0.0,0.0,1.0,0.392,-0.5421547653417351,1.7473015399941203,-0.05906024226917442,,,,,,
1998-08,-0.0,0.0,0.0,0.0,1.0,-0.336,0.15178239016591616,1.9428726739668698,0.4107912615352542,,,,,,
1998-09,-0.0,0.0,0.0,0.0,1.0,-0.636,0.6364040871056394,1.812991031576626,0.4201034446860131,,,,,,
1998-10,-0.0,0.0,0.0,0.0,1.0,-0.8079999999999999,0.8922666054240731,1.7510412509946858,-0.08416467594468942,,,,,,
1998-11,-0.0,0.0,0.0,0.0,1.0,-1.071,1.456094861336653,1.3569673602567722,0.36135627273392185,,,,,,
1998-12,-0.0,0.0,0.0,0.0,1.0,-0.9079999999999999,1.6146079358537184,0.7466230944959614,0.5424671629586411,,,,,,
1999-01,-0.0,0.0,0.0,0.0,1.0,-1.0390000000000001,1.3129276832698993,0.2593814907838114,0.3826099613368345,,,,,,
1999-02,-0.0,0.0,0.0,0.0,1.0,-1.123,1.5269924754885174,-0.18764221689808522,0.3936512169356657,,,,,,
1999-03,-0.0,0.0,0.0,0.0,1.0,-0.95,0.9891942602321975,-0.4704419828624669,0.09758023526050498,,,,,,
1999-04,-0.0,0.0,0.0,0.0,1.0,-0.88,1.239594073851843,-0.6980098544921556,-0.052692060950555786,,,,,,
1999-05,-0.0,0.0,0.0,0.0,1.0,-0.596,0.8961241420473716,-0.792461870841292,0.6827443048892383,,,,,,
1999-06,-0.0,0.0,0.0,0.0,1.0,-0.33899999999999997,0.5074835367054253,-1.2359163571915381,1.1863457711066463,,,,,,
1999-07,-0.0,0.0,0.0,0.0,1.0,-0.478,0.2994619425202481,-1.0533032928671968,1.0953241340968771,,,,,,
1999-08,-0.0,0.0,0.0,0.0,1.0,-0.7390000000000001,0.26675178133456573,-1.1246778845042735,1.1826651860765953,,,,,,
1999-09,-0.0,0.0,0.0,0.0,1.0,-0.9670000000000001,0.1995139751208148,-1.1132512970910622,0.36323502608048397,,,,,,
1999-10,-0.0,0.0,0.0,0.0,1.0,-0.97,-0.20624079998855963,-1.189269734415884,0.9381941550749177,,,,,,
1999-11,-0.0,0.0,0.0,0.0,1.0,-1.041,-0.45659935575657595,-1.002429358098841,1.4508886942513017,,,,,,
1999-12,-0.0,0.0,0.0,0.0,1.0,-1.1420000000000001,-0.6560439004332795,-1.0149775782147954,0.9552567785201136,,,,,,
2000-01,-0.0,0.0,1.0,0.0,0.0,-1.122,-0.8468332027716206,-1.086879617416203,0.7073592370724735,,,,,,
2000-02,-0.0,0.008487511721664374,1.0,0.0,0.0,-1.189,-0.8745637666894434,-1.1614612013944692,1.055279053888512,,,,,,
2000-03,-0.0,0.016427442041931046,1.0,0.0,0.0,-1.09,-0.9420247057197727,-1.2476983868799885,1.857408028792615,,,,,,
2000-04,-0.0,0.02491495376359542,1.0,0.0,0.0,-0.397,-1.173280231910703,-1.0897053063875126,1.410206458323839,,,,,,
2000-05,-0.0,0.03312867478456094,1.0,0.0,0.0,0.251,-1.415597711724592,-0.8170529181088124,1.4803520221675983,,,,,,
2000-06,-0.0,0.04161618650622532,1.0,0.0,0.0,0.001,-1.5947903354375261,-0.3473202569376672,1.410712276532528,,,,,,
2000-07,-0.0,0.04982990752719084,1.0,0.0,0.0,-0.159,-1.4602184446332804,0.098722738160916,1.9713220189246887,,,,,,
2000-08,-0.0,0.058317419248855216,1.0,0.0,0.0,-0.145,-1.4972799531703536,0.12938041578095003,1.012948025824572,,,,,,
2000-09,-0.0,0.06680493097051958,1.0,0.0,0.0,-0.23800000000000002,-1.580867041953927,0.049527034646902,1.3744378849950754,,,,,,
2000-10,-0.0,0.07501865199148511,1.0,0.0,0.0,-0.391,-1.4915463139885266,0.2779023886485202,1.0006405597329544,,,,,,
2000-11,-0.0,0.08350616371314948,1.0,0.0,0.0,-0.713,-1.1436636477709294,0.6230713082533346,1.1799146538818783,,,,,,
2000-12,-0.0,0.091719884734115,1.0,0.0,0.0,-0.55,-0.9260258564764459,0.7848190310064455,1.0347658066233487,,,,,,
2001-01,-0.0,0.10020739645577939,1.0,0.0,0.0,-0.496,-0.9174918864795152,0.7391433981428873,0.8858874241855413,,,,,,
2001-02,-0.0,0.10869490817744376,1.0,0.0,0.0,-0.649,-1.0786903429891874,0.5654663661249292,0.4913567137774404,,,,,,
2001-03,-0.0,0.11636104779701158,1.0,0.0,0.0,-0.5479999999999999,-1.000994390476062,0.6203452483133478,1.207070331905997,,,,,,
2001-04,-0.0,0.12484855951867595,1.0,0.0,0.0,-0.05,-0.853286198501873,0.9362578516760817,1.2763091525092947,,,,,,
2001-05,-0.0,0.13306228053964148,1.0,0.0,0.0,0.282,-0.3759861530439785,1.405002881490726,0.6665907556439906,,,,,,
2001-06,-0.0,0.14154979226130585,1.0,0.0,0.0,0.052000000000000005,-0.16525771982028215,1.4735539186867073,1.2742136199304377,,,,,,
2001-07,-0.0,0.1497635132822714,1.0,0.0,0.0,0.297,0.3287243560587744,1.5150869474594832,0.3284151532629491,,,,,,
2001-08,-0.0,0.15825102500393573,1.0,0.0,0.0,0.332,0.5054990959538291,1.588063630035285,1.011199806209285,,,,,,
2001-09,-0.0,0.1667385367256001,1.0,0.0,0.0,-0.174,0.6876913190551255,1.55095467995586,2.5098552440150104,,,,,,
2001-10,-0.0,0.17495225774656564,1.0,0.0,0.0,-0.276,1.0127673796221108,1.2310504321778657,1.8673379162074424,,,,,,
2001-11,-0.0,0.18343976946823,1.0,0.0,0.0,-0.151,1.302609578579475,0.8981056341763849,1.9002720427999564,,,,,,
2001-12,-0.0,0.19165349048919553,1.0,0.0,0.0,0.033,1.6253852637579729,0.3788319231985435,2.3366299897349787,,,,,,
2002-01,-0.0,0.2001410022108599,1.0,0.0,0.0,0.017,1.5390091329191236,0.035273071669422076,2.1594304495295282,,,,,,
2002-02,-0.0,0.20862851393252427,1.0,0.0,0.0,-0.16,1.5341482858947466,-0.3174212174267085,1.7264563897812728,,,,,,
2002-03,-0.0,0.21629465355209213,1.0,0.0,0.0,-0.11800000000000001,1.6121982839988034,-0.6389452601115393,1.2569994841185825,,,,,,
2002-04,-0.0,0.2247821652737565,1.0,0.0,0.0,0.401,1.141723384235387,-0.8291405506032703,1.531024750456553,,,,,,
2002-05,-0.0,0.23299588629472198,1.0,0.0,0.0,0.8859999999999999,0.7628506322872595,-1.0956355415378334,1.343011889190683,,,,,,
2002-06,-0.0,0.24148339801638635,1.0,0.0,0.0,0.932,0.2121891590686958,-1.078955855159319,0.7141283434228632,,,,,,
2002-07,-0.0,0.2496971190373519,1.0,0.0,0.0,0.7120000000000001,0.22830397643518835,-1.0975058944787734,1.2729432470099973,,,,,,
2002-08,-0.0,0.25818463075901626,1.0,0.0,0.0,1.002,0.19373708655178537,-1.0764134449668297,1.4673452682298667,,,,,,
2002-09,-0.0,0.26667214248068066,1.0,0.0,0.0,0.8809999999999999,0.24486218489650435,-0.990768634021192,1.2429974104798809,,,,,,
2002-10,-0.0,0.2748858635016462,1.0,0.0,0.0,0.9790000000000001,-0.13514097954612161,-0.991541227856128,0.9855359422568778,,,,,,
2002-11,-0.0,0.2833733752233105,1.0,0.0,0.0,1.0759999999999998,-0.5131218865923567,-0.6347779169097222,0.9681213439291372,,,,,,
2002-12,-0.0,0.29158709624427603,1.0,0.0,0.0,1.156,-0.5862340463257445,-0.5478598930568167,0.6902266848426649,,,,,,
2003-01,-0.0,0.30007460796594043,1.0,0.0,0.0,1.214,-0.682690038826695,-0.5030861300975883,0.4109311191044764,,,,,,
2003-02,-0.0,0.30856211968760483,1.0,0.0,0.0,0.9440000000000001,-0.8867439065953704,-0.6021832681077609,0.0217974123944247,,,,,,
2003-03,-0.0,0.31622825930717263,1.0,0.0,0.0,0.83,-1.1246566992398568,-0.49038670225932623,0.22520026717642755,,,,,,
2003-04,-0.0,0.324715771028837,1.0,0.0,0.0,0.413,-1.299688806309941,-0.2132376263801775,0.1455886768557632,,,,,,
2003-05,-0.0,0.33292949204980254,1.0,0.0,0.0,0.214,-1.2728409025264475,0.35488168369123907,-0.03668303119350497,,,,,,
2003-06,-0.0,0.3414170037714669,1.0,0.0,0.0,0.107,-0.9004697275824186,1.0112771139096761,0.28179829448145993,,,,,,
2003-07,-0.0,0.34963072479243246,1.0,0.0,0.0,0.177,-0.33173429161182816,1.4864347236203197,0.24778726460593029,,,,,,
2003-08,-0.0,0.3581182365140968,1.0,0.0,0.0,0.309,0.0791880227580495,1.5866754888282046,0.10247525018330796,,,,,,
2003-09,-0.0,0.36660574823576114,1.0,0.0,0.0,0.46,0.36665966258368654,1.4934340859512725,-0.15233824806240612,,,,,,
2003-10,-0.0,0.3748194692567267,1.0,0.0,0.0,0.49700000000000005,0.5378800493230232,1.5070927858343675,0.6424653249530352,,,,,,
2003-11,-0.0,0.38330698097839105,1.0,0.0,0.0,0.563,0.8626203941334328,1.5640149666886527,0.37414624743936,,,,,,
2003-12,-0.0,0.3915207019993566,1.0,0.0,0.0,0.36200000000000004,1.4015612994906161,1.3029796343005655,-0.19535144347691868,,,,,,
2004-01,-0.0,0.4000082137210209,1.0,0.0,0.0,0.332,1.5217925150795946,0.8998027852064633,-0.21681958035263715,,,,,,
2004-02,-0.0,0.4084957254426853,1.0,0.0,0.0,0.37,1.2817913129406513,0.33298527884181517,-0.3475068334418627,,,,,,
2004-03,-0.0,0.416435655762952,1.0,0.0,0.0,-0.036000000000000004,1.4216956832953085,0.07000707215531894,-0.20493168696868888,,,,,,
2004-04,-0.0,0.4249231674846164,1.0,0.0,0.0,0.358,1.2374739651585798,-0.5957746244984753,-0.40076724827309407,,,,,,
2004-05,-0.0,0.4331368885055819,1.0,0.0,0.0,0.5579999999999999,1.0807849020835705,-0.7421372082153493,-0.39807499006555297,,,,,,
2004-06,-0.0,0.4416244002272463,1.0,0.0,0.0,0.315,0.8639104124831108,-0.7772337680469927,-0.43234475644414416,,,,,,
2004-07,-0.0,0.4498381212482118,1.0,0.0,0.0,0.5710000000000001,0.7356298644205392,-0.7427432516131085,0.0420567802790036,,,,,,
2004-08,-0.0,0.4583256329698762,1.0,0.0,0.0,0.617,0.5374575603318833,-0.742396586620678,-0.16737992963233256,,,,,,
2004-09,-0.0,0.46681314469154056,1.0,0.0,0.0,0.5579999999999999,0.15361644191568927,-0.7191488677323254,-0.3537984146090608,,,,,,
2004-10,-0.0,0.47502686571250613,1.0,0.0,0.0,0.49200000000000005,-0.1621244255351909,-0.8246967957744602,-0.3333908642999486,,,,,,
2004-11,-0.0,0.4835143774341704,1.0,0.0,0.0,0.794,-0.4495062308336708,-0.6600871002731802,-0.19988515967922788,,,,,,
2004-12,-0.0,0.49172809845513593,1.0,0.0,0.0,0.684,-0.6865073915259675,-0.6240702430951902,-0.6147143647918692,,,,,,
2005-01,-0.0,0.5002156101768003,1.0,0.0,0.0,0.325,-0.9278833607053317,-0.6095082103902163,-0.46513669450794687,,,,,,
2005-02,-0.0,0.5087031218984647,1.0,0.0,0.0,0.816,-1.0613376827148884,-0.878572742855482,-0.5543708185853619,,,,,,
2005-03,-0.0,0.5163692615180325,1.0,0.0,0.0,1.057,-1.2322325017314641,-1.0348609703152627,-0.6813564965265944,,,,,,
2005-04,-0.0,0.5248567732396969,1.0,0.0,0.0,0.626,-1.385420977479274,-0.3382114146252364,-0.7330175516380573,,,,,,
2005-05,-0.0,0.5330704942606624,1.0,0.0,0.0,0.885,-1.5055822435353718,0.1253826125238482,-0.4052776548805331,,,,,,
2005-06,-0.0,0.5415580059823268,1.0,0.0,0.0,0.589,-1.4931126773440624,0.5775300869019657,-0.5160215401102223,,,,,,
2005-07,-0.0,0.5497717270032924,1.0,0.0,0.0,0.519,-1.293943526347764,1.04570914086999,-0.4512907951548772,,,,,,
2005-08,-0.0,0.5582592387249566,1.0,0.0,0.0,0.34299999999999997,-1.2256878187596858,1.2185461226929928,-0.599399960961958,,,,,,
2005-09,-0.0,0.566746750446621,1.0,0.0,0.0,0.29600000000000004,-0.9022855970551581,1.5480913044574225,-0.6151619090133819,,,,,,
2005-10,-0.0,0.5749604714675866,1.0,0.0,0.0,-0.179,-0.25836089874836493,1.7916210097550391,-0.9606520622647826,,,,,,
2005-11,-0.0,0.583447983189251,1.0,0.0,0.0,-0.385,0.42931517071733805,1.7647432610326892,-0.7822264373691449,,,,,,
2005-12,-0.0,0.5916617042102165,1.0,0.0,0.0,-0.55,0.8906952480279313,1.6983432020290479,-0.7050623545098808,,,,,,
2006-01,-0.0,0.6001492159318809,1.0,0.0,0.0,-0.428,0.9338993688346339,1.5177683761622303,-0.8601643987781081,,,,,,
2006-02,-0.0,0.6086367276535453,1.0,0.0,0.0,-0.414,1.1523684755557329,0.9476035299789721,-0.9917229197416121,,,,,,
2006-03,-0.0,0.6163028672731131,1.0,0.0,0.0,-0.521,1.3305847541309292,0.5184617274414716,-0.9912808699246042,,,,,,
2006-04,-0.0,0.6247903789947775,1.0,0.0,0.0,-0.5710000000000001,1.0083041694130712,0.0324537055333654,-0.6676947429730008,,,,,,
2006-05,-0.0,0.6330041000157429,1.0,0.0,0.0,0.045,1.1495515937997856,-0.4218716881198913,-0.8185567719342872,,,,,,
2006-06,-0.0,0.6414916117374073,1.0,0.0,0.0,0.526,1.0714763632122049,-0.8343087149295582,-0.8991427033205383,,,,,,
2006-07,-0.0,0.6497053327583728,1.0,0.0,0.0,0.716,0.8728635330553276,-0.94681762135554,-0.9136599190058786,,,,,,
2006-08,-0.0,0.6581928444800372,1.0,0.0,0.0,0.748,0.6143041300200138,-0.7328460667821466,-0.8463184994250385,,,,,,
2006-09,-0.0,0.6666803562017016,1.0,0.0,0.0,0.8,0.6139471719087668,-0.9836806689837351,-0.9060796387539951,,,,,,
2006-10,-0.0,0.6748940772226671,1.0,0.0,0.0,0.9390000000000001,0.255979686522515,-0.9582134794015584,-1.0108609296158135,,,,,,
2006-11,-0.0,0.6833815889443315,1.0,0.0,0.0,1.272,-0.321991811218587,-0.9641077598845664,-0.7804199437666818,,,,,,
2006-12,-0.0,0.6915953099652971,1.0,0.0,0.0,0.965,-0.5791600434332262,-0.9363081105666275,-0.83589911051793,,,,,,
2007-01,-0.0,0.7000828216869615,1.0,0.0,0.0,0.985,-0.7384593417624881,-0.8289458080188494,-0.8591154670089362,,,,,,
2007-02,-0.0,0.7085703334086257,1.0,0.0,0.0,0.537,-0.9087414401022232,-1.0105065612043969,-0.9676449407259289,,,,,,
2007-03,-0.0,0.7162364730281936,1.0,0.0,0.0,0.125,-1.0343945371065082,-0.9257856436218473,-1.0608600106130106,,,,,,
2007-04,-0.0,0.7247239847498579,1.0,0.0,0.0,0.026000000000000002,-1.2698122431153056,-0.5763032836769937,-1.0305831778357337,,,,,,
2007-05,-0.0,0.7329377057708235,1.0,0.0,0.0,0.348,-1.4190948407156292,0.045934048490400996,-0.9624702106646805,,,,,,
2007-06,-0.0,0.7414252174924878,1.0,0.0,0.0,-0.155,-1.2096289475822264,0.8783653312444961,-0.9638151742887078,,,,,,
2007-07,-0.0,0.7496389385134534,1.0,0.0,0.0,-0.248,-0.9248342758273945,1.3814790553829708,-1.0071547040314062,,,,,,
2007-08,-0.0,0.7581264502351177,1.0,0.0,0.0,-0.442,-0.6730311788005048,1.6315105814082882,-1.074426194827635,,,,,,
2007-09,-0.0,0.7666139619567821,1.0,0.0,0.0,-1.197,-0.3157309464251564,1.7939959538982764,-1.1421522227238374,,,,,,
2007-10,-0.0,0.7748276829777476,1.0,0.0,0.0,-1.217,-0.07080481032632424,1.8068126830952673,-1.1558932288999906,,,,,,
2007-11,-0.0,0.783315194699412,1.0,0.0,0.0,-1.155,0.6961557871003827,1.7164189014310018,-1.1353598067785775,,,,,,
2007-12,-0.0,0.7915289157203775,1.0,0.0,0.0,-1.178,1.1374471251417004,1.6016037954304212,-0.9612114925416742,,,,,,
2008-01,-0.0,0.8000164274420418,1.0,0.0,0.0,-1.006,1.172080983807803,1.2513319319729703,-1.0512098383366286,,,,,,
2008-02,-0.0,0.8085039391637062,1.0,0.0,0.0,-1.371,1.318255666151207,0.8560350172415179,-1.1056094378511612,,,,,,
2008-03,-0.0,0.816443869483973,1.0,0.0,0.0,-1.5519999999999998,1.4904572741554467,0.3590272763338724,-1.0460351082753805,,,,,,
2008-04,-0.0,0.8249313812056374,1.0,0.0,0.0,-0.858,1.329334291552435,-0.08485986668891736,-1.0786359076612446,,,,,,
2008-05,-0.0,0.8331451022266029,1.0,0.0,0.0,-0.345,1.0637479955198472,-0.532097146850672,-1.0953349014264626,,,,,,
2008-06,-0.0,0.8416326139482673,1.0,0.0,0.0,0.142,1.1000567164009456,-0.8477181100223634,-1.1365882224282524,,,,,,
2008-07,-0.0,0.8498463349692328,1.0,0.0,0.0,0.08800000000000001,0.8108396313251307,-1.0274848130449628,-1.1406487538546914,,,,,,
2008-08,-0.0,0.8583338466908972,1.0,0.0,0.0,-0.26899999999999996,0.5049444635828215,-1.084808504255577,-1.1372921721933407,,,,,,
2008-09,-0.0,0.8668213584125615,1.0,0.0,0.0,-0.58,0.425045314615394,-1.1390424404625832,-1.1402734693772762,,,,,,
2008-10,-0.0,0.8750350794335271,1.0,0.0,0.0,-0.6990000000000001,-0.011001491716471261,-1.1909689769903113,-1.1405788250700797,,,,,,
2008-11,-0.0,0.8835225911551914,1.0,0.0,0.0,-0.588,-0.3192178817419521,-1.0422081375469205,-1.1568209507758358,,,,,,
2008-12,-0.0,0.891736312176157,1.0,0.0,0.0,-0.6459999999999999,-0.4366734255381787,-1.1737306329337864,-1.1580493664255107,,,,,,
2009-01,-0.0,0.9002238238978213,1.0,0.0,0.0,-0.7140000000000001,-0.4707127923404563,-1.35734244471182,-1.1454738399928825,,,,,,
2009-02,-0.0,0.9087113356194857,1.0,0.0,0.0,-0.69,-0.44651059260787423,-1.6882900974442634,-1.1309261553371048,,,,,,
2009-03,-0.0,0.9163774752390536,1.0,0.0,0.0,-0.705,-0.5183977436763649,-1.3115944975549187,-1.1247049909632774,,,,,,
2009-04,-0.0,0.924864986960718,1.0,0.0,0.0,-0.106,-0.8803924707989695,-1.2761580042287515,-1.0877406354176573,,,,,,
2009-05,-0.0,0.9330787079816835,1.0,0.0,0.0,0.326,-1.1368834057594277,-1.1163257455949356,-1.0475735415368321,,,,,,
2009-06,-0.0,0.9415662197033479,1.0,0.0,0.0,0.7509999999999999,-1.3157576893168481,-0.4815258658200509,-1.0766126348264862,,,,,,
2009-07,-0.0,0.9497799407243133,1.0,0.0,0.0,1.06,-1.2843633178660818,0.03256122691662253,-1.083936509534793,,,,,,
2009-08,-0.0,0.9582674524459776,1.0,0.0,0.0,1.05,-1.1675828531169663,0.16501412618102632,-1.1144953884100037,,,,,,
2009-09,-0.0,0.966754964167642,1.0,0.0,0.0,0.7070000000000001,-1.355923416761582,-0.08249483723532633,-1.067507907070074,,,,,,
2009-10,-0.0,0.9749686851886075,1.0,0.0,0.0,0.883,-1.3311865004927568,-0.013568797443345614,-1.053587417013418,,,,,,
2009-11,-0.0,0.9834561969102719,1.0,0.0,0.0,1.107,-1.1156706113467914,0.46413758501873803,-1.0496597502777405,,,,,,
2009-12,-0.0,0.9916699179312374,1.0,0.0,0.0,1.0590000000000002,-1.220206004699164,0.3909384916592449,-0.9989730362318646,,,,,,
2010-01,-0.0,1.0001574296529019,1.0,0.0,0.0,1.0659999999999998,-1.2639218232107443,0.47610085221263815,-0.9094641919291903,,,,,,
2010-02,-0.0,1.0086449413745662,1.0,0.0,0.0,1.526,-1.341960240152762,0.34912576413845875,-0.8191511666034844,,,,,,
2010-03,-0.0,1.016311080994134,1.0,0.0,0.0,1.462,-1.257774012992259,0.6630254375537907,-0.8214238521033571,,,,,,
2010-04,-0.0,1.0247985927157983,1.0,0.0,0.0,0.978,-1.1791014068976438,1.0905719146114985,-0.9534097711385214,,,,,,
2010-05,-0.0,1.033012313736764,1.0,0.0,0.0,0.6579999999999999,-0.5719899279927761,1.6572711817002643,-0.9762461812331391,,,,,,
2010-06,-0.0,1.0414998254584282,1.0,0.0,0.0,-0.228,0.4586149165701054,1.7602704763529047,-0.9898286821641719,,,,,,
2010-07,-0.0,1.0497135464793939,1.0,0.0,0.0,-1.103,1.168620773783202,1.2211926668419935,-0.8239412883493696,,,,,,
2010-08,-0.0,1.0582010582010581,1.0,0.0,0.0,-1.671,1.319640803630478,0.0702963801734292,-0.8439409207482484,,,,,,
2010-09,-0.0,1.0666885699227227,1.0,0.0,0.0,-1.879,1.2724971989015186,-0.580400402916272,-0.8346870115846647,,,,,,
2010-10,-0.0,1.074902290943688,1.0,0.0,0.0,-1.892,1.1373967294975018,-0.562389231886526,-0.8515631582708979,,,,,,
2010-11,-0.0,1.0833898026653526,1.0,0.0,0.0,-1.4769999999999999,1.105928504263434,-0.6188059772641064,-0.861495376645213,,,,,,
2010-12,-0.0,1.091603523686318,1.0,0.0,0.0,-1.558,0.6315749473037224,-0.5846324682338712,-0.84163327085607,,,,,,
2011-01,-0.0,1.1000910354079825,1.0,0.0,0.0,-1.719,0.31030579239113776,-0.7922516620448506,-0.860339220739637,,,,,,
2011-02,-0.0,1.1085785471296468,1.0,0.0,0.0,-1.544,0.3715853498020454,-0.877512894358495,-0.6101914709014632,,,,,,
2011-03,-0.0,1.1162446867492144,1.0,0.0,0.0,-1.554,0.11454871396372973,-1.1004430854091705,-0.12402408317322473,,,,,,
2011-04,-0.0,1.124732198470879,1.0,0.0,0.0,-1.3869999999999998,-0.2514338900295611,-1.121324249141716,-0.15371118320027816,,,,,,
2011-05,-0.0,1.1329459194918443,1.0,0.0,0.0,-0.19899999999999998,-0.6666449895424773,-1.1503984531844051,-0.4874439767990037,,,,,,
2011-06,-0.0,1.1414334312135088,1.0,0.0,0.0,-0.003,-0.9686803008733024,-1.0621058114540174,-0.46782429079651444,,,,,,
2011-07,-0.0,1.1496471522344742,1.0,0.0,0.0,-0.193,-1.0574453653931275,-0.7727773981193368,-0.5032478821211953,,,,,,
2011-08,-0.0,1.1581346639561387,1.0,0.0,0.0,-0.517,-1.181271873846405,-0.9228789019614724,-0.34912484083752787,,,,,,
2011-09,-0.0,1.166622175677803,1.0,0.0,0.0,-0.778,-1.2875024408446258,-0.847384749677131,0.33519824537026116,,,,,,
2011-10,-0.0,1.1748358966987686,1.0,0.0,0.0,-0.9390000000000001,-1.2557524678408298,-0.6757797856253938,0.3456176342773697,,,,,,
2011-11,-0.0,1.183323408420433,1.0,0.0,0.0,-0.938,-1.1921778140189314,-0.15171372863480628,0.6382556121194252,,,,,,
2011-12,-0.0,1.1915371294413986,1.0,0.0,0.0,-0.945,-0.9838331267036005,0.4272901739068919,0.35680623981520365,,,,,,
2012-01,-0.0,1.2000246411630628,1.0,0.0,0.0,-0.98,-1.298676949219393,0.14724859902759568,0.18431989969256515,,,,,,
2012-02,-0.0,1.2085121528847274,1.0,0.0,0.0,-0.675,-1.2570276523957935,0.06674998799426965,-0.35012313452129157,,,,,,
2012-03,-0.0,1.2164520832049939,1.0,0.0,0.0,-0.382,-1.3282067008864762,-0.015195217321997167,-0.14262513987987424,,,,,,
2012-04,-0.0,1.2249395949266584,1.0,0.0,0.0,0.11,-1.2324967340859467,0.24554010453437095,-0.1397650525892652,,,,,,
2012-05,-0.0,1.2331533159476238,1.0,0.0,0.0,0.757,-0.9032679042111506,1.0439033770030715,0.08289519049209852,,,,,,
2012-06,-0.0,1.2416408276692883,1.0,0.0,0.0,0.8420000000000001,-0.37526116283852906,1.4356251923042673,0.09291132340794707,,,,,,
2012-07,-0.0,1.2498545486902537,1.0,0.0,0.0,1.126,0.012580726112742196,1.5221452057089335,0.43652505427227306,,,,,,
2012-08,-0.0,1.2583420604119182,1.0,0.0,0.0,0.607,0.3256371530407803,1.5649345329060118,-0.03968996893179858,,,,,,
2012-09,-0.0,1.2668295721335825,1.0,0.0,0.0,0.316,0.49164043617194075,1.531193745818005,0.0852517905335055,,,,,,
2012-10,-0.0,1.2750432931545481,1.0,0.0,0.0,0.069,0.5577267377405505,1.547129010818223,0.043595213540455334,,,,,,
2012-11,-0.0,1.2835308048762124,1.0,0.0,0.0,0.127,0.789587426316817,1.5437879938064238,-0.04626094372578966,,,,,,
2012-12,-0.0,1.291744525897178,1.0,0.0,0.0,0.111,1.3004701130012895,1.2769649626663242,-0.33464958242295473,,,,,,
2013-01,-0.0,1.3002320376188423,1.0,0.0,0.0,0.10300000000000001,1.2148736548738805,0.9616983249852304,0.056741825047410356,,,,,,
2013-02,-0.0,1.3087195493405068,1.0,0.0,0.0,-0.068,1.2596561406033064,0.7084876247132763,-0.4044834636838749,,,,,,
2013-03,-0.0,1.3163856889600745,1.0,0.0,0.0,-0.026000000000000002,1.4852730192212715,0.5238246162604605,-0.22248381190616645,,,,,,
2013-04,-0.0,1.3248732006817387,1.0,0.0,0.0,0.09,1.3763814455827668,0.01076728829796494,0.11784093512193358,,,,,,
2013-05,-0.0,1.3330869217027044,1.0,0.0,0.0,0.205,1.2741808925795226,-0.19811354657744515,0.2997443515722484,,,,,,
2013-06,-0.0,1.3415744334243687,1.0,0.0,0.0,-0.094,1.300514741361224,-0.6689651689480928,-0.1462684295581313,,,,,,
2013-07,-0.0,1.3497881544453343,1.0,0.0,0.0,-0.314,1.0599028017727237,-0.8290150845039032,-0.024795137809556694,,,,,,
2013-08,-0.0,1.3582756661669986,1.0,0.0,0.0,-0.48100000000000004,1.0459330347381786,-0.8091524656993018,-0.04549405805454976,,,,,,
2013-09,-0.0,1.366763177888663,1.0,0.0,0.0,-0.155,1.1007783619353002,-0.836983826592134,-0.3629031423654735,,,,,,
2013-10,-0.0,1.3749768989096285,1.0,0.0,0.0,0.115,0.9009012510367823,-0.8694538562179525,0.24079438614478468,,,,,,
2013-11,-0.0,1.383464410631293,1.0,0.0,0.0,-0.053,0.5510094268947097,-1.0973055034836217,0.5352132170349451,,,,,,
2013-12,-0.0,1.3916781316522584,1.0,0.0,0.0,-0.23399999999999999,0.15442588273479388,-1.220070282545632,0.49169886533071805,,,,,,
2014-01,-0.0,1.400165643373923,1.0,0.0,0.0,-0.27,0.14839374353668958,-1.3744422092894437,0.7504353683931357,,,,,,
2014-02,-0.0,1.4086531550955872,1.0,0.0,0.0,-0.259,0.021624029611620105,-1.3259191214819266,0.9912651076818305,,,,,,
2014-03,-0.0,1.416319294715155,1.0,0.0,0.0,0.018000000000000002,-0.1887745244830084,-1.206504989203884,0.6058226418166279,,,,,,
2014-04,-0.0,1.4248068064368193,1.0,0.0,0.0,0.295,-0.7374998035122041,-1.2313450212767272,0.5373810093579003,,,,,,
2014-05,-0.0,1.433020527457785,1.0,0.0,0.0,1.001,-1.1065585143318795,-0.5743381571999,0.27436020275828654,,,,,,
2014-06,-0.0,1.4415080391794493,1.0,0.0,0.0,1.046,-1.2793612889928772,-0.04637257502866308,0.1206590651417758,,,,,,
2014-07,-0.0,1.4497217602004149,1.0,0.0,0.0,0.915,-1.3801609093025935,0.3991567796460074,0.46498606960913896,,,,,,
2014-08,-0.0,1.4582092719220792,1.0,0.0,0.0,0.937,-1.388741563366093,0.35253713773936435,0.17163481816404724,,,,,,
2014-09,-0.0,1.4666967836437437,1.0,0.0,0.0,0.557,-1.4252097476081849,0.45895430889634153,0.6258991958785796,,,,,,
2014-10,-0.0,1.474910504664709,1.0,0.0,0.0,0.42100000000000004,-1.4249492792908112,0.6920849874034101,0.7288973027328046,,,,,,
2014-11,-0.0,1.4833980163863734,1.0,0.0,0.0,0.754,-0.9460035947455409,1.3123030994226077,0.6689660033612918,,,,,,
2014-12,-0.0,1.491611737407339,1.0,0.0,0.0,0.5660000000000001,-0.42180839382463736,1.6774589828815718,0.7267994391944608,,,,,,
2015-01,-0.0,1.5000992491290033,1.0,0.0,0.0,0.41700000000000004,-0.3152482386778274,1.6145787137610048,0.36424666249786286,,,,,,
2015-02,-0.0,1.5085867608506676,1.0,0.0,0.0,0.46399999999999997,0.022564317400177725,1.714567440013434,0.11950290923619972,,,,,,
2015-03,-0.0,1.5162529004702354,1.0,0.0,0.0,0.614,0.2687101185429525,1.5986853446257228,0.10023752907574097,,,,,,
2015-04,-0.0,1.5247404121919,1.0,0.0,0.0,0.9159999999999999,0.584514656232454,1.5755809308437485,0.20599782292211968,,,,,,
2015-05,-0.0,1.5329541332128653,1.0,0.0,0.0,1.5830000000000002,0.9506909228353679,1.2389306324569498,0.04632243614030212,,,,,,
2015-06,-0.0,1.5414416449345298,1.0,0.0,0.0,2.097,1.2380393108408903,0.43571388673519584,0.2245685771554373,,,,,,
2015-07,-0.0,1.5496553659554952,1.0,0.0,0.0,1.9809999999999999,1.3318166035253107,-0.25871132446841616,-0.21423221532201348,,,,,,
2015-08,-0.0,1.5581428776771598,1.0,0.0,0.0,2.334,1.3014610694690967,-0.628365009058137,-0.24388201999727413,,,,,,
2015-09,-0.0,1.566630389398824,1.0,0.0,0.0,2.479,1.4195663916366144,-0.8481869560497807,-0.37656023400009203,,,,,,
2015-10,-0.0,1.5748441104197897,1.0,0.0,0.0,2.201,1.0517190148631586,-0.7702413665781666,-0.3705230489286362,,,,,,
2015-11,-0.0,1.583331622141454,1.0,0.0,0.0,2.271,0.7921558026521973,-1.0248945950722168,-0.2877530085030199,,,,,,
2015-12,-0.0,1.5915453431624196,1.0,0.0,0.0,2.12,0.35034362567038213,-0.9016795925283267,-0.24388201999727382,,,,,,
2016-01,-0.0,1.6000328548840836,1.0,0.0,0.0,2.2159999999999997,0.29952235648510855,-0.807898720101329,-0.4398224744785964,,,,,,
2016-02,-0.0,1.6085203666057482,1.0,0.0,0.0,2.17,0.5071599114396531,-0.6731600878834443,-0.420912766584697,,,,,,
2016-03,-0.0,1.616460296926015,1.0,0.0,0.0,1.963,0.5710173751033892,-0.22764794760499016,-0.6471613208515884,,,,,,
2016-04,-0.0,1.6249478086476792,1.0,0.0,0.0,2.094,0.8236660125212508,0.39262817649666715,-0.5708666858809928,,,,,,
2016-05,-0.0,1.6331615296686448,1.0,0.0,0.0,1.7519999999999998,0.9268469961191376,0.482452393727762,-0.5453450104572961,,,,,,
2016-06,-0.0,1.641649041390309,1.0,0.0,0.0,1.053,0.891114367133363,0.28971045561155445,-0.7790470086288098,,,,,,
2016-07,-0.0,1.6498627624112747,1.0,0.0,0.0,0.35200000000000004,0.9059073456707732,-0.18324324123024552,-0.6863913690186195,,,,,,
2016-08,-0.0,1.658350274132939,1.0,0.0,0.0,0.16699999999999998,1.0099307864066116,-0.6780178893803271,-0.7233836960780841,,,,,,
2016-09,-0.0,1.6668377858546033,1.0,0.0,0.0,-0.11800000000000001,0.9735992558303777,-0.8378855064172902,-0.6884332895292743,,,,,,
2016-10,-0.0,1.675051506875569,1.0,0.0,0.0,-0.385,0.9871496049361635,-0.8539367915349293,-0.7561802960608608,,,,,,
2016-11,-0.0,1.6835390185972332,1.0,0.0,0.0,-0.209,1.0459315005063672,-0.9664510298790138,-0.9445940823585032,,,,,,
2016-12,-0.0,1.6917527396181988,1.0,0.0,0.0,-0.11,1.087760001062184,-1.1049849999969577,-1.033028354337648,,,,,,
2017-01,-0.0,1.7002402513398631,1.0,0.0,0.0,-0.052000000000000005,0.9263952553646333,-1.1763833028506623,-0.9877844306940304,,,,,,
2017-02,-0.0,1.7087277630615276,1.0,0.0,0.0,-0.043,0.9743481538703332,-1.225594545578224,-0.9844453312288329,,,,,,
2017-03,-0.0,1.7163939026810955,1.0,0.0,0.0,-0.08,0.6248948399846127,-1.3127054545421808,-1.009392425138973,,,,,,
2017-04,-0.0,1.7248814144027598,1.0,0.0,0.0,0.7440000000000001,-0.05779812020829274,-1.4132559975809593,-0.8412626482976299,,,,,,
2017-05,-0.0,1.7330951354237254,1.0,0.0,0.0,1.445,-0.8176458772847869,-1.11688581357361,-0.9805118370944386,,,,,,
2017-06,-0.0,1.7415826471453897,1.0,0.0,0.0,1.0390000000000001,-1.2198616921814964,-0.5837463529984276,-0.940041718480297,,,,,,
2017-07,-0.0,1.7497963681663553,1.0,0.0,0.0,0.456,-1.3921711156339525,-0.21322291364777934,-0.8730312951466181,,,,,,
2017-08,-0.0,1.7582838798880196,1.0,0.0,0.0,0.009000000000000001,-1.458534726464237,-0.13022051187834424,-0.8799542448231527,,,,,,
2017-09,-0.0,1.766771391609684,1.0,0.0,0.0,-0.478,-1.4954840679526118,-0.12577833203404862,-0.564435568656226,,,,,,
2017-10,-0.0,1.7749851126306495,1.0,0.0,0.0,-0.568,-1.5455076058113728,0.08230876783289473,-0.9650575756953043,,,,,,
2017-11,-0.0,1.783472624352314,1.0,0.0,0.0,-0.285,-1.348423236455,0.3820292338783828,-1.0797920635668208,,,,,,
2017-12,-0.0,1.7916863453732794,1.0,0.0,0.0,-0.5760000000000001,-1.04862713413627,0.7590168874676975,-1.1077122963026915,,,,,,
2018-01,-0.0,1.800173857094944,1.0,0.0,0.0,-0.623,-1.1942625789296968,0.6940617242134045,-1.1430962613160922,,,,,,
2018-02,-0.0,1.8086613688166082,1.0,0.0,0.0,-0.731,-1.3399977234852232,0.33896847247409045,-1.1430962613160922,,,,,,
2018-03,-0.0,1.816327508436176,1.0,0.0,0.0,-0.502,-1.3773240350689366,0.4333274337215648,-1.1430962613160922,,,,,,
2018-04,-0.0,1.8248150201578404,1.0,0.0,0.0,-0.43200000000000005,-1.2147582745082537,0.9487885409284277,-1.1430962613160922,,,,,,
2018-05,-0.0,1.833028741178806,1.0,0.0,0.0,0.465,-0.878466399705435,1.4622408256282204,-1.1430962613160922,,,,,,
2018-06,-0.0,1.8415162529004703,1.0,0.0,0.0,0.469,-0.14543001570245948,1.8783822036180835,-1.1430962613160922,,,,,,
2018-07,-0.0,1.849729973921436,1.0,0.0,0.0,0.076,0.3851815362475301,1.836900571763355,-1.1430962613160922,,,,,,
2018-08,-0.0,1.8582174856431002,1.0,0.0,0.0,0.132,0.8046694910412139,1.7433067631983288,-1.1430962613160922,,,,,,
2018-09,-0.0,1.8667049973647647,1.0,0.0,0.0,0.509,1.1856632905778748,1.3429239378776054,-1.1430962613160922,,,,,,
2018-10,-0.0,1.87491871838573,1.0,0.0,0.0,0.46799999999999997,1.351891189699678,0.9331598825173011,-1.1430962613160922,,,,,,
2018-11,-0.0,1.8834062301073946,1.0,0.0,0.0,0.698,1.6462194918107946,0.40134390721095453,-1.1430962613160922,,,,,,
2018-12,-0.0,1.89161995112836,1.0,0.0,0.0,0.698,1.642771466700707,-0.09320614409756432,-1.1430962613160922,,,,,,
